&&&& RUNNING TensorRT.trtexec [TensorRT v8502] # trtexec --onnx=model/resnet50int8/camera.vtransform.onnx --fp16 --inputIOFormats=fp16:chw, --outputIOFormats=fp16:chw, --saveEngine=model/resnet50int8/build/camera.vtransform.plan --memPoolSize=workspace:2048 --verbose --dumpLayerInfo --dumpProfile --separateProfileRun --profilingVerbosity=detailed --exportLayerInfo=model/resnet50int8/build/camera.vtransform.json
[04/01/2024-15:03:48] [I] === Model Options ===
[04/01/2024-15:03:48] [I] Format: ONNX
[04/01/2024-15:03:48] [I] Model: model/resnet50int8/camera.vtransform.onnx
[04/01/2024-15:03:48] [I] Output:
[04/01/2024-15:03:48] [I] === Build Options ===
[04/01/2024-15:03:48] [I] Max batch: explicit batch
[04/01/2024-15:03:48] [I] Memory Pools: workspace: 2048 MiB, dlaSRAM: default, dlaLocalDRAM: default, dlaGlobalDRAM: default
[04/01/2024-15:03:48] [I] minTiming: 1
[04/01/2024-15:03:48] [I] avgTiming: 8
[04/01/2024-15:03:48] [I] Precision: FP32+FP16
[04/01/2024-15:03:48] [I] LayerPrecisions: 
[04/01/2024-15:03:48] [I] Calibration: 
[04/01/2024-15:03:48] [I] Refit: Disabled
[04/01/2024-15:03:48] [I] Sparsity: Disabled
[04/01/2024-15:03:48] [I] Safe mode: Disabled
[04/01/2024-15:03:48] [I] DirectIO mode: Disabled
[04/01/2024-15:03:48] [I] Restricted mode: Disabled
[04/01/2024-15:03:48] [I] Build only: Disabled
[04/01/2024-15:03:48] [I] Save engine: model/resnet50int8/build/camera.vtransform.plan
[04/01/2024-15:03:48] [I] Load engine: 
[04/01/2024-15:03:48] [I] Profiling verbosity: 2
[04/01/2024-15:03:48] [I] Tactic sources: Using default tactic sources
[04/01/2024-15:03:48] [I] timingCacheMode: local
[04/01/2024-15:03:48] [I] timingCacheFile: 
[04/01/2024-15:03:48] [I] Heuristic: Disabled
[04/01/2024-15:03:48] [I] Preview Features: Use default preview flags.
[04/01/2024-15:03:48] [I] Input(s): fp16:chw
[04/01/2024-15:03:48] [I] Output(s): fp16:chw
[04/01/2024-15:03:48] [I] Input build shapes: model
[04/01/2024-15:03:48] [I] Input calibration shapes: model
[04/01/2024-15:03:48] [I] === System Options ===
[04/01/2024-15:03:48] [I] Device: 0
[04/01/2024-15:03:48] [I] DLACore: 
[04/01/2024-15:03:48] [I] Plugins:
[04/01/2024-15:03:48] [I] === Inference Options ===
[04/01/2024-15:03:48] [I] Batch: Explicit
[04/01/2024-15:03:48] [I] Input inference shapes: model
[04/01/2024-15:03:48] [I] Iterations: 10
[04/01/2024-15:03:48] [I] Duration: 3s (+ 200ms warm up)
[04/01/2024-15:03:48] [I] Sleep time: 0ms
[04/01/2024-15:03:48] [I] Idle time: 0ms
[04/01/2024-15:03:48] [I] Streams: 1
[04/01/2024-15:03:48] [I] ExposeDMA: Disabled
[04/01/2024-15:03:48] [I] Data transfers: Enabled
[04/01/2024-15:03:48] [I] Spin-wait: Disabled
[04/01/2024-15:03:48] [I] Multithreading: Disabled
[04/01/2024-15:03:48] [I] CUDA Graph: Disabled
[04/01/2024-15:03:48] [I] Separate profiling: Enabled
[04/01/2024-15:03:48] [I] Time Deserialize: Disabled
[04/01/2024-15:03:48] [I] Time Refit: Disabled
[04/01/2024-15:03:48] [I] NVTX verbosity: 2
[04/01/2024-15:03:48] [I] Persistent Cache Ratio: 0
[04/01/2024-15:03:48] [I] Inputs:
[04/01/2024-15:03:48] [I] === Reporting Options ===
[04/01/2024-15:03:48] [I] Verbose: Enabled
[04/01/2024-15:03:48] [I] Averages: 10 inferences
[04/01/2024-15:03:48] [I] Percentiles: 90,95,99
[04/01/2024-15:03:48] [I] Dump refittable layers:Disabled
[04/01/2024-15:03:48] [I] Dump output: Disabled
[04/01/2024-15:03:48] [I] Profile: Enabled
[04/01/2024-15:03:48] [I] Export timing to JSON file: 
[04/01/2024-15:03:48] [I] Export output to JSON file: 
[04/01/2024-15:03:48] [I] Export profile to JSON file: 
[04/01/2024-15:03:48] [I] 
[04/01/2024-15:03:48] [I] === Device Information ===
[04/01/2024-15:03:48] [I] Selected Device: Orin
[04/01/2024-15:03:48] [I] Compute Capability: 8.7
[04/01/2024-15:03:48] [I] SMs: 16
[04/01/2024-15:03:48] [I] Compute Clock Rate: 1.3 GHz
[04/01/2024-15:03:48] [I] Device Global Memory: 62796 MiB
[04/01/2024-15:03:48] [I] Shared Memory per SM: 164 KiB
[04/01/2024-15:03:48] [I] Memory Bus Width: 128 bits (ECC disabled)
[04/01/2024-15:03:48] [I] Memory Clock Rate: 1.3 GHz
[04/01/2024-15:03:48] [I] 
[04/01/2024-15:03:48] [I] TensorRT version: 8.5.2
[04/01/2024-15:03:48] [V] [TRT] Registered plugin creator - ::BatchedNMSDynamic_TRT version 1
[04/01/2024-15:03:48] [V] [TRT] Registered plugin creator - ::BatchedNMS_TRT version 1
[04/01/2024-15:03:48] [V] [TRT] Registered plugin creator - ::BatchTilePlugin_TRT version 1
[04/01/2024-15:03:48] [V] [TRT] Registered plugin creator - ::Clip_TRT version 1
[04/01/2024-15:03:48] [V] [TRT] Registered plugin creator - ::CoordConvAC version 1
[04/01/2024-15:03:48] [V] [TRT] Registered plugin creator - ::CropAndResizeDynamic version 1
[04/01/2024-15:03:48] [V] [TRT] Registered plugin creator - ::CropAndResize version 1
[04/01/2024-15:03:48] [V] [TRT] Registered plugin creator - ::DecodeBbox3DPlugin version 1
[04/01/2024-15:03:48] [V] [TRT] Registered plugin creator - ::DetectionLayer_TRT version 1
[04/01/2024-15:03:48] [V] [TRT] Registered plugin creator - ::EfficientNMS_Explicit_TF_TRT version 1
[04/01/2024-15:03:48] [V] [TRT] Registered plugin creator - ::EfficientNMS_Implicit_TF_TRT version 1
[04/01/2024-15:03:48] [V] [TRT] Registered plugin creator - ::EfficientNMS_ONNX_TRT version 1
[04/01/2024-15:03:48] [V] [TRT] Registered plugin creator - ::EfficientNMS_TRT version 1
[04/01/2024-15:03:48] [V] [TRT] Registered plugin creator - ::FlattenConcat_TRT version 1
[04/01/2024-15:03:48] [V] [TRT] Registered plugin creator - ::GenerateDetection_TRT version 1
[04/01/2024-15:03:48] [V] [TRT] Registered plugin creator - ::GridAnchor_TRT version 1
[04/01/2024-15:03:48] [V] [TRT] Registered plugin creator - ::GridAnchorRect_TRT version 1
[04/01/2024-15:03:48] [V] [TRT] Registered plugin creator - ::GroupNorm version 1
[04/01/2024-15:03:48] [V] [TRT] Registered plugin creator - ::InstanceNormalization_TRT version 1
[04/01/2024-15:03:48] [V] [TRT] Registered plugin creator - ::InstanceNormalization_TRT version 2
[04/01/2024-15:03:48] [V] [TRT] Registered plugin creator - ::LayerNorm version 1
[04/01/2024-15:03:48] [V] [TRT] Registered plugin creator - ::LReLU_TRT version 1
[04/01/2024-15:03:48] [V] [TRT] Registered plugin creator - ::MultilevelCropAndResize_TRT version 1
[04/01/2024-15:03:48] [V] [TRT] Registered plugin creator - ::MultilevelProposeROI_TRT version 1
[04/01/2024-15:03:48] [V] [TRT] Registered plugin creator - ::MultiscaleDeformableAttnPlugin_TRT version 1
[04/01/2024-15:03:48] [V] [TRT] Registered plugin creator - ::NMSDynamic_TRT version 1
[04/01/2024-15:03:48] [V] [TRT] Registered plugin creator - ::NMS_TRT version 1
[04/01/2024-15:03:48] [V] [TRT] Registered plugin creator - ::Normalize_TRT version 1
[04/01/2024-15:03:48] [V] [TRT] Registered plugin creator - ::PillarScatterPlugin version 1
[04/01/2024-15:03:48] [V] [TRT] Registered plugin creator - ::PriorBox_TRT version 1
[04/01/2024-15:03:48] [V] [TRT] Registered plugin creator - ::ProposalDynamic version 1
[04/01/2024-15:03:48] [V] [TRT] Registered plugin creator - ::ProposalLayer_TRT version 1
[04/01/2024-15:03:48] [V] [TRT] Registered plugin creator - ::Proposal version 1
[04/01/2024-15:03:48] [V] [TRT] Registered plugin creator - ::PyramidROIAlign_TRT version 1
[04/01/2024-15:03:48] [V] [TRT] Registered plugin creator - ::Region_TRT version 1
[04/01/2024-15:03:48] [V] [TRT] Registered plugin creator - ::Reorg_TRT version 1
[04/01/2024-15:03:48] [V] [TRT] Registered plugin creator - ::ResizeNearest_TRT version 1
[04/01/2024-15:03:48] [V] [TRT] Registered plugin creator - ::ROIAlign_TRT version 1
[04/01/2024-15:03:48] [V] [TRT] Registered plugin creator - ::RPROI_TRT version 1
[04/01/2024-15:03:48] [V] [TRT] Registered plugin creator - ::ScatterND version 1
[04/01/2024-15:03:48] [V] [TRT] Registered plugin creator - ::SeqLen2Spatial version 1
[04/01/2024-15:03:48] [V] [TRT] Registered plugin creator - ::SpecialSlice_TRT version 1
[04/01/2024-15:03:48] [V] [TRT] Registered plugin creator - ::SplitGeLU version 1
[04/01/2024-15:03:48] [V] [TRT] Registered plugin creator - ::Split version 1
[04/01/2024-15:03:48] [V] [TRT] Registered plugin creator - ::VoxelGeneratorPlugin version 1
[04/01/2024-15:03:49] [I] [TRT] [MemUsageChange] Init CUDA: CPU +220, GPU +0, now: CPU 249, GPU 24800 (MiB)
[04/01/2024-15:03:49] [V] [TRT] Trying to load shared library libnvinfer_builder_resource.so.8.5.2
[04/01/2024-15:03:49] [V] [TRT] Loaded shared library libnvinfer_builder_resource.so.8.5.2
[04/01/2024-15:03:50] [I] [TRT] [MemUsageChange] Init builder kernel library: CPU +302, GPU +341, now: CPU 574, GPU 25161 (MiB)
[04/01/2024-15:03:50] [I] Start parsing network model
[04/01/2024-15:03:50] [I] [TRT] ----------------------------------------------------------------
[04/01/2024-15:03:50] [I] [TRT] Input filename:   model/resnet50int8/camera.vtransform.onnx
[04/01/2024-15:03:50] [I] [TRT] ONNX IR version:  0.0.6
[04/01/2024-15:03:50] [I] [TRT] Opset version:    13
[04/01/2024-15:03:50] [I] [TRT] Producer name:    pytorch
[04/01/2024-15:03:50] [I] [TRT] Producer version: 1.9
[04/01/2024-15:03:50] [I] [TRT] Domain:           
[04/01/2024-15:03:50] [I] [TRT] Model version:    0
[04/01/2024-15:03:50] [I] [TRT] Doc string:       
[04/01/2024-15:03:50] [I] [TRT] ----------------------------------------------------------------
[04/01/2024-15:03:50] [V] [TRT] Plugin creator already registered - ::BatchedNMSDynamic_TRT version 1
[04/01/2024-15:03:50] [V] [TRT] Plugin creator already registered - ::BatchedNMS_TRT version 1
[04/01/2024-15:03:50] [V] [TRT] Plugin creator already registered - ::BatchTilePlugin_TRT version 1
[04/01/2024-15:03:50] [V] [TRT] Plugin creator already registered - ::Clip_TRT version 1
[04/01/2024-15:03:50] [V] [TRT] Plugin creator already registered - ::CoordConvAC version 1
[04/01/2024-15:03:50] [V] [TRT] Plugin creator already registered - ::CropAndResizeDynamic version 1
[04/01/2024-15:03:50] [V] [TRT] Plugin creator already registered - ::CropAndResize version 1
[04/01/2024-15:03:50] [V] [TRT] Plugin creator already registered - ::DecodeBbox3DPlugin version 1
[04/01/2024-15:03:50] [V] [TRT] Plugin creator already registered - ::DetectionLayer_TRT version 1
[04/01/2024-15:03:50] [V] [TRT] Plugin creator already registered - ::EfficientNMS_Explicit_TF_TRT version 1
[04/01/2024-15:03:50] [V] [TRT] Plugin creator already registered - ::EfficientNMS_Implicit_TF_TRT version 1
[04/01/2024-15:03:50] [V] [TRT] Plugin creator already registered - ::EfficientNMS_ONNX_TRT version 1
[04/01/2024-15:03:50] [V] [TRT] Plugin creator already registered - ::EfficientNMS_TRT version 1
[04/01/2024-15:03:50] [V] [TRT] Plugin creator already registered - ::FlattenConcat_TRT version 1
[04/01/2024-15:03:50] [V] [TRT] Plugin creator already registered - ::GenerateDetection_TRT version 1
[04/01/2024-15:03:50] [V] [TRT] Plugin creator already registered - ::GridAnchor_TRT version 1
[04/01/2024-15:03:50] [V] [TRT] Plugin creator already registered - ::GridAnchorRect_TRT version 1
[04/01/2024-15:03:50] [V] [TRT] Plugin creator already registered - ::GroupNorm version 1
[04/01/2024-15:03:50] [V] [TRT] Plugin creator already registered - ::InstanceNormalization_TRT version 1
[04/01/2024-15:03:50] [V] [TRT] Plugin creator already registered - ::InstanceNormalization_TRT version 2
[04/01/2024-15:03:50] [V] [TRT] Plugin creator already registered - ::LayerNorm version 1
[04/01/2024-15:03:50] [V] [TRT] Plugin creator already registered - ::LReLU_TRT version 1
[04/01/2024-15:03:50] [V] [TRT] Plugin creator already registered - ::MultilevelCropAndResize_TRT version 1
[04/01/2024-15:03:50] [V] [TRT] Plugin creator already registered - ::MultilevelProposeROI_TRT version 1
[04/01/2024-15:03:50] [V] [TRT] Plugin creator already registered - ::MultiscaleDeformableAttnPlugin_TRT version 1
[04/01/2024-15:03:50] [V] [TRT] Plugin creator already registered - ::NMSDynamic_TRT version 1
[04/01/2024-15:03:50] [V] [TRT] Plugin creator already registered - ::NMS_TRT version 1
[04/01/2024-15:03:50] [V] [TRT] Plugin creator already registered - ::Normalize_TRT version 1
[04/01/2024-15:03:50] [V] [TRT] Plugin creator already registered - ::PillarScatterPlugin version 1
[04/01/2024-15:03:50] [V] [TRT] Plugin creator already registered - ::PriorBox_TRT version 1
[04/01/2024-15:03:50] [V] [TRT] Plugin creator already registered - ::ProposalDynamic version 1
[04/01/2024-15:03:50] [V] [TRT] Plugin creator already registered - ::ProposalLayer_TRT version 1
[04/01/2024-15:03:50] [V] [TRT] Plugin creator already registered - ::Proposal version 1
[04/01/2024-15:03:50] [V] [TRT] Plugin creator already registered - ::PyramidROIAlign_TRT version 1
[04/01/2024-15:03:50] [V] [TRT] Plugin creator already registered - ::Region_TRT version 1
[04/01/2024-15:03:50] [V] [TRT] Plugin creator already registered - ::Reorg_TRT version 1
[04/01/2024-15:03:50] [V] [TRT] Plugin creator already registered - ::ResizeNearest_TRT version 1
[04/01/2024-15:03:50] [V] [TRT] Plugin creator already registered - ::ROIAlign_TRT version 1
[04/01/2024-15:03:50] [V] [TRT] Plugin creator already registered - ::RPROI_TRT version 1
[04/01/2024-15:03:50] [V] [TRT] Plugin creator already registered - ::ScatterND version 1
[04/01/2024-15:03:50] [V] [TRT] Plugin creator already registered - ::SeqLen2Spatial version 1
[04/01/2024-15:03:50] [V] [TRT] Plugin creator already registered - ::SpecialSlice_TRT version 1
[04/01/2024-15:03:50] [V] [TRT] Plugin creator already registered - ::SplitGeLU version 1
[04/01/2024-15:03:50] [V] [TRT] Plugin creator already registered - ::Split version 1
[04/01/2024-15:03:50] [V] [TRT] Plugin creator already registered - ::VoxelGeneratorPlugin version 1
[04/01/2024-15:03:50] [V] [TRT] Adding network input: feat_in with dtype: float32, dimensions: (1, 80, 360, 360)
[04/01/2024-15:03:50] [V] [TRT] Registering tensor: feat_in for ONNX tensor: feat_in
[04/01/2024-15:03:50] [V] [TRT] Importing initializer: 0.weight
[04/01/2024-15:03:50] [V] [TRT] Importing initializer: 0.bias
[04/01/2024-15:03:50] [V] [TRT] Importing initializer: 3.weight
[04/01/2024-15:03:50] [V] [TRT] Importing initializer: 3.bias
[04/01/2024-15:03:50] [V] [TRT] Importing initializer: 6.weight
[04/01/2024-15:03:50] [V] [TRT] Importing initializer: 6.bias
[04/01/2024-15:03:50] [V] [TRT] Parsing node: Conv_0 [Conv]
[04/01/2024-15:03:50] [V] [TRT] Searching for input: feat_in
[04/01/2024-15:03:50] [V] [TRT] Searching for input: 0.weight
[04/01/2024-15:03:50] [V] [TRT] Searching for input: 0.bias
[04/01/2024-15:03:50] [V] [TRT] Conv_0 [Conv] inputs: [feat_in -> (1, 80, 360, 360)[FLOAT]], [0.weight -> (80, 80, 3, 3)[FLOAT]], [0.bias -> (80)[FLOAT]], 
[04/01/2024-15:03:50] [V] [TRT] Convolution input dimensions: (1, 80, 360, 360)
[04/01/2024-15:03:50] [V] [TRT] Registering layer: Conv_0 for ONNX node: Conv_0
[04/01/2024-15:03:50] [V] [TRT] Using kernel: (3, 3), strides: (1, 1), prepadding: (1, 1), postpadding: (1, 1), dilations: (1, 1), numOutputs: 80
[04/01/2024-15:03:50] [V] [TRT] Convolution output dimensions: (1, 80, 360, 360)
[04/01/2024-15:03:50] [V] [TRT] Registering tensor: 7 for ONNX tensor: 7
[04/01/2024-15:03:50] [V] [TRT] Conv_0 [Conv] outputs: [7 -> (1, 80, 360, 360)[FLOAT]], 
[04/01/2024-15:03:50] [V] [TRT] Parsing node: Relu_1 [Relu]
[04/01/2024-15:03:50] [V] [TRT] Searching for input: 7
[04/01/2024-15:03:50] [V] [TRT] Relu_1 [Relu] inputs: [7 -> (1, 80, 360, 360)[FLOAT]], 
[04/01/2024-15:03:50] [V] [TRT] Registering layer: Relu_1 for ONNX node: Relu_1
[04/01/2024-15:03:50] [V] [TRT] Registering tensor: 8 for ONNX tensor: 8
[04/01/2024-15:03:50] [V] [TRT] Relu_1 [Relu] outputs: [8 -> (1, 80, 360, 360)[FLOAT]], 
[04/01/2024-15:03:50] [V] [TRT] Parsing node: Conv_2 [Conv]
[04/01/2024-15:03:50] [V] [TRT] Searching for input: 8
[04/01/2024-15:03:50] [V] [TRT] Searching for input: 3.weight
[04/01/2024-15:03:50] [V] [TRT] Searching for input: 3.bias
[04/01/2024-15:03:50] [V] [TRT] Conv_2 [Conv] inputs: [8 -> (1, 80, 360, 360)[FLOAT]], [3.weight -> (80, 80, 3, 3)[FLOAT]], [3.bias -> (80)[FLOAT]], 
[04/01/2024-15:03:50] [V] [TRT] Convolution input dimensions: (1, 80, 360, 360)
[04/01/2024-15:03:50] [V] [TRT] Registering layer: Conv_2 for ONNX node: Conv_2
[04/01/2024-15:03:50] [V] [TRT] Using kernel: (3, 3), strides: (2, 2), prepadding: (1, 1), postpadding: (1, 1), dilations: (1, 1), numOutputs: 80
[04/01/2024-15:03:50] [V] [TRT] Convolution output dimensions: (1, 80, 180, 180)
[04/01/2024-15:03:50] [V] [TRT] Registering tensor: 9 for ONNX tensor: 9
[04/01/2024-15:03:50] [V] [TRT] Conv_2 [Conv] outputs: [9 -> (1, 80, 180, 180)[FLOAT]], 
[04/01/2024-15:03:50] [V] [TRT] Parsing node: Relu_3 [Relu]
[04/01/2024-15:03:50] [V] [TRT] Searching for input: 9
[04/01/2024-15:03:50] [V] [TRT] Relu_3 [Relu] inputs: [9 -> (1, 80, 180, 180)[FLOAT]], 
[04/01/2024-15:03:50] [V] [TRT] Registering layer: Relu_3 for ONNX node: Relu_3
[04/01/2024-15:03:50] [V] [TRT] Registering tensor: 10 for ONNX tensor: 10
[04/01/2024-15:03:50] [V] [TRT] Relu_3 [Relu] outputs: [10 -> (1, 80, 180, 180)[FLOAT]], 
[04/01/2024-15:03:50] [V] [TRT] Parsing node: Conv_4 [Conv]
[04/01/2024-15:03:50] [V] [TRT] Searching for input: 10
[04/01/2024-15:03:50] [V] [TRT] Searching for input: 6.weight
[04/01/2024-15:03:50] [V] [TRT] Searching for input: 6.bias
[04/01/2024-15:03:50] [V] [TRT] Conv_4 [Conv] inputs: [10 -> (1, 80, 180, 180)[FLOAT]], [6.weight -> (80, 80, 3, 3)[FLOAT]], [6.bias -> (80)[FLOAT]], 
[04/01/2024-15:03:50] [V] [TRT] Convolution input dimensions: (1, 80, 180, 180)
[04/01/2024-15:03:50] [V] [TRT] Registering layer: Conv_4 for ONNX node: Conv_4
[04/01/2024-15:03:50] [V] [TRT] Using kernel: (3, 3), strides: (1, 1), prepadding: (1, 1), postpadding: (1, 1), dilations: (1, 1), numOutputs: 80
[04/01/2024-15:03:50] [V] [TRT] Convolution output dimensions: (1, 80, 180, 180)
[04/01/2024-15:03:50] [V] [TRT] Registering tensor: 11 for ONNX tensor: 11
[04/01/2024-15:03:50] [V] [TRT] Conv_4 [Conv] outputs: [11 -> (1, 80, 180, 180)[FLOAT]], 
[04/01/2024-15:03:50] [V] [TRT] Parsing node: Relu_5 [Relu]
[04/01/2024-15:03:50] [V] [TRT] Searching for input: 11
[04/01/2024-15:03:50] [V] [TRT] Relu_5 [Relu] inputs: [11 -> (1, 80, 180, 180)[FLOAT]], 
[04/01/2024-15:03:50] [V] [TRT] Registering layer: Relu_5 for ONNX node: Relu_5
[04/01/2024-15:03:50] [V] [TRT] Registering tensor: feat_out_0 for ONNX tensor: feat_out
[04/01/2024-15:03:50] [V] [TRT] Relu_5 [Relu] outputs: [feat_out -> (1, 80, 180, 180)[FLOAT]], 
[04/01/2024-15:03:50] [V] [TRT] Marking feat_out_0 as output: feat_out
[04/01/2024-15:03:50] [I] Finish parsing network model
[04/01/2024-15:03:50] [V] [TRT] Original: 6 layers
[04/01/2024-15:03:50] [V] [TRT] After dead-layer removal: 6 layers
[04/01/2024-15:03:50] [V] [TRT] Applying generic optimizations to the graph for inference.
[04/01/2024-15:03:50] [V] [TRT] After Myelin optimization: 6 layers
[04/01/2024-15:03:50] [V] [TRT] Applying ScaleNodes fusions.
[04/01/2024-15:03:50] [V] [TRT] After scale fusion: 6 layers
[04/01/2024-15:03:50] [V] [TRT] Running: ConvReluFusion on Conv_0
[04/01/2024-15:03:50] [V] [TRT] ConvReluFusion: Fusing Conv_0 with Relu_1
[04/01/2024-15:03:50] [V] [TRT] Running: ConvReluFusion on Conv_2
[04/01/2024-15:03:50] [V] [TRT] ConvReluFusion: Fusing Conv_2 with Relu_3
[04/01/2024-15:03:50] [V] [TRT] Running: ConvReluFusion on Conv_4
[04/01/2024-15:03:50] [V] [TRT] ConvReluFusion: Fusing Conv_4 with Relu_5
[04/01/2024-15:03:50] [V] [TRT] After dupe layer removal: 3 layers
[04/01/2024-15:03:50] [V] [TRT] After final dead-layer removal: 3 layers
[04/01/2024-15:03:50] [V] [TRT] After tensor merging: 3 layers
[04/01/2024-15:03:50] [V] [TRT] After vertical fusions: 3 layers
[04/01/2024-15:03:50] [V] [TRT] After dupe layer removal: 3 layers
[04/01/2024-15:03:50] [V] [TRT] After final dead-layer removal: 3 layers
[04/01/2024-15:03:50] [V] [TRT] After tensor merging: 3 layers
[04/01/2024-15:03:50] [V] [TRT] After slice removal: 3 layers
[04/01/2024-15:03:50] [V] [TRT] After concat removal: 3 layers
[04/01/2024-15:03:50] [V] [TRT] Trying to split Reshape and strided tensor
[04/01/2024-15:03:50] [V] [TRT] Graph construction and optimization completed in 0.00171126 seconds.
[04/01/2024-15:03:50] [I] [TRT] ---------- Layers Running on DLA ----------
[04/01/2024-15:03:50] [I] [TRT] ---------- Layers Running on GPU ----------
[04/01/2024-15:03:50] [I] [TRT] [GpuLayer] CONVOLUTION: Conv_0 + Relu_1
[04/01/2024-15:03:50] [I] [TRT] [GpuLayer] CONVOLUTION: Conv_2 + Relu_3
[04/01/2024-15:03:50] [I] [TRT] [GpuLayer] CONVOLUTION: Conv_4 + Relu_5
[04/01/2024-15:03:50] [V] [TRT] Trying to load shared library libcublas.so.11
[04/01/2024-15:03:50] [V] [TRT] Loaded shared library libcublas.so.11
[04/01/2024-15:03:51] [V] [TRT] Using cublas as plugin tactic source
[04/01/2024-15:03:51] [V] [TRT] Trying to load shared library libcublasLt.so.11
[04/01/2024-15:03:51] [V] [TRT] Loaded shared library libcublasLt.so.11
[04/01/2024-15:03:51] [V] [TRT] Using cublasLt as core library tactic source
[04/01/2024-15:03:51] [I] [TRT] [MemUsageChange] Init cuBLAS/cuBLASLt: CPU +534, GPU +505, now: CPU 1109, GPU 25668 (MiB)
[04/01/2024-15:03:51] [V] [TRT] Trying to load shared library libcudnn.so.8
[04/01/2024-15:03:51] [V] [TRT] Loaded shared library libcudnn.so.8
[04/01/2024-15:03:51] [V] [TRT] Using cuDNN as plugin tactic source
[04/01/2024-15:03:51] [V] [TRT] Using cuDNN as core library tactic source
[04/01/2024-15:03:51] [I] [TRT] [MemUsageChange] Init cuDNN: CPU +82, GPU +86, now: CPU 1191, GPU 25754 (MiB)
[04/01/2024-15:03:51] [I] [TRT] Local timing cache in use. Profiling results in this builder pass will not be stored.
[04/01/2024-15:03:51] [V] [TRT] Constructing optimization profile number 0 [1/1].
[04/01/2024-15:03:51] [V] [TRT] Reserving memory for host IO tensors. Host: 0 bytes
[04/01/2024-15:03:51] [V] [TRT] =============== Computing reformatting costs: 
[04/01/2024-15:03:51] [V] [TRT] *************** Autotuning Reformat: Half(10368000,129600,360,1) -> Float(10368000,129600,360,1) ***************
[04/01/2024-15:03:51] [V] [TRT] --------------- Timing Runner: Optimizer Reformat(feat_in -> <out>) (Reformat)
[04/01/2024-15:03:51] [W] [TRT] Unknown embedded device detected. Using 59656MiB as the allocation cap for memory on embedded devices.
[04/01/2024-15:03:51] [V] [TRT] Tactic: 0x00000000000003e8 Time: 0.366597
[04/01/2024-15:03:51] [W] [TRT] Unknown embedded device detected. Using 59656MiB as the allocation cap for memory on embedded devices.
[04/01/2024-15:03:51] [V] [TRT] Tactic: 0x00000000000003ea Time: 0.480617
[04/01/2024-15:03:51] [W] [TRT] Unknown embedded device detected. Using 59656MiB as the allocation cap for memory on embedded devices.
[04/01/2024-15:03:51] [V] [TRT] Tactic: 0x0000000000000000 Time: 0.698779
[04/01/2024-15:03:51] [V] [TRT] Fastest Tactic: 0x00000000000003e8 Time: 0.366597
[04/01/2024-15:03:51] [V] [TRT] *************** Autotuning Reformat: Half(10368000,129600,360,1) -> Float(10368000,1,28800,80) ***************
[04/01/2024-15:03:51] [V] [TRT] --------------- Timing Runner: Optimizer Reformat(feat_in -> <out>) (Reformat)
[04/01/2024-15:03:51] [W] [TRT] Unknown embedded device detected. Using 59656MiB as the allocation cap for memory on embedded devices.
[04/01/2024-15:03:51] [V] [TRT] Tactic: 0x00000000000003e8 Time: 1.23541
[04/01/2024-15:03:51] [W] [TRT] Unknown embedded device detected. Using 59656MiB as the allocation cap for memory on embedded devices.
[04/01/2024-15:03:51] [V] [TRT] Tactic: 0x00000000000003ea Time: 0.441339
[04/01/2024-15:03:51] [W] [TRT] Unknown embedded device detected. Using 59656MiB as the allocation cap for memory on embedded devices.
[04/01/2024-15:03:51] [V] [TRT] Tactic: 0x0000000000000000 Time: 1.23058
[04/01/2024-15:03:51] [V] [TRT] Fastest Tactic: 0x00000000000003ea Time: 0.441339
[04/01/2024-15:03:51] [V] [TRT] *************** Autotuning Reformat: Half(10368000,129600,360,1) -> Float(2592000,1:4,7200,20) ***************
[04/01/2024-15:03:51] [V] [TRT] --------------- Timing Runner: Optimizer Reformat(feat_in -> <out>) (Reformat)
[04/01/2024-15:03:51] [W] [TRT] Unknown embedded device detected. Using 59656MiB as the allocation cap for memory on embedded devices.
[04/01/2024-15:03:51] [V] [TRT] Tactic: 0x00000000000003e8 Time: 1.21851
[04/01/2024-15:03:51] [W] [TRT] Unknown embedded device detected. Using 59656MiB as the allocation cap for memory on embedded devices.
[04/01/2024-15:03:51] [V] [TRT] Tactic: 0x00000000000003ea Time: 0.519506
[04/01/2024-15:03:51] [W] [TRT] Unknown embedded device detected. Using 59656MiB as the allocation cap for memory on embedded devices.
[04/01/2024-15:03:51] [V] [TRT] Tactic: 0x0000000000000000 Time: 1.22299
[04/01/2024-15:03:51] [V] [TRT] Fastest Tactic: 0x00000000000003ea Time: 0.519506
[04/01/2024-15:03:51] [V] [TRT] *************** Autotuning Reformat: Half(10368000,129600,360,1) -> Half(5184000,129600:2,360,1) ***************
[04/01/2024-15:03:51] [V] [TRT] --------------- Timing Runner: Optimizer Reformat(feat_in -> <out>) (Reformat)
[04/01/2024-15:03:51] [W] [TRT] Unknown embedded device detected. Using 59656MiB as the allocation cap for memory on embedded devices.
[04/01/2024-15:03:51] [V] [TRT] Tactic: 0x00000000000003e8 Time: 0.596631
[04/01/2024-15:03:52] [W] [TRT] Unknown embedded device detected. Using 59656MiB as the allocation cap for memory on embedded devices.
[04/01/2024-15:03:52] [V] [TRT] Tactic: 0x00000000000003ea Time: 0.320169
[04/01/2024-15:03:52] [W] [TRT] Unknown embedded device detected. Using 59656MiB as the allocation cap for memory on embedded devices.
[04/01/2024-15:03:52] [V] [TRT] Tactic: 0x0000000000000000 Time: 0.481783
[04/01/2024-15:03:52] [V] [TRT] Fastest Tactic: 0x00000000000003ea Time: 0.320169
[04/01/2024-15:03:52] [V] [TRT] *************** Autotuning Reformat: Half(10368000,129600,360,1) -> Half(2592000,1:4,7200,20) ***************
[04/01/2024-15:03:52] [V] [TRT] --------------- Timing Runner: Optimizer Reformat(feat_in -> <out>) (Reformat)
[04/01/2024-15:03:52] [W] [TRT] Unknown embedded device detected. Using 59656MiB as the allocation cap for memory on embedded devices.
[04/01/2024-15:03:52] [V] [TRT] Tactic: 0x00000000000003e8 Time: 1.24113
[04/01/2024-15:03:52] [W] [TRT] Unknown embedded device detected. Using 59656MiB as the allocation cap for memory on embedded devices.
[04/01/2024-15:03:52] [V] [TRT] Tactic: 0x00000000000003ea Time: 1.09745
[04/01/2024-15:03:52] [W] [TRT] Unknown embedded device detected. Using 59656MiB as the allocation cap for memory on embedded devices.
[04/01/2024-15:03:52] [V] [TRT] Tactic: 0x0000000000000000 Time: 1.22651
[04/01/2024-15:03:52] [V] [TRT] Fastest Tactic: 0x00000000000003ea Time: 1.09745
[04/01/2024-15:03:52] [V] [TRT] *************** Autotuning Reformat: Half(10368000,129600,360,1) -> Half(1296000,1:8,3600,10) ***************
[04/01/2024-15:03:52] [V] [TRT] --------------- Timing Runner: Optimizer Reformat(feat_in -> <out>) (Reformat)
[04/01/2024-15:03:52] [W] [TRT] Unknown embedded device detected. Using 59656MiB as the allocation cap for memory on embedded devices.
[04/01/2024-15:03:52] [V] [TRT] Tactic: 0x00000000000003e8 Time: 1.23285
[04/01/2024-15:03:52] [W] [TRT] Unknown embedded device detected. Using 59656MiB as the allocation cap for memory on embedded devices.
[04/01/2024-15:03:52] [V] [TRT] Tactic: 0x00000000000003ea Time: 0.263968
[04/01/2024-15:03:52] [W] [TRT] Unknown embedded device detected. Using 59656MiB as the allocation cap for memory on embedded devices.
[04/01/2024-15:03:52] [V] [TRT] Tactic: 0x0000000000000000 Time: 0.352352
[04/01/2024-15:03:52] [V] [TRT] Fastest Tactic: 0x00000000000003ea Time: 0.263968
[04/01/2024-15:03:52] [V] [TRT] =============== Computing reformatting costs: 
[04/01/2024-15:03:52] [V] [TRT] *************** Autotuning Reformat: Float(10368000,129600,360,1) -> Float(10368000,1,28800,80) ***************
[04/01/2024-15:03:52] [V] [TRT] --------------- Timing Runner: Optimizer Reformat(8 -> <out>) (Reformat)
[04/01/2024-15:03:52] [W] [TRT] Unknown embedded device detected. Using 59656MiB as the allocation cap for memory on embedded devices.
[04/01/2024-15:03:52] [V] [TRT] Tactic: 0x00000000000003e8 Time: 1.45652
[04/01/2024-15:03:52] [W] [TRT] Unknown embedded device detected. Using 59656MiB as the allocation cap for memory on embedded devices.
[04/01/2024-15:03:52] [V] [TRT] Tactic: 0x00000000000003ea Time: 0.622761
[04/01/2024-15:03:52] [W] [TRT] Unknown embedded device detected. Using 59656MiB as the allocation cap for memory on embedded devices.
[04/01/2024-15:03:52] [V] [TRT] Tactic: 0x0000000000000000 Time: 1.45618
[04/01/2024-15:03:52] [V] [TRT] Fastest Tactic: 0x00000000000003ea Time: 0.622761
[04/01/2024-15:03:52] [V] [TRT] *************** Autotuning Reformat: Float(10368000,129600,360,1) -> Float(2592000,1:4,7200,20) ***************
[04/01/2024-15:03:52] [V] [TRT] --------------- Timing Runner: Optimizer Reformat(8 -> <out>) (Reformat)
[04/01/2024-15:03:52] [W] [TRT] Unknown embedded device detected. Using 59656MiB as the allocation cap for memory on embedded devices.
[04/01/2024-15:03:52] [V] [TRT] Tactic: 0x00000000000003e8 Time: 1.44664
[04/01/2024-15:03:52] [W] [TRT] Unknown embedded device detected. Using 59656MiB as the allocation cap for memory on embedded devices.
[04/01/2024-15:03:52] [V] [TRT] Tactic: 0x00000000000003ea Time: 0.636
[04/01/2024-15:03:52] [W] [TRT] Unknown embedded device detected. Using 59656MiB as the allocation cap for memory on embedded devices.
[04/01/2024-15:03:52] [V] [TRT] Tactic: 0x0000000000000000 Time: 1.43602
[04/01/2024-15:03:52] [V] [TRT] Fastest Tactic: 0x00000000000003ea Time: 0.636
[04/01/2024-15:03:52] [V] [TRT] *************** Autotuning Reformat: Float(10368000,129600,360,1) -> Half(10368000,129600,360,1) ***************
[04/01/2024-15:03:52] [V] [TRT] --------------- Timing Runner: Optimizer Reformat(8 -> <out>) (Reformat)
[04/01/2024-15:03:52] [W] [TRT] Unknown embedded device detected. Using 59656MiB as the allocation cap for memory on embedded devices.
[04/01/2024-15:03:52] [V] [TRT] Tactic: 0x00000000000003e8 Time: 0.344146
[04/01/2024-15:03:52] [W] [TRT] Unknown embedded device detected. Using 59656MiB as the allocation cap for memory on embedded devices.
[04/01/2024-15:03:52] [V] [TRT] Tactic: 0x00000000000003ea Time: 0.474226
[04/01/2024-15:03:52] [W] [TRT] Unknown embedded device detected. Using 59656MiB as the allocation cap for memory on embedded devices.
[04/01/2024-15:03:52] [V] [TRT] Tactic: 0x0000000000000000 Time: 0.771707
[04/01/2024-15:03:52] [V] [TRT] Fastest Tactic: 0x00000000000003e8 Time: 0.344146
[04/01/2024-15:03:52] [V] [TRT] *************** Autotuning Reformat: Float(10368000,129600,360,1) -> Half(5184000,129600:2,360,1) ***************
[04/01/2024-15:03:52] [V] [TRT] --------------- Timing Runner: Optimizer Reformat(8 -> <out>) (Reformat)
[04/01/2024-15:03:52] [W] [TRT] Unknown embedded device detected. Using 59656MiB as the allocation cap for memory on embedded devices.
[04/01/2024-15:03:52] [V] [TRT] Tactic: 0x00000000000003e8 Time: 0.634642
[04/01/2024-15:03:52] [W] [TRT] Unknown embedded device detected. Using 59656MiB as the allocation cap for memory on embedded devices.
[04/01/2024-15:03:52] [V] [TRT] Tactic: 0x00000000000003ea Time: 0.563634
[04/01/2024-15:03:52] [W] [TRT] Unknown embedded device detected. Using 59656MiB as the allocation cap for memory on embedded devices.
[04/01/2024-15:03:52] [V] [TRT] Tactic: 0x0000000000000000 Time: 0.501595
[04/01/2024-15:03:52] [V] [TRT] Fastest Tactic: 0x0000000000000000 Time: 0.501595
[04/01/2024-15:03:52] [V] [TRT] *************** Autotuning Reformat: Float(10368000,129600,360,1) -> Half(2592000,1:4,7200,20) ***************
[04/01/2024-15:03:52] [V] [TRT] --------------- Timing Runner: Optimizer Reformat(8 -> <out>) (Reformat)
[04/01/2024-15:03:52] [W] [TRT] Unknown embedded device detected. Using 59656MiB as the allocation cap for memory on embedded devices.
[04/01/2024-15:03:52] [V] [TRT] Tactic: 0x00000000000003e8 Time: 1.47831
[04/01/2024-15:03:52] [W] [TRT] Unknown embedded device detected. Using 59656MiB as the allocation cap for memory on embedded devices.
[04/01/2024-15:03:52] [V] [TRT] Tactic: 0x00000000000003ea Time: 0.434057
[04/01/2024-15:03:52] [W] [TRT] Unknown embedded device detected. Using 59656MiB as the allocation cap for memory on embedded devices.
[04/01/2024-15:03:52] [V] [TRT] Tactic: 0x0000000000000000 Time: 1.45346
[04/01/2024-15:03:52] [V] [TRT] Fastest Tactic: 0x00000000000003ea Time: 0.434057
[04/01/2024-15:03:52] [V] [TRT] *************** Autotuning Reformat: Float(10368000,129600,360,1) -> Half(1296000,1:8,3600,10) ***************
[04/01/2024-15:03:52] [V] [TRT] --------------- Timing Runner: Optimizer Reformat(8 -> <out>) (Reformat)
[04/01/2024-15:03:52] [W] [TRT] Unknown embedded device detected. Using 59656MiB as the allocation cap for memory on embedded devices.
[04/01/2024-15:03:52] [V] [TRT] Tactic: 0x00000000000003e8 Time: 1.4627
[04/01/2024-15:03:52] [W] [TRT] Unknown embedded device detected. Using 59656MiB as the allocation cap for memory on embedded devices.
[04/01/2024-15:03:52] [V] [TRT] Tactic: 0x00000000000003ea Time: 0.435355
[04/01/2024-15:03:52] [W] [TRT] Unknown embedded device detected. Using 59656MiB as the allocation cap for memory on embedded devices.
[04/01/2024-15:03:52] [V] [TRT] Tactic: 0x0000000000000000 Time: 0.388014
[04/01/2024-15:03:52] [V] [TRT] Fastest Tactic: 0x0000000000000000 Time: 0.388014
[04/01/2024-15:03:52] [V] [TRT] *************** Autotuning Reformat: Float(10368000,1,28800,80) -> Float(10368000,129600,360,1) ***************
[04/01/2024-15:03:52] [V] [TRT] --------------- Timing Runner: Optimizer Reformat(8 -> <out>) (Reformat)
[04/01/2024-15:03:52] [W] [TRT] Unknown embedded device detected. Using 59656MiB as the allocation cap for memory on embedded devices.
[04/01/2024-15:03:52] [V] [TRT] Tactic: 0x00000000000003e8 Time: 2.72084
[04/01/2024-15:03:52] [W] [TRT] Unknown embedded device detected. Using 59656MiB as the allocation cap for memory on embedded devices.
[04/01/2024-15:03:52] [V] [TRT] Tactic: 0x00000000000003ea Time: 0.704297
[04/01/2024-15:03:52] [W] [TRT] Unknown embedded device detected. Using 59656MiB as the allocation cap for memory on embedded devices.
[04/01/2024-15:03:52] [V] [TRT] Tactic: 0x0000000000000000 Time: 4.36911
[04/01/2024-15:03:52] [V] [TRT] Fastest Tactic: 0x00000000000003ea Time: 0.704297
[04/01/2024-15:03:52] [V] [TRT] *************** Autotuning Reformat: Float(10368000,1,28800,80) -> Float(2592000,1:4,7200,20) ***************
[04/01/2024-15:03:52] [V] [TRT] --------------- Timing Runner: Optimizer Reformat(8 -> <out>) (Reformat)
[04/01/2024-15:03:52] [W] [TRT] Unknown embedded device detected. Using 59656MiB as the allocation cap for memory on embedded devices.
[04/01/2024-15:03:52] [V] [TRT] Tactic: 0x00000000000003e8 Time: 0.667538
[04/01/2024-15:03:52] [W] [TRT] Unknown embedded device detected. Using 59656MiB as the allocation cap for memory on embedded devices.
[04/01/2024-15:03:52] [V] [TRT] Tactic: 0x00000000000003ea Time: 0.584256
[04/01/2024-15:03:52] [W] [TRT] Unknown embedded device detected. Using 59656MiB as the allocation cap for memory on embedded devices.
[04/01/2024-15:03:52] [V] [TRT] Tactic: 0x0000000000000000 Time: 0.673275
[04/01/2024-15:03:52] [V] [TRT] Fastest Tactic: 0x00000000000003ea Time: 0.584256
[04/01/2024-15:03:52] [V] [TRT] *************** Autotuning Reformat: Float(10368000,1,28800,80) -> Half(10368000,129600,360,1) ***************
[04/01/2024-15:03:52] [V] [TRT] --------------- Timing Runner: Optimizer Reformat(8 -> <out>) (Reformat)
[04/01/2024-15:03:52] [W] [TRT] Unknown embedded device detected. Using 59656MiB as the allocation cap for memory on embedded devices.
[04/01/2024-15:03:52] [V] [TRT] Tactic: 0x00000000000003e8 Time: 2.90207
[04/01/2024-15:03:52] [W] [TRT] Unknown embedded device detected. Using 59656MiB as the allocation cap for memory on embedded devices.
[04/01/2024-15:03:52] [V] [TRT] Tactic: 0x00000000000003ea Time: 0.510478
[04/01/2024-15:03:52] [W] [TRT] Unknown embedded device detected. Using 59656MiB as the allocation cap for memory on embedded devices.
[04/01/2024-15:03:52] [V] [TRT] Tactic: 0x0000000000000000 Time: 2.60903
[04/01/2024-15:03:52] [V] [TRT] Fastest Tactic: 0x00000000000003ea Time: 0.510478
[04/01/2024-15:03:52] [V] [TRT] *************** Autotuning Reformat: Float(10368000,1,28800,80) -> Half(5184000,129600:2,360,1) ***************
[04/01/2024-15:03:52] [V] [TRT] --------------- Timing Runner: Optimizer Reformat(8 -> <out>) (Reformat)
[04/01/2024-15:03:52] [W] [TRT] Unknown embedded device detected. Using 59656MiB as the allocation cap for memory on embedded devices.
[04/01/2024-15:03:52] [V] [TRT] Tactic: 0x00000000000003e8 Time: 2.97347
[04/01/2024-15:03:52] [W] [TRT] Unknown embedded device detected. Using 59656MiB as the allocation cap for memory on embedded devices.
[04/01/2024-15:03:52] [V] [TRT] Tactic: 0x00000000000003ea Time: 0.579813
[04/01/2024-15:03:52] [W] [TRT] Unknown embedded device detected. Using 59656MiB as the allocation cap for memory on embedded devices.
[04/01/2024-15:03:52] [V] [TRT] Tactic: 0x0000000000000000 Time: 2.8914
[04/01/2024-15:03:52] [V] [TRT] Fastest Tactic: 0x00000000000003ea Time: 0.579813
[04/01/2024-15:03:52] [V] [TRT] *************** Autotuning Reformat: Float(10368000,1,28800,80) -> Half(2592000,1:4,7200,20) ***************
[04/01/2024-15:03:52] [V] [TRT] --------------- Timing Runner: Optimizer Reformat(8 -> <out>) (Reformat)
[04/01/2024-15:03:52] [W] [TRT] Unknown embedded device detected. Using 59656MiB as the allocation cap for memory on embedded devices.
[04/01/2024-15:03:52] [V] [TRT] Tactic: 0x00000000000003e8 Time: 0.650409
[04/01/2024-15:03:52] [W] [TRT] Unknown embedded device detected. Using 59656MiB as the allocation cap for memory on embedded devices.
[04/01/2024-15:03:52] [V] [TRT] Tactic: 0x00000000000003ea Time: 0.410825
[04/01/2024-15:03:52] [W] [TRT] Unknown embedded device detected. Using 59656MiB as the allocation cap for memory on embedded devices.
[04/01/2024-15:03:52] [V] [TRT] Tactic: 0x0000000000000000 Time: 0.649102
[04/01/2024-15:03:52] [V] [TRT] Fastest Tactic: 0x00000000000003ea Time: 0.410825
[04/01/2024-15:03:52] [V] [TRT] *************** Autotuning Reformat: Float(10368000,1,28800,80) -> Half(1296000,1:8,3600,10) ***************
[04/01/2024-15:03:52] [V] [TRT] --------------- Timing Runner: Optimizer Reformat(8 -> <out>) (Reformat)
[04/01/2024-15:03:52] [W] [TRT] Unknown embedded device detected. Using 59656MiB as the allocation cap for memory on embedded devices.
[04/01/2024-15:03:52] [V] [TRT] Tactic: 0x00000000000003e8 Time: 0.648686
[04/01/2024-15:03:52] [W] [TRT] Unknown embedded device detected. Using 59656MiB as the allocation cap for memory on embedded devices.
[04/01/2024-15:03:52] [V] [TRT] Tactic: 0x00000000000003ea Time: 0.413819
[04/01/2024-15:03:52] [W] [TRT] Unknown embedded device detected. Using 59656MiB as the allocation cap for memory on embedded devices.
[04/01/2024-15:03:52] [V] [TRT] Tactic: 0x0000000000000000 Time: 0.649915
[04/01/2024-15:03:52] [V] [TRT] Fastest Tactic: 0x00000000000003ea Time: 0.413819
[04/01/2024-15:03:52] [V] [TRT] *************** Autotuning Reformat: Float(2592000,1:4,7200,20) -> Float(10368000,129600,360,1) ***************
[04/01/2024-15:03:52] [V] [TRT] --------------- Timing Runner: Optimizer Reformat(8 -> <out>) (Reformat)
[04/01/2024-15:03:52] [W] [TRT] Unknown embedded device detected. Using 59656MiB as the allocation cap for memory on embedded devices.
[04/01/2024-15:03:52] [V] [TRT] Tactic: 0x00000000000003e8 Time: 3.0778
[04/01/2024-15:03:52] [W] [TRT] Unknown embedded device detected. Using 59656MiB as the allocation cap for memory on embedded devices.
[04/01/2024-15:03:52] [V] [TRT] Tactic: 0x00000000000003ea Time: 0.704407
[04/01/2024-15:03:52] [W] [TRT] Unknown embedded device detected. Using 59656MiB as the allocation cap for memory on embedded devices.
[04/01/2024-15:03:52] [V] [TRT] Tactic: 0x0000000000000000 Time: 4.03205
[04/01/2024-15:03:52] [V] [TRT] Fastest Tactic: 0x00000000000003ea Time: 0.704407
[04/01/2024-15:03:52] [V] [TRT] *************** Autotuning Reformat: Float(2592000,1:4,7200,20) -> Float(10368000,1,28800,80) ***************
[04/01/2024-15:03:52] [V] [TRT] --------------- Timing Runner: Optimizer Reformat(8 -> <out>) (Reformat)
[04/01/2024-15:03:52] [W] [TRT] Unknown embedded device detected. Using 59656MiB as the allocation cap for memory on embedded devices.
[04/01/2024-15:03:52] [V] [TRT] Tactic: 0x00000000000003e8 Time: 0.659543
[04/01/2024-15:03:52] [W] [TRT] Unknown embedded device detected. Using 59656MiB as the allocation cap for memory on embedded devices.
[04/01/2024-15:03:52] [V] [TRT] Tactic: 0x00000000000003ea Time: 0.585522
[04/01/2024-15:03:52] [W] [TRT] Unknown embedded device detected. Using 59656MiB as the allocation cap for memory on embedded devices.
[04/01/2024-15:03:52] [V] [TRT] Tactic: 0x0000000000000000 Time: 0.664498
[04/01/2024-15:03:52] [V] [TRT] Fastest Tactic: 0x00000000000003ea Time: 0.585522
[04/01/2024-15:03:52] [V] [TRT] *************** Autotuning Reformat: Float(2592000,1:4,7200,20) -> Half(10368000,129600,360,1) ***************
[04/01/2024-15:03:52] [V] [TRT] --------------- Timing Runner: Optimizer Reformat(8 -> <out>) (Reformat)
[04/01/2024-15:03:52] [W] [TRT] Unknown embedded device detected. Using 59656MiB as the allocation cap for memory on embedded devices.
[04/01/2024-15:03:52] [V] [TRT] Tactic: 0x00000000000003e8 Time: 2.76554
[04/01/2024-15:03:52] [W] [TRT] Unknown embedded device detected. Using 59656MiB as the allocation cap for memory on embedded devices.
[04/01/2024-15:03:52] [V] [TRT] Tactic: 0x00000000000003ea Time: 0.50715
[04/01/2024-15:03:52] [W] [TRT] Unknown embedded device detected. Using 59656MiB as the allocation cap for memory on embedded devices.
[04/01/2024-15:03:52] [V] [TRT] Tactic: 0x0000000000000000 Time: 2.63312
[04/01/2024-15:03:52] [V] [TRT] Fastest Tactic: 0x00000000000003ea Time: 0.50715
[04/01/2024-15:03:52] [V] [TRT] *************** Autotuning Reformat: Float(2592000,1:4,7200,20) -> Half(5184000,129600:2,360,1) ***************
[04/01/2024-15:03:52] [V] [TRT] --------------- Timing Runner: Optimizer Reformat(8 -> <out>) (Reformat)
[04/01/2024-15:03:52] [W] [TRT] Unknown embedded device detected. Using 59656MiB as the allocation cap for memory on embedded devices.
[04/01/2024-15:03:52] [V] [TRT] Tactic: 0x00000000000003e8 Time: 3.14156
[04/01/2024-15:03:52] [W] [TRT] Unknown embedded device detected. Using 59656MiB as the allocation cap for memory on embedded devices.
[04/01/2024-15:03:52] [V] [TRT] Tactic: 0x00000000000003ea Time: 0.578848
[04/01/2024-15:03:52] [W] [TRT] Unknown embedded device detected. Using 59656MiB as the allocation cap for memory on embedded devices.
[04/01/2024-15:03:52] [V] [TRT] Tactic: 0x0000000000000000 Time: 4.61439
[04/01/2024-15:03:52] [V] [TRT] Fastest Tactic: 0x00000000000003ea Time: 0.578848
[04/01/2024-15:03:52] [V] [TRT] *************** Autotuning Reformat: Float(2592000,1:4,7200,20) -> Half(2592000,1:4,7200,20) ***************
[04/01/2024-15:03:52] [V] [TRT] --------------- Timing Runner: Optimizer Reformat(8 -> <out>) (Reformat)
[04/01/2024-15:03:52] [W] [TRT] Unknown embedded device detected. Using 59656MiB as the allocation cap for memory on embedded devices.
[04/01/2024-15:03:52] [V] [TRT] Tactic: 0x00000000000003e8 Time: 0.759483
[04/01/2024-15:03:52] [W] [TRT] Unknown embedded device detected. Using 59656MiB as the allocation cap for memory on embedded devices.
[04/01/2024-15:03:52] [V] [TRT] Tactic: 0x00000000000003ea Time: 0.459031
[04/01/2024-15:03:52] [W] [TRT] Unknown embedded device detected. Using 59656MiB as the allocation cap for memory on embedded devices.
[04/01/2024-15:03:52] [V] [TRT] Tactic: 0x0000000000000000 Time: 0.760654
[04/01/2024-15:03:52] [V] [TRT] Fastest Tactic: 0x00000000000003ea Time: 0.459031
[04/01/2024-15:03:52] [V] [TRT] *************** Autotuning Reformat: Float(2592000,1:4,7200,20) -> Half(1296000,1:8,3600,10) ***************
[04/01/2024-15:03:52] [V] [TRT] --------------- Timing Runner: Optimizer Reformat(8 -> <out>) (Reformat)
[04/01/2024-15:03:52] [W] [TRT] Unknown embedded device detected. Using 59656MiB as the allocation cap for memory on embedded devices.
[04/01/2024-15:03:52] [V] [TRT] Tactic: 0x00000000000003e8 Time: 0.760535
[04/01/2024-15:03:52] [W] [TRT] Unknown embedded device detected. Using 59656MiB as the allocation cap for memory on embedded devices.
[04/01/2024-15:03:52] [V] [TRT] Tactic: 0x00000000000003ea Time: 0.412169
[04/01/2024-15:03:52] [W] [TRT] Unknown embedded device detected. Using 59656MiB as the allocation cap for memory on embedded devices.
[04/01/2024-15:03:52] [V] [TRT] Tactic: 0x0000000000000000 Time: 0.759767
[04/01/2024-15:03:52] [V] [TRT] Fastest Tactic: 0x00000000000003ea Time: 0.412169
[04/01/2024-15:03:52] [V] [TRT] *************** Autotuning Reformat: Half(10368000,129600,360,1) -> Float(10368000,129600,360,1) ***************
[04/01/2024-15:03:52] [V] [TRT] *************** Autotuning Reformat: Half(10368000,129600,360,1) -> Float(10368000,1,28800,80) ***************
[04/01/2024-15:03:52] [V] [TRT] *************** Autotuning Reformat: Half(10368000,129600,360,1) -> Float(2592000,1:4,7200,20) ***************
[04/01/2024-15:03:52] [V] [TRT] *************** Autotuning Reformat: Half(10368000,129600,360,1) -> Half(5184000,129600:2,360,1) ***************
[04/01/2024-15:03:52] [V] [TRT] *************** Autotuning Reformat: Half(10368000,129600,360,1) -> Half(2592000,1:4,7200,20) ***************
[04/01/2024-15:03:52] [V] [TRT] *************** Autotuning Reformat: Half(10368000,129600,360,1) -> Half(1296000,1:8,3600,10) ***************
[04/01/2024-15:03:52] [V] [TRT] *************** Autotuning Reformat: Half(5184000,129600:2,360,1) -> Float(10368000,129600,360,1) ***************
[04/01/2024-15:03:52] [V] [TRT] --------------- Timing Runner: Optimizer Reformat(8 -> <out>) (Reformat)
[04/01/2024-15:03:52] [W] [TRT] Unknown embedded device detected. Using 59656MiB as the allocation cap for memory on embedded devices.
[04/01/2024-15:03:52] [V] [TRT] Tactic: 0x00000000000003e8 Time: 0.626098
[04/01/2024-15:03:52] [W] [TRT] Unknown embedded device detected. Using 59656MiB as the allocation cap for memory on embedded devices.
[04/01/2024-15:03:52] [V] [TRT] Tactic: 0x00000000000003ea Time: 0.501509
[04/01/2024-15:03:52] [W] [TRT] Unknown embedded device detected. Using 59656MiB as the allocation cap for memory on embedded devices.
[04/01/2024-15:03:53] [V] [TRT] Tactic: 0x0000000000000000 Time: 0.405879
[04/01/2024-15:03:53] [V] [TRT] Fastest Tactic: 0x0000000000000000 Time: 0.405879
[04/01/2024-15:03:53] [V] [TRT] *************** Autotuning Reformat: Half(5184000,129600:2,360,1) -> Float(10368000,1,28800,80) ***************
[04/01/2024-15:03:53] [V] [TRT] --------------- Timing Runner: Optimizer Reformat(8 -> <out>) (Reformat)
[04/01/2024-15:03:53] [W] [TRT] Unknown embedded device detected. Using 59656MiB as the allocation cap for memory on embedded devices.
[04/01/2024-15:03:53] [V] [TRT] Tactic: 0x00000000000003e8 Time: 0.893536
[04/01/2024-15:03:53] [W] [TRT] Unknown embedded device detected. Using 59656MiB as the allocation cap for memory on embedded devices.
[04/01/2024-15:03:53] [V] [TRT] Tactic: 0x00000000000003ea Time: 0.456663
[04/01/2024-15:03:53] [W] [TRT] Unknown embedded device detected. Using 59656MiB as the allocation cap for memory on embedded devices.
[04/01/2024-15:03:53] [V] [TRT] Tactic: 0x0000000000000000 Time: 0.895031
[04/01/2024-15:03:53] [V] [TRT] Fastest Tactic: 0x00000000000003ea Time: 0.456663
[04/01/2024-15:03:53] [V] [TRT] *************** Autotuning Reformat: Half(5184000,129600:2,360,1) -> Float(2592000,1:4,7200,20) ***************
[04/01/2024-15:03:53] [V] [TRT] --------------- Timing Runner: Optimizer Reformat(8 -> <out>) (Reformat)
[04/01/2024-15:03:53] [W] [TRT] Unknown embedded device detected. Using 59656MiB as the allocation cap for memory on embedded devices.
[04/01/2024-15:03:53] [V] [TRT] Tactic: 0x00000000000003e8 Time: 0.933915
[04/01/2024-15:03:53] [W] [TRT] Unknown embedded device detected. Using 59656MiB as the allocation cap for memory on embedded devices.
[04/01/2024-15:03:53] [V] [TRT] Tactic: 0x00000000000003ea Time: 0.456686
[04/01/2024-15:03:53] [W] [TRT] Unknown embedded device detected. Using 59656MiB as the allocation cap for memory on embedded devices.
[04/01/2024-15:03:53] [V] [TRT] Tactic: 0x0000000000000000 Time: 0.930546
[04/01/2024-15:03:53] [V] [TRT] Fastest Tactic: 0x00000000000003ea Time: 0.456686
[04/01/2024-15:03:53] [V] [TRT] *************** Autotuning Reformat: Half(5184000,129600:2,360,1) -> Half(10368000,129600,360,1) ***************
[04/01/2024-15:03:53] [V] [TRT] --------------- Timing Runner: Optimizer Reformat(8 -> <out>) (Reformat)
[04/01/2024-15:03:53] [W] [TRT] Unknown embedded device detected. Using 59656MiB as the allocation cap for memory on embedded devices.
[04/01/2024-15:03:53] [V] [TRT] Tactic: 0x00000000000003e8 Time: 0.566427
[04/01/2024-15:03:53] [W] [TRT] Unknown embedded device detected. Using 59656MiB as the allocation cap for memory on embedded devices.
[04/01/2024-15:03:53] [V] [TRT] Tactic: 0x00000000000003ea Time: 2.06288
[04/01/2024-15:03:53] [W] [TRT] Unknown embedded device detected. Using 59656MiB as the allocation cap for memory on embedded devices.
[04/01/2024-15:03:53] [V] [TRT] Tactic: 0x0000000000000000 Time: 0.37264
[04/01/2024-15:03:53] [V] [TRT] Fastest Tactic: 0x0000000000000000 Time: 0.37264
[04/01/2024-15:03:53] [V] [TRT] *************** Autotuning Reformat: Half(5184000,129600:2,360,1) -> Half(2592000,1:4,7200,20) ***************
[04/01/2024-15:03:53] [V] [TRT] --------------- Timing Runner: Optimizer Reformat(8 -> <out>) (Reformat)
[04/01/2024-15:03:53] [W] [TRT] Unknown embedded device detected. Using 59656MiB as the allocation cap for memory on embedded devices.
[04/01/2024-15:03:53] [V] [TRT] Tactic: 0x00000000000003e8 Time: 0.92016
[04/01/2024-15:03:53] [W] [TRT] Unknown embedded device detected. Using 59656MiB as the allocation cap for memory on embedded devices.
[04/01/2024-15:03:53] [V] [TRT] Tactic: 0x00000000000003ea Time: 0.450853
[04/01/2024-15:03:53] [W] [TRT] Unknown embedded device detected. Using 59656MiB as the allocation cap for memory on embedded devices.
[04/01/2024-15:03:53] [V] [TRT] Tactic: 0x0000000000000000 Time: 0.919223
[04/01/2024-15:03:53] [V] [TRT] Fastest Tactic: 0x00000000000003ea Time: 0.450853
[04/01/2024-15:03:53] [V] [TRT] *************** Autotuning Reformat: Half(5184000,129600:2,360,1) -> Half(1296000,1:8,3600,10) ***************
[04/01/2024-15:03:53] [V] [TRT] --------------- Timing Runner: Optimizer Reformat(8 -> <out>) (Reformat)
[04/01/2024-15:03:53] [W] [TRT] Unknown embedded device detected. Using 59656MiB as the allocation cap for memory on embedded devices.
[04/01/2024-15:03:53] [V] [TRT] Tactic: 0x00000000000003e8 Time: 0.9176
[04/01/2024-15:03:53] [W] [TRT] Unknown embedded device detected. Using 59656MiB as the allocation cap for memory on embedded devices.
[04/01/2024-15:03:53] [V] [TRT] Tactic: 0x00000000000003ea Time: 0.446203
[04/01/2024-15:03:53] [W] [TRT] Unknown embedded device detected. Using 59656MiB as the allocation cap for memory on embedded devices.
[04/01/2024-15:03:53] [V] [TRT] Tactic: 0x0000000000000000 Time: 0.330505
[04/01/2024-15:03:53] [V] [TRT] Fastest Tactic: 0x0000000000000000 Time: 0.330505
[04/01/2024-15:03:53] [V] [TRT] *************** Autotuning Reformat: Half(2592000,1:4,7200,20) -> Float(10368000,129600,360,1) ***************
[04/01/2024-15:03:53] [V] [TRT] --------------- Timing Runner: Optimizer Reformat(8 -> <out>) (Reformat)
[04/01/2024-15:03:53] [W] [TRT] Unknown embedded device detected. Using 59656MiB as the allocation cap for memory on embedded devices.
[04/01/2024-15:03:53] [V] [TRT] Tactic: 0x00000000000003e8 Time: 4.19547
[04/01/2024-15:03:53] [W] [TRT] Unknown embedded device detected. Using 59656MiB as the allocation cap for memory on embedded devices.
[04/01/2024-15:03:53] [V] [TRT] Tactic: 0x00000000000003ea Time: 0.61851
[04/01/2024-15:03:53] [W] [TRT] Unknown embedded device detected. Using 59656MiB as the allocation cap for memory on embedded devices.
[04/01/2024-15:03:53] [V] [TRT] Tactic: 0x0000000000000000 Time: 3.26369
[04/01/2024-15:03:53] [V] [TRT] Fastest Tactic: 0x00000000000003ea Time: 0.61851
[04/01/2024-15:03:53] [V] [TRT] *************** Autotuning Reformat: Half(2592000,1:4,7200,20) -> Float(10368000,1,28800,80) ***************
[04/01/2024-15:03:53] [V] [TRT] --------------- Timing Runner: Optimizer Reformat(8 -> <out>) (Reformat)
[04/01/2024-15:03:53] [W] [TRT] Unknown embedded device detected. Using 59656MiB as the allocation cap for memory on embedded devices.
[04/01/2024-15:03:53] [V] [TRT] Tactic: 0x00000000000003e8 Time: 0.67408
[04/01/2024-15:03:53] [W] [TRT] Unknown embedded device detected. Using 59656MiB as the allocation cap for memory on embedded devices.
[04/01/2024-15:03:53] [V] [TRT] Tactic: 0x00000000000003ea Time: 0.416805
[04/01/2024-15:03:53] [W] [TRT] Unknown embedded device detected. Using 59656MiB as the allocation cap for memory on embedded devices.
[04/01/2024-15:03:53] [V] [TRT] Tactic: 0x0000000000000000 Time: 0.666249
[04/01/2024-15:03:53] [V] [TRT] Fastest Tactic: 0x00000000000003ea Time: 0.416805
[04/01/2024-15:03:53] [V] [TRT] *************** Autotuning Reformat: Half(2592000,1:4,7200,20) -> Float(2592000,1:4,7200,20) ***************
[04/01/2024-15:03:53] [V] [TRT] --------------- Timing Runner: Optimizer Reformat(8 -> <out>) (Reformat)
[04/01/2024-15:03:53] [W] [TRT] Unknown embedded device detected. Using 59656MiB as the allocation cap for memory on embedded devices.
[04/01/2024-15:03:53] [V] [TRT] Tactic: 0x00000000000003e8 Time: 0.762194
[04/01/2024-15:03:53] [W] [TRT] Unknown embedded device detected. Using 59656MiB as the allocation cap for memory on embedded devices.
[04/01/2024-15:03:53] [V] [TRT] Tactic: 0x00000000000003ea Time: 0.416302
[04/01/2024-15:03:53] [W] [TRT] Unknown embedded device detected. Using 59656MiB as the allocation cap for memory on embedded devices.
[04/01/2024-15:03:53] [V] [TRT] Tactic: 0x0000000000000000 Time: 0.764389
[04/01/2024-15:03:53] [V] [TRT] Fastest Tactic: 0x00000000000003ea Time: 0.416302
[04/01/2024-15:03:53] [V] [TRT] *************** Autotuning Reformat: Half(2592000,1:4,7200,20) -> Half(10368000,129600,360,1) ***************
[04/01/2024-15:03:53] [V] [TRT] --------------- Timing Runner: Optimizer Reformat(8 -> <out>) (Reformat)
[04/01/2024-15:03:53] [W] [TRT] Unknown embedded device detected. Using 59656MiB as the allocation cap for memory on embedded devices.
[04/01/2024-15:03:53] [V] [TRT] Tactic: 0x00000000000003e8 Time: 2.19412
[04/01/2024-15:03:53] [W] [TRT] Unknown embedded device detected. Using 59656MiB as the allocation cap for memory on embedded devices.
[04/01/2024-15:03:53] [V] [TRT] Tactic: 0x00000000000003ea Time: 1.59458
[04/01/2024-15:03:53] [W] [TRT] Unknown embedded device detected. Using 59656MiB as the allocation cap for memory on embedded devices.
[04/01/2024-15:03:53] [V] [TRT] Tactic: 0x0000000000000000 Time: 3.98997
[04/01/2024-15:03:53] [V] [TRT] Fastest Tactic: 0x00000000000003ea Time: 1.59458
[04/01/2024-15:03:53] [V] [TRT] *************** Autotuning Reformat: Half(2592000,1:4,7200,20) -> Half(5184000,129600:2,360,1) ***************
[04/01/2024-15:03:53] [V] [TRT] --------------- Timing Runner: Optimizer Reformat(8 -> <out>) (Reformat)
[04/01/2024-15:03:53] [W] [TRT] Unknown embedded device detected. Using 59656MiB as the allocation cap for memory on embedded devices.
[04/01/2024-15:03:53] [V] [TRT] Tactic: 0x00000000000003e8 Time: 4.19812
[04/01/2024-15:03:53] [W] [TRT] Unknown embedded device detected. Using 59656MiB as the allocation cap for memory on embedded devices.
[04/01/2024-15:03:53] [V] [TRT] Tactic: 0x00000000000003ea Time: 0.528329
[04/01/2024-15:03:53] [W] [TRT] Unknown embedded device detected. Using 59656MiB as the allocation cap for memory on embedded devices.
[04/01/2024-15:03:53] [V] [TRT] Tactic: 0x0000000000000000 Time: 3.21648
[04/01/2024-15:03:53] [V] [TRT] Fastest Tactic: 0x00000000000003ea Time: 0.528329
[04/01/2024-15:03:53] [V] [TRT] *************** Autotuning Reformat: Half(2592000,1:4,7200,20) -> Half(1296000,1:8,3600,10) ***************
[04/01/2024-15:03:53] [V] [TRT] --------------- Timing Runner: Optimizer Reformat(8 -> <out>) (Reformat)
[04/01/2024-15:03:53] [W] [TRT] Unknown embedded device detected. Using 59656MiB as the allocation cap for memory on embedded devices.
[04/01/2024-15:03:53] [V] [TRT] Tactic: 0x00000000000003e8 Time: 0.705477
[04/01/2024-15:03:53] [W] [TRT] Unknown embedded device detected. Using 59656MiB as the allocation cap for memory on embedded devices.
[04/01/2024-15:03:53] [V] [TRT] Tactic: 0x00000000000003ea Time: 0.412608
[04/01/2024-15:03:53] [W] [TRT] Unknown embedded device detected. Using 59656MiB as the allocation cap for memory on embedded devices.
[04/01/2024-15:03:53] [V] [TRT] Tactic: 0x0000000000000000 Time: 0.704334
[04/01/2024-15:03:53] [V] [TRT] Fastest Tactic: 0x00000000000003ea Time: 0.412608
[04/01/2024-15:03:53] [V] [TRT] *************** Autotuning Reformat: Half(1296000,1:8,3600,10) -> Float(10368000,129600,360,1) ***************
[04/01/2024-15:03:53] [V] [TRT] --------------- Timing Runner: Optimizer Reformat(8 -> <out>) (Reformat)
[04/01/2024-15:03:53] [W] [TRT] Unknown embedded device detected. Using 59656MiB as the allocation cap for memory on embedded devices.
[04/01/2024-15:03:53] [V] [TRT] Tactic: 0x00000000000003e8 Time: 3.59128
[04/01/2024-15:03:53] [W] [TRT] Unknown embedded device detected. Using 59656MiB as the allocation cap for memory on embedded devices.
[04/01/2024-15:03:53] [V] [TRT] Tactic: 0x00000000000003ea Time: 0.495369
[04/01/2024-15:03:53] [W] [TRT] Unknown embedded device detected. Using 59656MiB as the allocation cap for memory on embedded devices.
[04/01/2024-15:03:53] [V] [TRT] Tactic: 0x0000000000000000 Time: 0.364965
[04/01/2024-15:03:53] [V] [TRT] Fastest Tactic: 0x0000000000000000 Time: 0.364965
[04/01/2024-15:03:53] [V] [TRT] *************** Autotuning Reformat: Half(1296000,1:8,3600,10) -> Float(10368000,1,28800,80) ***************
[04/01/2024-15:03:53] [V] [TRT] --------------- Timing Runner: Optimizer Reformat(8 -> <out>) (Reformat)
[04/01/2024-15:03:53] [W] [TRT] Unknown embedded device detected. Using 59656MiB as the allocation cap for memory on embedded devices.
[04/01/2024-15:03:53] [V] [TRT] Tactic: 0x00000000000003e8 Time: 0.676763
[04/01/2024-15:03:53] [W] [TRT] Unknown embedded device detected. Using 59656MiB as the allocation cap for memory on embedded devices.
[04/01/2024-15:03:53] [V] [TRT] Tactic: 0x00000000000003ea Time: 0.413787
[04/01/2024-15:03:53] [W] [TRT] Unknown embedded device detected. Using 59656MiB as the allocation cap for memory on embedded devices.
[04/01/2024-15:03:53] [V] [TRT] Tactic: 0x0000000000000000 Time: 0.673614
[04/01/2024-15:03:53] [V] [TRT] Fastest Tactic: 0x00000000000003ea Time: 0.413787
[04/01/2024-15:03:53] [V] [TRT] *************** Autotuning Reformat: Half(1296000,1:8,3600,10) -> Float(2592000,1:4,7200,20) ***************
[04/01/2024-15:03:53] [V] [TRT] --------------- Timing Runner: Optimizer Reformat(8 -> <out>) (Reformat)
[04/01/2024-15:03:53] [W] [TRT] Unknown embedded device detected. Using 59656MiB as the allocation cap for memory on embedded devices.
[04/01/2024-15:03:53] [V] [TRT] Tactic: 0x00000000000003e8 Time: 0.768357
[04/01/2024-15:03:53] [W] [TRT] Unknown embedded device detected. Using 59656MiB as the allocation cap for memory on embedded devices.
[04/01/2024-15:03:53] [V] [TRT] Tactic: 0x00000000000003ea Time: 0.413678
[04/01/2024-15:03:53] [W] [TRT] Unknown embedded device detected. Using 59656MiB as the allocation cap for memory on embedded devices.
[04/01/2024-15:03:53] [V] [TRT] Tactic: 0x0000000000000000 Time: 0.767319
[04/01/2024-15:03:53] [V] [TRT] Fastest Tactic: 0x00000000000003ea Time: 0.413678
[04/01/2024-15:03:53] [V] [TRT] *************** Autotuning Reformat: Half(1296000,1:8,3600,10) -> Half(10368000,129600,360,1) ***************
[04/01/2024-15:03:53] [V] [TRT] --------------- Timing Runner: Optimizer Reformat(8 -> <out>) (Reformat)
[04/01/2024-15:03:53] [W] [TRT] Unknown embedded device detected. Using 59656MiB as the allocation cap for memory on embedded devices.
[04/01/2024-15:03:53] [V] [TRT] Tactic: 0x00000000000003e8 Time: 2.89758
[04/01/2024-15:03:53] [W] [TRT] Unknown embedded device detected. Using 59656MiB as the allocation cap for memory on embedded devices.
[04/01/2024-15:03:53] [V] [TRT] Tactic: 0x00000000000003ea Time: 1.51197
[04/01/2024-15:03:53] [W] [TRT] Unknown embedded device detected. Using 59656MiB as the allocation cap for memory on embedded devices.
[04/01/2024-15:03:53] [V] [TRT] Tactic: 0x0000000000000000 Time: 0.264457
[04/01/2024-15:03:53] [V] [TRT] Fastest Tactic: 0x0000000000000000 Time: 0.264457
[04/01/2024-15:03:53] [V] [TRT] *************** Autotuning Reformat: Half(1296000,1:8,3600,10) -> Half(5184000,129600:2,360,1) ***************
[04/01/2024-15:03:53] [V] [TRT] --------------- Timing Runner: Optimizer Reformat(8 -> <out>) (Reformat)
[04/01/2024-15:03:53] [W] [TRT] Unknown embedded device detected. Using 59656MiB as the allocation cap for memory on embedded devices.
[04/01/2024-15:03:53] [V] [TRT] Tactic: 0x00000000000003e8 Time: 2.86811
[04/01/2024-15:03:53] [W] [TRT] Unknown embedded device detected. Using 59656MiB as the allocation cap for memory on embedded devices.
[04/01/2024-15:03:53] [V] [TRT] Tactic: 0x00000000000003ea Time: 0.529943
[04/01/2024-15:03:53] [W] [TRT] Unknown embedded device detected. Using 59656MiB as the allocation cap for memory on embedded devices.
[04/01/2024-15:03:53] [V] [TRT] Tactic: 0x0000000000000000 Time: 0.256544
[04/01/2024-15:03:53] [V] [TRT] Fastest Tactic: 0x0000000000000000 Time: 0.256544
[04/01/2024-15:03:53] [V] [TRT] *************** Autotuning Reformat: Half(1296000,1:8,3600,10) -> Half(2592000,1:4,7200,20) ***************
[04/01/2024-15:03:53] [V] [TRT] --------------- Timing Runner: Optimizer Reformat(8 -> <out>) (Reformat)
[04/01/2024-15:03:53] [W] [TRT] Unknown embedded device detected. Using 59656MiB as the allocation cap for memory on embedded devices.
[04/01/2024-15:03:53] [V] [TRT] Tactic: 0x00000000000003e8 Time: 0.706295
[04/01/2024-15:03:53] [W] [TRT] Unknown embedded device detected. Using 59656MiB as the allocation cap for memory on embedded devices.
[04/01/2024-15:03:53] [V] [TRT] Tactic: 0x00000000000003ea Time: 0.412448
[04/01/2024-15:03:53] [W] [TRT] Unknown embedded device detected. Using 59656MiB as the allocation cap for memory on embedded devices.
[04/01/2024-15:03:53] [V] [TRT] Tactic: 0x0000000000000000 Time: 0.705198
[04/01/2024-15:03:53] [V] [TRT] Fastest Tactic: 0x00000000000003ea Time: 0.412448
[04/01/2024-15:03:53] [V] [TRT] =============== Computing reformatting costs: 
[04/01/2024-15:03:53] [V] [TRT] *************** Autotuning Reformat: Float(2592000,32400,180,1) -> Float(2592000,1,14400,80) ***************
[04/01/2024-15:03:53] [V] [TRT] --------------- Timing Runner: Optimizer Reformat(10 -> <out>) (Reformat)
[04/01/2024-15:03:53] [W] [TRT] Unknown embedded device detected. Using 59656MiB as the allocation cap for memory on embedded devices.
[04/01/2024-15:03:53] [V] [TRT] Tactic: 0x00000000000003e8 Time: 0.364192
[04/01/2024-15:03:53] [W] [TRT] Unknown embedded device detected. Using 59656MiB as the allocation cap for memory on embedded devices.
[04/01/2024-15:03:53] [V] [TRT] Tactic: 0x00000000000003ea Time: 0.16384
[04/01/2024-15:03:53] [W] [TRT] Unknown embedded device detected. Using 59656MiB as the allocation cap for memory on embedded devices.
[04/01/2024-15:03:53] [V] [TRT] Tactic: 0x0000000000000000 Time: 0.360919
[04/01/2024-15:03:53] [V] [TRT] Fastest Tactic: 0x00000000000003ea Time: 0.16384
[04/01/2024-15:03:53] [V] [TRT] *************** Autotuning Reformat: Float(2592000,32400,180,1) -> Float(648000,1:4,3600,20) ***************
[04/01/2024-15:03:53] [V] [TRT] --------------- Timing Runner: Optimizer Reformat(10 -> <out>) (Reformat)
[04/01/2024-15:03:53] [W] [TRT] Unknown embedded device detected. Using 59656MiB as the allocation cap for memory on embedded devices.
[04/01/2024-15:03:53] [V] [TRT] Tactic: 0x00000000000003e8 Time: 0.362222
[04/01/2024-15:03:53] [W] [TRT] Unknown embedded device detected. Using 59656MiB as the allocation cap for memory on embedded devices.
[04/01/2024-15:03:53] [V] [TRT] Tactic: 0x00000000000003ea Time: 0.164293
[04/01/2024-15:03:53] [W] [TRT] Unknown embedded device detected. Using 59656MiB as the allocation cap for memory on embedded devices.
[04/01/2024-15:03:53] [V] [TRT] Tactic: 0x0000000000000000 Time: 0.362738
[04/01/2024-15:03:53] [V] [TRT] Fastest Tactic: 0x00000000000003ea Time: 0.164293
[04/01/2024-15:03:53] [V] [TRT] *************** Autotuning Reformat: Float(2592000,32400,180,1) -> Half(2592000,32400,180,1) ***************
[04/01/2024-15:03:53] [V] [TRT] --------------- Timing Runner: Optimizer Reformat(10 -> <out>) (Reformat)
[04/01/2024-15:03:53] [W] [TRT] Unknown embedded device detected. Using 59656MiB as the allocation cap for memory on embedded devices.
[04/01/2024-15:03:53] [V] [TRT] Tactic: 0x00000000000003e8 Time: 0.0903406
[04/01/2024-15:03:53] [W] [TRT] Unknown embedded device detected. Using 59656MiB as the allocation cap for memory on embedded devices.
[04/01/2024-15:03:53] [V] [TRT] Tactic: 0x00000000000003ea Time: 0.125957
[04/01/2024-15:03:53] [W] [TRT] Unknown embedded device detected. Using 59656MiB as the allocation cap for memory on embedded devices.
[04/01/2024-15:03:53] [V] [TRT] Tactic: 0x0000000000000000 Time: 0.198487
[04/01/2024-15:03:53] [V] [TRT] Fastest Tactic: 0x00000000000003e8 Time: 0.0903406
[04/01/2024-15:03:53] [V] [TRT] *************** Autotuning Reformat: Float(2592000,32400,180,1) -> Half(1296000,32400:2,180,1) ***************
[04/01/2024-15:03:53] [V] [TRT] --------------- Timing Runner: Optimizer Reformat(10 -> <out>) (Reformat)
[04/01/2024-15:03:53] [W] [TRT] Unknown embedded device detected. Using 59656MiB as the allocation cap for memory on embedded devices.
[04/01/2024-15:03:53] [V] [TRT] Tactic: 0x00000000000003e8 Time: 0.16437
[04/01/2024-15:03:53] [W] [TRT] Unknown embedded device detected. Using 59656MiB as the allocation cap for memory on embedded devices.
[04/01/2024-15:03:53] [V] [TRT] Tactic: 0x00000000000003ea Time: 0.153861
[04/01/2024-15:03:53] [W] [TRT] Unknown embedded device detected. Using 59656MiB as the allocation cap for memory on embedded devices.
[04/01/2024-15:03:53] [V] [TRT] Tactic: 0x0000000000000000 Time: 0.127175
[04/01/2024-15:03:53] [V] [TRT] Fastest Tactic: 0x0000000000000000 Time: 0.127175
[04/01/2024-15:03:53] [V] [TRT] *************** Autotuning Reformat: Float(2592000,32400,180,1) -> Half(648000,1:4,3600,20) ***************
[04/01/2024-15:03:53] [V] [TRT] --------------- Timing Runner: Optimizer Reformat(10 -> <out>) (Reformat)
[04/01/2024-15:03:53] [W] [TRT] Unknown embedded device detected. Using 59656MiB as the allocation cap for memory on embedded devices.
[04/01/2024-15:03:53] [V] [TRT] Tactic: 0x00000000000003e8 Time: 0.37099
[04/01/2024-15:03:53] [W] [TRT] Unknown embedded device detected. Using 59656MiB as the allocation cap for memory on embedded devices.
[04/01/2024-15:03:53] [V] [TRT] Tactic: 0x00000000000003ea Time: 0.116555
[04/01/2024-15:03:53] [W] [TRT] Unknown embedded device detected. Using 59656MiB as the allocation cap for memory on embedded devices.
[04/01/2024-15:03:53] [V] [TRT] Tactic: 0x0000000000000000 Time: 0.366318
[04/01/2024-15:03:53] [V] [TRT] Fastest Tactic: 0x00000000000003ea Time: 0.116555
[04/01/2024-15:03:53] [V] [TRT] *************** Autotuning Reformat: Float(2592000,32400,180,1) -> Half(324000,1:8,1800,10) ***************
[04/01/2024-15:03:53] [V] [TRT] --------------- Timing Runner: Optimizer Reformat(10 -> <out>) (Reformat)
[04/01/2024-15:03:53] [W] [TRT] Unknown embedded device detected. Using 59656MiB as the allocation cap for memory on embedded devices.
[04/01/2024-15:03:53] [V] [TRT] Tactic: 0x00000000000003e8 Time: 0.372567
[04/01/2024-15:03:53] [W] [TRT] Unknown embedded device detected. Using 59656MiB as the allocation cap for memory on embedded devices.
[04/01/2024-15:03:53] [V] [TRT] Tactic: 0x00000000000003ea Time: 0.115543
[04/01/2024-15:03:53] [W] [TRT] Unknown embedded device detected. Using 59656MiB as the allocation cap for memory on embedded devices.
[04/01/2024-15:03:53] [V] [TRT] Tactic: 0x0000000000000000 Time: 0.103422
[04/01/2024-15:03:53] [V] [TRT] Fastest Tactic: 0x0000000000000000 Time: 0.103422
[04/01/2024-15:03:53] [V] [TRT] *************** Autotuning Reformat: Float(2592000,1,14400,80) -> Float(2592000,32400,180,1) ***************
[04/01/2024-15:03:53] [V] [TRT] --------------- Timing Runner: Optimizer Reformat(10 -> <out>) (Reformat)
[04/01/2024-15:03:53] [W] [TRT] Unknown embedded device detected. Using 59656MiB as the allocation cap for memory on embedded devices.
[04/01/2024-15:03:53] [V] [TRT] Tactic: 0x00000000000003e8 Time: 0.482715
[04/01/2024-15:03:53] [W] [TRT] Unknown embedded device detected. Using 59656MiB as the allocation cap for memory on embedded devices.
[04/01/2024-15:03:53] [V] [TRT] Tactic: 0x00000000000003ea Time: 0.187063
[04/01/2024-15:03:53] [W] [TRT] Unknown embedded device detected. Using 59656MiB as the allocation cap for memory on embedded devices.
[04/01/2024-15:03:53] [V] [TRT] Tactic: 0x0000000000000000 Time: 0.487552
[04/01/2024-15:03:53] [V] [TRT] Fastest Tactic: 0x00000000000003ea Time: 0.187063
[04/01/2024-15:03:53] [V] [TRT] *************** Autotuning Reformat: Float(2592000,1,14400,80) -> Float(648000,1:4,3600,20) ***************
[04/01/2024-15:03:53] [V] [TRT] --------------- Timing Runner: Optimizer Reformat(10 -> <out>) (Reformat)
[04/01/2024-15:03:53] [W] [TRT] Unknown embedded device detected. Using 59656MiB as the allocation cap for memory on embedded devices.
[04/01/2024-15:03:53] [V] [TRT] Tactic: 0x00000000000003e8 Time: 0.172521
[04/01/2024-15:03:53] [W] [TRT] Unknown embedded device detected. Using 59656MiB as the allocation cap for memory on embedded devices.
[04/01/2024-15:03:53] [V] [TRT] Tactic: 0x00000000000003ea Time: 0.156046
[04/01/2024-15:03:53] [W] [TRT] Unknown embedded device detected. Using 59656MiB as the allocation cap for memory on embedded devices.
[04/01/2024-15:03:53] [V] [TRT] Tactic: 0x0000000000000000 Time: 0.17253
[04/01/2024-15:03:53] [V] [TRT] Fastest Tactic: 0x00000000000003ea Time: 0.156046
[04/01/2024-15:03:53] [V] [TRT] *************** Autotuning Reformat: Float(2592000,1,14400,80) -> Half(2592000,32400,180,1) ***************
[04/01/2024-15:03:53] [V] [TRT] --------------- Timing Runner: Optimizer Reformat(10 -> <out>) (Reformat)
[04/01/2024-15:03:53] [W] [TRT] Unknown embedded device detected. Using 59656MiB as the allocation cap for memory on embedded devices.
[04/01/2024-15:03:53] [V] [TRT] Tactic: 0x00000000000003e8 Time: 0.351991
[04/01/2024-15:03:53] [W] [TRT] Unknown embedded device detected. Using 59656MiB as the allocation cap for memory on embedded devices.
[04/01/2024-15:03:53] [V] [TRT] Tactic: 0x00000000000003ea Time: 0.14189
[04/01/2024-15:03:53] [W] [TRT] Unknown embedded device detected. Using 59656MiB as the allocation cap for memory on embedded devices.
[04/01/2024-15:03:53] [V] [TRT] Tactic: 0x0000000000000000 Time: 0.351159
[04/01/2024-15:03:53] [V] [TRT] Fastest Tactic: 0x00000000000003ea Time: 0.14189
[04/01/2024-15:03:53] [V] [TRT] *************** Autotuning Reformat: Float(2592000,1,14400,80) -> Half(1296000,32400:2,180,1) ***************
[04/01/2024-15:03:53] [V] [TRT] --------------- Timing Runner: Optimizer Reformat(10 -> <out>) (Reformat)
[04/01/2024-15:03:53] [W] [TRT] Unknown embedded device detected. Using 59656MiB as the allocation cap for memory on embedded devices.
[04/01/2024-15:03:53] [V] [TRT] Tactic: 0x00000000000003e8 Time: 0.452635
[04/01/2024-15:03:53] [W] [TRT] Unknown embedded device detected. Using 59656MiB as the allocation cap for memory on embedded devices.
[04/01/2024-15:03:53] [V] [TRT] Tactic: 0x00000000000003ea Time: 0.154258
[04/01/2024-15:03:53] [W] [TRT] Unknown embedded device detected. Using 59656MiB as the allocation cap for memory on embedded devices.
[04/01/2024-15:03:53] [V] [TRT] Tactic: 0x0000000000000000 Time: 0.422135
[04/01/2024-15:03:53] [V] [TRT] Fastest Tactic: 0x00000000000003ea Time: 0.154258
[04/01/2024-15:03:53] [V] [TRT] *************** Autotuning Reformat: Float(2592000,1,14400,80) -> Half(648000,1:4,3600,20) ***************
[04/01/2024-15:03:53] [V] [TRT] --------------- Timing Runner: Optimizer Reformat(10 -> <out>) (Reformat)
[04/01/2024-15:03:53] [W] [TRT] Unknown embedded device detected. Using 59656MiB as the allocation cap for memory on embedded devices.
[04/01/2024-15:03:53] [V] [TRT] Tactic: 0x00000000000003e8 Time: 0.16853
[04/01/2024-15:03:53] [W] [TRT] Unknown embedded device detected. Using 59656MiB as the allocation cap for memory on embedded devices.
[04/01/2024-15:03:53] [V] [TRT] Tactic: 0x00000000000003ea Time: 0.109867
[04/01/2024-15:03:53] [W] [TRT] Unknown embedded device detected. Using 59656MiB as the allocation cap for memory on embedded devices.
[04/01/2024-15:03:53] [V] [TRT] Tactic: 0x0000000000000000 Time: 0.168146
[04/01/2024-15:03:53] [V] [TRT] Fastest Tactic: 0x00000000000003ea Time: 0.109867
[04/01/2024-15:03:53] [V] [TRT] *************** Autotuning Reformat: Float(2592000,1,14400,80) -> Half(324000,1:8,1800,10) ***************
[04/01/2024-15:03:53] [V] [TRT] --------------- Timing Runner: Optimizer Reformat(10 -> <out>) (Reformat)
[04/01/2024-15:03:53] [W] [TRT] Unknown embedded device detected. Using 59656MiB as the allocation cap for memory on embedded devices.
[04/01/2024-15:03:53] [V] [TRT] Tactic: 0x00000000000003e8 Time: 0.167858
[04/01/2024-15:03:53] [W] [TRT] Unknown embedded device detected. Using 59656MiB as the allocation cap for memory on embedded devices.
[04/01/2024-15:03:53] [V] [TRT] Tactic: 0x00000000000003ea Time: 0.109856
[04/01/2024-15:03:53] [W] [TRT] Unknown embedded device detected. Using 59656MiB as the allocation cap for memory on embedded devices.
[04/01/2024-15:03:53] [V] [TRT] Tactic: 0x0000000000000000 Time: 0.167881
[04/01/2024-15:03:53] [V] [TRT] Fastest Tactic: 0x00000000000003ea Time: 0.109856
[04/01/2024-15:03:53] [V] [TRT] *************** Autotuning Reformat: Float(648000,1:4,3600,20) -> Float(2592000,32400,180,1) ***************
[04/01/2024-15:03:53] [V] [TRT] --------------- Timing Runner: Optimizer Reformat(10 -> <out>) (Reformat)
[04/01/2024-15:03:53] [W] [TRT] Unknown embedded device detected. Using 59656MiB as the allocation cap for memory on embedded devices.
[04/01/2024-15:03:53] [V] [TRT] Tactic: 0x00000000000003e8 Time: 0.674848
[04/01/2024-15:03:53] [W] [TRT] Unknown embedded device detected. Using 59656MiB as the allocation cap for memory on embedded devices.
[04/01/2024-15:03:53] [V] [TRT] Tactic: 0x00000000000003ea Time: 0.185582
[04/01/2024-15:03:53] [W] [TRT] Unknown embedded device detected. Using 59656MiB as the allocation cap for memory on embedded devices.
[04/01/2024-15:03:53] [V] [TRT] Tactic: 0x0000000000000000 Time: 0.703383
[04/01/2024-15:03:53] [V] [TRT] Fastest Tactic: 0x00000000000003ea Time: 0.185582
[04/01/2024-15:03:53] [V] [TRT] *************** Autotuning Reformat: Float(648000,1:4,3600,20) -> Float(2592000,1,14400,80) ***************
[04/01/2024-15:03:53] [V] [TRT] --------------- Timing Runner: Optimizer Reformat(10 -> <out>) (Reformat)
[04/01/2024-15:03:53] [W] [TRT] Unknown embedded device detected. Using 59656MiB as the allocation cap for memory on embedded devices.
[04/01/2024-15:03:53] [V] [TRT] Tactic: 0x00000000000003e8 Time: 0.173394
[04/01/2024-15:03:53] [W] [TRT] Unknown embedded device detected. Using 59656MiB as the allocation cap for memory on embedded devices.
[04/01/2024-15:03:53] [V] [TRT] Tactic: 0x00000000000003ea Time: 0.154117
[04/01/2024-15:03:53] [W] [TRT] Unknown embedded device detected. Using 59656MiB as the allocation cap for memory on embedded devices.
[04/01/2024-15:03:53] [V] [TRT] Tactic: 0x0000000000000000 Time: 0.172411
[04/01/2024-15:03:53] [V] [TRT] Fastest Tactic: 0x00000000000003ea Time: 0.154117
[04/01/2024-15:03:53] [V] [TRT] *************** Autotuning Reformat: Float(648000,1:4,3600,20) -> Half(2592000,32400,180,1) ***************
[04/01/2024-15:03:53] [V] [TRT] --------------- Timing Runner: Optimizer Reformat(10 -> <out>) (Reformat)
[04/01/2024-15:03:53] [W] [TRT] Unknown embedded device detected. Using 59656MiB as the allocation cap for memory on embedded devices.
[04/01/2024-15:03:53] [V] [TRT] Tactic: 0x00000000000003e8 Time: 0.354267
[04/01/2024-15:03:53] [W] [TRT] Unknown embedded device detected. Using 59656MiB as the allocation cap for memory on embedded devices.
[04/01/2024-15:03:53] [V] [TRT] Tactic: 0x00000000000003ea Time: 0.141584
[04/01/2024-15:03:53] [W] [TRT] Unknown embedded device detected. Using 59656MiB as the allocation cap for memory on embedded devices.
[04/01/2024-15:03:53] [V] [TRT] Tactic: 0x0000000000000000 Time: 0.343273
[04/01/2024-15:03:53] [V] [TRT] Fastest Tactic: 0x00000000000003ea Time: 0.141584
[04/01/2024-15:03:53] [V] [TRT] *************** Autotuning Reformat: Float(648000,1:4,3600,20) -> Half(1296000,32400:2,180,1) ***************
[04/01/2024-15:03:53] [V] [TRT] --------------- Timing Runner: Optimizer Reformat(10 -> <out>) (Reformat)
[04/01/2024-15:03:53] [W] [TRT] Unknown embedded device detected. Using 59656MiB as the allocation cap for memory on embedded devices.
[04/01/2024-15:03:53] [V] [TRT] Tactic: 0x00000000000003e8 Time: 0.406185
[04/01/2024-15:03:53] [W] [TRT] Unknown embedded device detected. Using 59656MiB as the allocation cap for memory on embedded devices.
[04/01/2024-15:03:53] [V] [TRT] Tactic: 0x00000000000003ea Time: 0.154062
[04/01/2024-15:03:53] [W] [TRT] Unknown embedded device detected. Using 59656MiB as the allocation cap for memory on embedded devices.
[04/01/2024-15:03:53] [V] [TRT] Tactic: 0x0000000000000000 Time: 0.528155
[04/01/2024-15:03:53] [V] [TRT] Fastest Tactic: 0x00000000000003ea Time: 0.154062
[04/01/2024-15:03:53] [V] [TRT] *************** Autotuning Reformat: Float(648000,1:4,3600,20) -> Half(648000,1:4,3600,20) ***************
[04/01/2024-15:03:53] [V] [TRT] --------------- Timing Runner: Optimizer Reformat(10 -> <out>) (Reformat)
[04/01/2024-15:03:53] [W] [TRT] Unknown embedded device detected. Using 59656MiB as the allocation cap for memory on embedded devices.
[04/01/2024-15:03:53] [V] [TRT] Tactic: 0x00000000000003e8 Time: 0.195264
[04/01/2024-15:03:53] [W] [TRT] Unknown embedded device detected. Using 59656MiB as the allocation cap for memory on embedded devices.
[04/01/2024-15:03:53] [V] [TRT] Tactic: 0x00000000000003ea Time: 0.111193
[04/01/2024-15:03:53] [W] [TRT] Unknown embedded device detected. Using 59656MiB as the allocation cap for memory on embedded devices.
[04/01/2024-15:03:53] [V] [TRT] Tactic: 0x0000000000000000 Time: 0.195264
[04/01/2024-15:03:53] [V] [TRT] Fastest Tactic: 0x00000000000003ea Time: 0.111193
[04/01/2024-15:03:53] [V] [TRT] *************** Autotuning Reformat: Float(648000,1:4,3600,20) -> Half(324000,1:8,1800,10) ***************
[04/01/2024-15:03:53] [V] [TRT] --------------- Timing Runner: Optimizer Reformat(10 -> <out>) (Reformat)
[04/01/2024-15:03:53] [W] [TRT] Unknown embedded device detected. Using 59656MiB as the allocation cap for memory on embedded devices.
[04/01/2024-15:03:53] [V] [TRT] Tactic: 0x00000000000003e8 Time: 0.195877
[04/01/2024-15:03:53] [W] [TRT] Unknown embedded device detected. Using 59656MiB as the allocation cap for memory on embedded devices.
[04/01/2024-15:03:53] [V] [TRT] Tactic: 0x00000000000003ea Time: 0.110073
[04/01/2024-15:03:53] [W] [TRT] Unknown embedded device detected. Using 59656MiB as the allocation cap for memory on embedded devices.
[04/01/2024-15:03:53] [V] [TRT] Tactic: 0x0000000000000000 Time: 0.195589
[04/01/2024-15:03:53] [V] [TRT] Fastest Tactic: 0x00000000000003ea Time: 0.110073
[04/01/2024-15:03:53] [V] [TRT] *************** Autotuning Reformat: Half(2592000,32400,180,1) -> Float(2592000,32400,180,1) ***************
[04/01/2024-15:03:53] [V] [TRT] --------------- Timing Runner: Optimizer Reformat(10 -> <out>) (Reformat)
[04/01/2024-15:03:53] [W] [TRT] Unknown embedded device detected. Using 59656MiB as the allocation cap for memory on embedded devices.
[04/01/2024-15:03:53] [V] [TRT] Tactic: 0x00000000000003e8 Time: 0.0916114
[04/01/2024-15:03:53] [W] [TRT] Unknown embedded device detected. Using 59656MiB as the allocation cap for memory on embedded devices.
[04/01/2024-15:03:53] [V] [TRT] Tactic: 0x00000000000003ea Time: 0.126624
[04/01/2024-15:03:53] [W] [TRT] Unknown embedded device detected. Using 59656MiB as the allocation cap for memory on embedded devices.
[04/01/2024-15:03:53] [V] [TRT] Tactic: 0x0000000000000000 Time: 0.177641
[04/01/2024-15:03:53] [V] [TRT] Fastest Tactic: 0x00000000000003e8 Time: 0.0916114
[04/01/2024-15:03:53] [V] [TRT] *************** Autotuning Reformat: Half(2592000,32400,180,1) -> Float(2592000,1,14400,80) ***************
[04/01/2024-15:03:53] [V] [TRT] --------------- Timing Runner: Optimizer Reformat(10 -> <out>) (Reformat)
[04/01/2024-15:03:53] [W] [TRT] Unknown embedded device detected. Using 59656MiB as the allocation cap for memory on embedded devices.
[04/01/2024-15:03:53] [V] [TRT] Tactic: 0x00000000000003e8 Time: 0.280699
[04/01/2024-15:03:53] [W] [TRT] Unknown embedded device detected. Using 59656MiB as the allocation cap for memory on embedded devices.
[04/01/2024-15:03:53] [V] [TRT] Tactic: 0x00000000000003ea Time: 0.117728
[04/01/2024-15:03:53] [W] [TRT] Unknown embedded device detected. Using 59656MiB as the allocation cap for memory on embedded devices.
[04/01/2024-15:03:53] [V] [TRT] Tactic: 0x0000000000000000 Time: 0.282277
[04/01/2024-15:03:53] [V] [TRT] Fastest Tactic: 0x00000000000003ea Time: 0.117728
[04/01/2024-15:03:53] [V] [TRT] *************** Autotuning Reformat: Half(2592000,32400,180,1) -> Float(648000,1:4,3600,20) ***************
[04/01/2024-15:03:53] [V] [TRT] --------------- Timing Runner: Optimizer Reformat(10 -> <out>) (Reformat)
[04/01/2024-15:03:53] [W] [TRT] Unknown embedded device detected. Using 59656MiB as the allocation cap for memory on embedded devices.
[04/01/2024-15:03:53] [V] [TRT] Tactic: 0x00000000000003e8 Time: 0.291273
[04/01/2024-15:03:53] [W] [TRT] Unknown embedded device detected. Using 59656MiB as the allocation cap for memory on embedded devices.
[04/01/2024-15:03:53] [V] [TRT] Tactic: 0x00000000000003ea Time: 0.116569
[04/01/2024-15:03:53] [W] [TRT] Unknown embedded device detected. Using 59656MiB as the allocation cap for memory on embedded devices.
[04/01/2024-15:03:53] [V] [TRT] Tactic: 0x0000000000000000 Time: 0.289207
[04/01/2024-15:03:53] [V] [TRT] Fastest Tactic: 0x00000000000003ea Time: 0.116569
[04/01/2024-15:03:53] [V] [TRT] *************** Autotuning Reformat: Half(2592000,32400,180,1) -> Half(1296000,32400:2,180,1) ***************
[04/01/2024-15:03:53] [V] [TRT] --------------- Timing Runner: Optimizer Reformat(10 -> <out>) (Reformat)
[04/01/2024-15:03:53] [W] [TRT] Unknown embedded device detected. Using 59656MiB as the allocation cap for memory on embedded devices.
[04/01/2024-15:03:53] [V] [TRT] Tactic: 0x00000000000003e8 Time: 0.153435
[04/01/2024-15:03:53] [W] [TRT] Unknown embedded device detected. Using 59656MiB as the allocation cap for memory on embedded devices.
[04/01/2024-15:03:54] [V] [TRT] Tactic: 0x00000000000003ea Time: 0.088688
[04/01/2024-15:03:54] [W] [TRT] Unknown embedded device detected. Using 59656MiB as the allocation cap for memory on embedded devices.
[04/01/2024-15:03:54] [V] [TRT] Tactic: 0x0000000000000000 Time: 0.121015
[04/01/2024-15:03:54] [V] [TRT] Fastest Tactic: 0x00000000000003ea Time: 0.088688
[04/01/2024-15:03:54] [V] [TRT] *************** Autotuning Reformat: Half(2592000,32400,180,1) -> Half(648000,1:4,3600,20) ***************
[04/01/2024-15:03:54] [V] [TRT] --------------- Timing Runner: Optimizer Reformat(10 -> <out>) (Reformat)
[04/01/2024-15:03:54] [W] [TRT] Unknown embedded device detected. Using 59656MiB as the allocation cap for memory on embedded devices.
[04/01/2024-15:03:54] [V] [TRT] Tactic: 0x00000000000003e8 Time: 0.297755
[04/01/2024-15:03:54] [W] [TRT] Unknown embedded device detected. Using 59656MiB as the allocation cap for memory on embedded devices.
[04/01/2024-15:03:54] [V] [TRT] Tactic: 0x00000000000003ea Time: 0.285669
[04/01/2024-15:03:54] [W] [TRT] Unknown embedded device detected. Using 59656MiB as the allocation cap for memory on embedded devices.
[04/01/2024-15:03:54] [V] [TRT] Tactic: 0x0000000000000000 Time: 0.301339
[04/01/2024-15:03:54] [V] [TRT] Fastest Tactic: 0x00000000000003ea Time: 0.285669
[04/01/2024-15:03:54] [V] [TRT] *************** Autotuning Reformat: Half(2592000,32400,180,1) -> Half(324000,1:8,1800,10) ***************
[04/01/2024-15:03:54] [V] [TRT] --------------- Timing Runner: Optimizer Reformat(10 -> <out>) (Reformat)
[04/01/2024-15:03:54] [W] [TRT] Unknown embedded device detected. Using 59656MiB as the allocation cap for memory on embedded devices.
[04/01/2024-15:03:54] [V] [TRT] Tactic: 0x00000000000003e8 Time: 0.302281
[04/01/2024-15:03:54] [W] [TRT] Unknown embedded device detected. Using 59656MiB as the allocation cap for memory on embedded devices.
[04/01/2024-15:03:54] [V] [TRT] Tactic: 0x00000000000003ea Time: 0.0735177
[04/01/2024-15:03:54] [W] [TRT] Unknown embedded device detected. Using 59656MiB as the allocation cap for memory on embedded devices.
[04/01/2024-15:03:54] [V] [TRT] Tactic: 0x0000000000000000 Time: 0.0872937
[04/01/2024-15:03:54] [V] [TRT] Fastest Tactic: 0x00000000000003ea Time: 0.0735177
[04/01/2024-15:03:54] [V] [TRT] *************** Autotuning Reformat: Half(1296000,32400:2,180,1) -> Float(2592000,32400,180,1) ***************
[04/01/2024-15:03:54] [V] [TRT] --------------- Timing Runner: Optimizer Reformat(10 -> <out>) (Reformat)
[04/01/2024-15:03:54] [W] [TRT] Unknown embedded device detected. Using 59656MiB as the allocation cap for memory on embedded devices.
[04/01/2024-15:03:54] [V] [TRT] Tactic: 0x00000000000003e8 Time: 0.162546
[04/01/2024-15:03:54] [W] [TRT] Unknown embedded device detected. Using 59656MiB as the allocation cap for memory on embedded devices.
[04/01/2024-15:03:54] [V] [TRT] Tactic: 0x00000000000003ea Time: 0.144841
[04/01/2024-15:03:54] [W] [TRT] Unknown embedded device detected. Using 59656MiB as the allocation cap for memory on embedded devices.
[04/01/2024-15:03:54] [V] [TRT] Tactic: 0x0000000000000000 Time: 0.109342
[04/01/2024-15:03:54] [V] [TRT] Fastest Tactic: 0x0000000000000000 Time: 0.109342
[04/01/2024-15:03:54] [V] [TRT] *************** Autotuning Reformat: Half(1296000,32400:2,180,1) -> Float(2592000,1,14400,80) ***************
[04/01/2024-15:03:54] [V] [TRT] --------------- Timing Runner: Optimizer Reformat(10 -> <out>) (Reformat)
[04/01/2024-15:03:54] [W] [TRT] Unknown embedded device detected. Using 59656MiB as the allocation cap for memory on embedded devices.
[04/01/2024-15:03:54] [V] [TRT] Tactic: 0x00000000000003e8 Time: 0.227927
[04/01/2024-15:03:54] [W] [TRT] Unknown embedded device detected. Using 59656MiB as the allocation cap for memory on embedded devices.
[04/01/2024-15:03:54] [V] [TRT] Tactic: 0x00000000000003ea Time: 0.121035
[04/01/2024-15:03:54] [W] [TRT] Unknown embedded device detected. Using 59656MiB as the allocation cap for memory on embedded devices.
[04/01/2024-15:03:54] [V] [TRT] Tactic: 0x0000000000000000 Time: 0.228229
[04/01/2024-15:03:54] [V] [TRT] Fastest Tactic: 0x00000000000003ea Time: 0.121035
[04/01/2024-15:03:54] [V] [TRT] *************** Autotuning Reformat: Half(1296000,32400:2,180,1) -> Float(648000,1:4,3600,20) ***************
[04/01/2024-15:03:54] [V] [TRT] --------------- Timing Runner: Optimizer Reformat(10 -> <out>) (Reformat)
[04/01/2024-15:03:54] [W] [TRT] Unknown embedded device detected. Using 59656MiB as the allocation cap for memory on embedded devices.
[04/01/2024-15:03:54] [V] [TRT] Tactic: 0x00000000000003e8 Time: 0.235168
[04/01/2024-15:03:54] [W] [TRT] Unknown embedded device detected. Using 59656MiB as the allocation cap for memory on embedded devices.
[04/01/2024-15:03:54] [V] [TRT] Tactic: 0x00000000000003ea Time: 0.120542
[04/01/2024-15:03:54] [W] [TRT] Unknown embedded device detected. Using 59656MiB as the allocation cap for memory on embedded devices.
[04/01/2024-15:03:54] [V] [TRT] Tactic: 0x0000000000000000 Time: 0.233787
[04/01/2024-15:03:54] [V] [TRT] Fastest Tactic: 0x00000000000003ea Time: 0.120542
[04/01/2024-15:03:54] [V] [TRT] *************** Autotuning Reformat: Half(1296000,32400:2,180,1) -> Half(2592000,32400,180,1) ***************
[04/01/2024-15:03:54] [V] [TRT] --------------- Timing Runner: Optimizer Reformat(10 -> <out>) (Reformat)
[04/01/2024-15:03:54] [W] [TRT] Unknown embedded device detected. Using 59656MiB as the allocation cap for memory on embedded devices.
[04/01/2024-15:03:54] [V] [TRT] Tactic: 0x00000000000003e8 Time: 0.146592
[04/01/2024-15:03:54] [W] [TRT] Unknown embedded device detected. Using 59656MiB as the allocation cap for memory on embedded devices.
[04/01/2024-15:03:54] [V] [TRT] Tactic: 0x00000000000003ea Time: 0.512453
[04/01/2024-15:03:54] [W] [TRT] Unknown embedded device detected. Using 59656MiB as the allocation cap for memory on embedded devices.
[04/01/2024-15:03:54] [V] [TRT] Tactic: 0x0000000000000000 Time: 0.0988846
[04/01/2024-15:03:54] [V] [TRT] Fastest Tactic: 0x0000000000000000 Time: 0.0988846
[04/01/2024-15:03:54] [V] [TRT] *************** Autotuning Reformat: Half(1296000,32400:2,180,1) -> Half(648000,1:4,3600,20) ***************
[04/01/2024-15:03:54] [V] [TRT] --------------- Timing Runner: Optimizer Reformat(10 -> <out>) (Reformat)
[04/01/2024-15:03:54] [W] [TRT] Unknown embedded device detected. Using 59656MiB as the allocation cap for memory on embedded devices.
[04/01/2024-15:03:54] [V] [TRT] Tactic: 0x00000000000003e8 Time: 0.232599
[04/01/2024-15:03:54] [W] [TRT] Unknown embedded device detected. Using 59656MiB as the allocation cap for memory on embedded devices.
[04/01/2024-15:03:54] [V] [TRT] Tactic: 0x00000000000003ea Time: 0.117922
[04/01/2024-15:03:54] [W] [TRT] Unknown embedded device detected. Using 59656MiB as the allocation cap for memory on embedded devices.
[04/01/2024-15:03:54] [V] [TRT] Tactic: 0x0000000000000000 Time: 0.232425
[04/01/2024-15:03:54] [V] [TRT] Fastest Tactic: 0x00000000000003ea Time: 0.117922
[04/01/2024-15:03:54] [V] [TRT] *************** Autotuning Reformat: Half(1296000,32400:2,180,1) -> Half(324000,1:8,1800,10) ***************
[04/01/2024-15:03:54] [V] [TRT] --------------- Timing Runner: Optimizer Reformat(10 -> <out>) (Reformat)
[04/01/2024-15:03:54] [W] [TRT] Unknown embedded device detected. Using 59656MiB as the allocation cap for memory on embedded devices.
[04/01/2024-15:03:54] [V] [TRT] Tactic: 0x00000000000003e8 Time: 0.233152
[04/01/2024-15:03:54] [W] [TRT] Unknown embedded device detected. Using 59656MiB as the allocation cap for memory on embedded devices.
[04/01/2024-15:03:54] [V] [TRT] Tactic: 0x00000000000003ea Time: 0.119346
[04/01/2024-15:03:54] [W] [TRT] Unknown embedded device detected. Using 59656MiB as the allocation cap for memory on embedded devices.
[04/01/2024-15:03:54] [V] [TRT] Tactic: 0x0000000000000000 Time: 0.0937783
[04/01/2024-15:03:54] [V] [TRT] Fastest Tactic: 0x0000000000000000 Time: 0.0937783
[04/01/2024-15:03:54] [V] [TRT] *************** Autotuning Reformat: Half(648000,1:4,3600,20) -> Float(2592000,32400,180,1) ***************
[04/01/2024-15:03:54] [V] [TRT] --------------- Timing Runner: Optimizer Reformat(10 -> <out>) (Reformat)
[04/01/2024-15:03:54] [W] [TRT] Unknown embedded device detected. Using 59656MiB as the allocation cap for memory on embedded devices.
[04/01/2024-15:03:54] [V] [TRT] Tactic: 0x00000000000003e8 Time: 0.580713
[04/01/2024-15:03:54] [W] [TRT] Unknown embedded device detected. Using 59656MiB as the allocation cap for memory on embedded devices.
[04/01/2024-15:03:54] [V] [TRT] Tactic: 0x00000000000003ea Time: 0.134791
[04/01/2024-15:03:54] [W] [TRT] Unknown embedded device detected. Using 59656MiB as the allocation cap for memory on embedded devices.
[04/01/2024-15:03:54] [V] [TRT] Tactic: 0x0000000000000000 Time: 0.350121
[04/01/2024-15:03:54] [V] [TRT] Fastest Tactic: 0x00000000000003ea Time: 0.134791
[04/01/2024-15:03:54] [V] [TRT] *************** Autotuning Reformat: Half(648000,1:4,3600,20) -> Float(2592000,1,14400,80) ***************
[04/01/2024-15:03:54] [V] [TRT] --------------- Timing Runner: Optimizer Reformat(10 -> <out>) (Reformat)
[04/01/2024-15:03:54] [W] [TRT] Unknown embedded device detected. Using 59656MiB as the allocation cap for memory on embedded devices.
[04/01/2024-15:03:54] [V] [TRT] Tactic: 0x00000000000003e8 Time: 0.175881
[04/01/2024-15:03:54] [W] [TRT] Unknown embedded device detected. Using 59656MiB as the allocation cap for memory on embedded devices.
[04/01/2024-15:03:54] [V] [TRT] Tactic: 0x00000000000003ea Time: 0.112357
[04/01/2024-15:03:54] [W] [TRT] Unknown embedded device detected. Using 59656MiB as the allocation cap for memory on embedded devices.
[04/01/2024-15:03:54] [V] [TRT] Tactic: 0x0000000000000000 Time: 0.173655
[04/01/2024-15:03:54] [V] [TRT] Fastest Tactic: 0x00000000000003ea Time: 0.112357
[04/01/2024-15:03:54] [V] [TRT] *************** Autotuning Reformat: Half(648000,1:4,3600,20) -> Float(648000,1:4,3600,20) ***************
[04/01/2024-15:03:54] [V] [TRT] --------------- Timing Runner: Optimizer Reformat(10 -> <out>) (Reformat)
[04/01/2024-15:03:54] [W] [TRT] Unknown embedded device detected. Using 59656MiB as the allocation cap for memory on embedded devices.
[04/01/2024-15:03:54] [V] [TRT] Tactic: 0x00000000000003e8 Time: 0.196457
[04/01/2024-15:03:54] [W] [TRT] Unknown embedded device detected. Using 59656MiB as the allocation cap for memory on embedded devices.
[04/01/2024-15:03:54] [V] [TRT] Tactic: 0x00000000000003ea Time: 0.110864
[04/01/2024-15:03:54] [W] [TRT] Unknown embedded device detected. Using 59656MiB as the allocation cap for memory on embedded devices.
[04/01/2024-15:03:54] [V] [TRT] Tactic: 0x0000000000000000 Time: 0.196873
[04/01/2024-15:03:54] [V] [TRT] Fastest Tactic: 0x00000000000003ea Time: 0.110864
[04/01/2024-15:03:54] [V] [TRT] *************** Autotuning Reformat: Half(648000,1:4,3600,20) -> Half(2592000,32400,180,1) ***************
[04/01/2024-15:03:54] [V] [TRT] --------------- Timing Runner: Optimizer Reformat(10 -> <out>) (Reformat)
[04/01/2024-15:03:54] [W] [TRT] Unknown embedded device detected. Using 59656MiB as the allocation cap for memory on embedded devices.
[04/01/2024-15:03:54] [V] [TRT] Tactic: 0x00000000000003e8 Time: 0.295845
[04/01/2024-15:03:54] [W] [TRT] Unknown embedded device detected. Using 59656MiB as the allocation cap for memory on embedded devices.
[04/01/2024-15:03:54] [V] [TRT] Tactic: 0x00000000000003ea Time: 0.407927
[04/01/2024-15:03:54] [W] [TRT] Unknown embedded device detected. Using 59656MiB as the allocation cap for memory on embedded devices.
[04/01/2024-15:03:54] [V] [TRT] Tactic: 0x0000000000000000 Time: 0.297362
[04/01/2024-15:03:54] [V] [TRT] Fastest Tactic: 0x00000000000003e8 Time: 0.295845
[04/01/2024-15:03:54] [V] [TRT] *************** Autotuning Reformat: Half(648000,1:4,3600,20) -> Half(1296000,32400:2,180,1) ***************
[04/01/2024-15:03:54] [V] [TRT] --------------- Timing Runner: Optimizer Reformat(10 -> <out>) (Reformat)
[04/01/2024-15:03:54] [W] [TRT] Unknown embedded device detected. Using 59656MiB as the allocation cap for memory on embedded devices.
[04/01/2024-15:03:54] [V] [TRT] Tactic: 0x00000000000003e8 Time: 0.463374
[04/01/2024-15:03:54] [W] [TRT] Unknown embedded device detected. Using 59656MiB as the allocation cap for memory on embedded devices.
[04/01/2024-15:03:54] [V] [TRT] Tactic: 0x00000000000003ea Time: 0.14008
[04/01/2024-15:03:54] [W] [TRT] Unknown embedded device detected. Using 59656MiB as the allocation cap for memory on embedded devices.
[04/01/2024-15:03:54] [V] [TRT] Tactic: 0x0000000000000000 Time: 0.37467
[04/01/2024-15:03:54] [V] [TRT] Fastest Tactic: 0x00000000000003ea Time: 0.14008
[04/01/2024-15:03:54] [V] [TRT] *************** Autotuning Reformat: Half(648000,1:4,3600,20) -> Half(324000,1:8,1800,10) ***************
[04/01/2024-15:03:54] [V] [TRT] --------------- Timing Runner: Optimizer Reformat(10 -> <out>) (Reformat)
[04/01/2024-15:03:54] [W] [TRT] Unknown embedded device detected. Using 59656MiB as the allocation cap for memory on embedded devices.
[04/01/2024-15:03:54] [V] [TRT] Tactic: 0x00000000000003e8 Time: 0.181527
[04/01/2024-15:03:54] [W] [TRT] Unknown embedded device detected. Using 59656MiB as the allocation cap for memory on embedded devices.
[04/01/2024-15:03:54] [V] [TRT] Tactic: 0x00000000000003ea Time: 0.109707
[04/01/2024-15:03:54] [W] [TRT] Unknown embedded device detected. Using 59656MiB as the allocation cap for memory on embedded devices.
[04/01/2024-15:03:54] [V] [TRT] Tactic: 0x0000000000000000 Time: 0.182597
[04/01/2024-15:03:54] [V] [TRT] Fastest Tactic: 0x00000000000003ea Time: 0.109707
[04/01/2024-15:03:54] [V] [TRT] *************** Autotuning Reformat: Half(324000,1:8,1800,10) -> Float(2592000,32400,180,1) ***************
[04/01/2024-15:03:54] [V] [TRT] --------------- Timing Runner: Optimizer Reformat(10 -> <out>) (Reformat)
[04/01/2024-15:03:54] [W] [TRT] Unknown embedded device detected. Using 59656MiB as the allocation cap for memory on embedded devices.
[04/01/2024-15:03:54] [V] [TRT] Tactic: 0x00000000000003e8 Time: 0.695913
[04/01/2024-15:03:54] [W] [TRT] Unknown embedded device detected. Using 59656MiB as the allocation cap for memory on embedded devices.
[04/01/2024-15:03:54] [V] [TRT] Tactic: 0x00000000000003ea Time: 0.135335
[04/01/2024-15:03:54] [W] [TRT] Unknown embedded device detected. Using 59656MiB as the allocation cap for memory on embedded devices.
[04/01/2024-15:03:54] [V] [TRT] Tactic: 0x0000000000000000 Time: 0.0958286
[04/01/2024-15:03:54] [V] [TRT] Fastest Tactic: 0x0000000000000000 Time: 0.0958286
[04/01/2024-15:03:54] [V] [TRT] *************** Autotuning Reformat: Half(324000,1:8,1800,10) -> Float(2592000,1,14400,80) ***************
[04/01/2024-15:03:54] [V] [TRT] --------------- Timing Runner: Optimizer Reformat(10 -> <out>) (Reformat)
[04/01/2024-15:03:54] [W] [TRT] Unknown embedded device detected. Using 59656MiB as the allocation cap for memory on embedded devices.
[04/01/2024-15:03:54] [V] [TRT] Tactic: 0x00000000000003e8 Time: 0.173586
[04/01/2024-15:03:54] [W] [TRT] Unknown embedded device detected. Using 59656MiB as the allocation cap for memory on embedded devices.
[04/01/2024-15:03:54] [V] [TRT] Tactic: 0x00000000000003ea Time: 0.114501
[04/01/2024-15:03:54] [W] [TRT] Unknown embedded device detected. Using 59656MiB as the allocation cap for memory on embedded devices.
[04/01/2024-15:03:54] [V] [TRT] Tactic: 0x0000000000000000 Time: 0.171826
[04/01/2024-15:03:54] [V] [TRT] Fastest Tactic: 0x00000000000003ea Time: 0.114501
[04/01/2024-15:03:54] [V] [TRT] *************** Autotuning Reformat: Half(324000,1:8,1800,10) -> Float(648000,1:4,3600,20) ***************
[04/01/2024-15:03:54] [V] [TRT] --------------- Timing Runner: Optimizer Reformat(10 -> <out>) (Reformat)
[04/01/2024-15:03:54] [W] [TRT] Unknown embedded device detected. Using 59656MiB as the allocation cap for memory on embedded devices.
[04/01/2024-15:03:54] [V] [TRT] Tactic: 0x00000000000003e8 Time: 0.196018
[04/01/2024-15:03:54] [W] [TRT] Unknown embedded device detected. Using 59656MiB as the allocation cap for memory on embedded devices.
[04/01/2024-15:03:54] [V] [TRT] Tactic: 0x00000000000003ea Time: 0.110795
[04/01/2024-15:03:54] [W] [TRT] Unknown embedded device detected. Using 59656MiB as the allocation cap for memory on embedded devices.
[04/01/2024-15:03:54] [V] [TRT] Tactic: 0x0000000000000000 Time: 0.196425
[04/01/2024-15:03:54] [V] [TRT] Fastest Tactic: 0x00000000000003ea Time: 0.110795
[04/01/2024-15:03:54] [V] [TRT] *************** Autotuning Reformat: Half(324000,1:8,1800,10) -> Half(2592000,32400,180,1) ***************
[04/01/2024-15:03:54] [V] [TRT] --------------- Timing Runner: Optimizer Reformat(10 -> <out>) (Reformat)
[04/01/2024-15:03:54] [W] [TRT] Unknown embedded device detected. Using 59656MiB as the allocation cap for memory on embedded devices.
[04/01/2024-15:03:54] [V] [TRT] Tactic: 0x00000000000003e8 Time: 0.29104
[04/01/2024-15:03:54] [W] [TRT] Unknown embedded device detected. Using 59656MiB as the allocation cap for memory on embedded devices.
[04/01/2024-15:03:54] [V] [TRT] Tactic: 0x00000000000003ea Time: 0.387598
[04/01/2024-15:03:54] [W] [TRT] Unknown embedded device detected. Using 59656MiB as the allocation cap for memory on embedded devices.
[04/01/2024-15:03:54] [V] [TRT] Tactic: 0x0000000000000000 Time: 0.0680823
[04/01/2024-15:03:54] [V] [TRT] Fastest Tactic: 0x0000000000000000 Time: 0.0680823
[04/01/2024-15:03:54] [V] [TRT] *************** Autotuning Reformat: Half(324000,1:8,1800,10) -> Half(1296000,32400:2,180,1) ***************
[04/01/2024-15:03:54] [V] [TRT] --------------- Timing Runner: Optimizer Reformat(10 -> <out>) (Reformat)
[04/01/2024-15:03:54] [W] [TRT] Unknown embedded device detected. Using 59656MiB as the allocation cap for memory on embedded devices.
[04/01/2024-15:03:54] [V] [TRT] Tactic: 0x00000000000003e8 Time: 0.451045
[04/01/2024-15:03:54] [W] [TRT] Unknown embedded device detected. Using 59656MiB as the allocation cap for memory on embedded devices.
[04/01/2024-15:03:54] [V] [TRT] Tactic: 0x00000000000003ea Time: 0.140775
[04/01/2024-15:03:54] [W] [TRT] Unknown embedded device detected. Using 59656MiB as the allocation cap for memory on embedded devices.
[04/01/2024-15:03:54] [V] [TRT] Tactic: 0x0000000000000000 Time: 0.0669638
[04/01/2024-15:03:54] [V] [TRT] Fastest Tactic: 0x0000000000000000 Time: 0.0669638
[04/01/2024-15:03:54] [V] [TRT] *************** Autotuning Reformat: Half(324000,1:8,1800,10) -> Half(648000,1:4,3600,20) ***************
[04/01/2024-15:03:54] [V] [TRT] --------------- Timing Runner: Optimizer Reformat(10 -> <out>) (Reformat)
[04/01/2024-15:03:54] [W] [TRT] Unknown embedded device detected. Using 59656MiB as the allocation cap for memory on embedded devices.
[04/01/2024-15:03:54] [V] [TRT] Tactic: 0x00000000000003e8 Time: 0.18133
[04/01/2024-15:03:54] [W] [TRT] Unknown embedded device detected. Using 59656MiB as the allocation cap for memory on embedded devices.
[04/01/2024-15:03:54] [V] [TRT] Tactic: 0x00000000000003ea Time: 0.109209
[04/01/2024-15:03:54] [W] [TRT] Unknown embedded device detected. Using 59656MiB as the allocation cap for memory on embedded devices.
[04/01/2024-15:03:54] [V] [TRT] Tactic: 0x0000000000000000 Time: 0.181915
[04/01/2024-15:03:54] [V] [TRT] Fastest Tactic: 0x00000000000003ea Time: 0.109209
[04/01/2024-15:03:54] [V] [TRT] =============== Computing reformatting costs: 
[04/01/2024-15:03:54] [V] [TRT] *************** Autotuning Reformat: Float(2592000,32400,180,1) -> Half(2592000,32400,180,1) ***************
[04/01/2024-15:03:54] [V] [TRT] --------------- Timing Runner: Optimizer Reformat(<in> -> feat_out) (Reformat)
[04/01/2024-15:03:54] [W] [TRT] Unknown embedded device detected. Using 59656MiB as the allocation cap for memory on embedded devices.
[04/01/2024-15:03:54] [V] [TRT] Tactic: 0x00000000000003e8 Time: 0.0968411
[04/01/2024-15:03:54] [W] [TRT] Unknown embedded device detected. Using 59656MiB as the allocation cap for memory on embedded devices.
[04/01/2024-15:03:54] [V] [TRT] Tactic: 0x00000000000003ea Time: 0.125456
[04/01/2024-15:03:54] [W] [TRT] Unknown embedded device detected. Using 59656MiB as the allocation cap for memory on embedded devices.
[04/01/2024-15:03:54] [V] [TRT] Tactic: 0x0000000000000000 Time: 0.199113
[04/01/2024-15:03:54] [V] [TRT] Fastest Tactic: 0x00000000000003e8 Time: 0.0968411
[04/01/2024-15:03:54] [V] [TRT] *************** Autotuning Reformat: Float(2592000,1,14400,80) -> Half(2592000,32400,180,1) ***************
[04/01/2024-15:03:54] [V] [TRT] --------------- Timing Runner: Optimizer Reformat(<in> -> feat_out) (Reformat)
[04/01/2024-15:03:54] [W] [TRT] Unknown embedded device detected. Using 59656MiB as the allocation cap for memory on embedded devices.
[04/01/2024-15:03:54] [V] [TRT] Tactic: 0x00000000000003e8 Time: 0.358167
[04/01/2024-15:03:54] [W] [TRT] Unknown embedded device detected. Using 59656MiB as the allocation cap for memory on embedded devices.
[04/01/2024-15:03:54] [V] [TRT] Tactic: 0x00000000000003ea Time: 0.141849
[04/01/2024-15:03:54] [W] [TRT] Unknown embedded device detected. Using 59656MiB as the allocation cap for memory on embedded devices.
[04/01/2024-15:03:54] [V] [TRT] Tactic: 0x0000000000000000 Time: 0.382871
[04/01/2024-15:03:54] [V] [TRT] Fastest Tactic: 0x00000000000003ea Time: 0.141849
[04/01/2024-15:03:54] [V] [TRT] *************** Autotuning Reformat: Float(648000,1:4,3600,20) -> Half(2592000,32400,180,1) ***************
[04/01/2024-15:03:54] [V] [TRT] --------------- Timing Runner: Optimizer Reformat(<in> -> feat_out) (Reformat)
[04/01/2024-15:03:54] [W] [TRT] Unknown embedded device detected. Using 59656MiB as the allocation cap for memory on embedded devices.
[04/01/2024-15:03:54] [V] [TRT] Tactic: 0x00000000000003e8 Time: 0.355991
[04/01/2024-15:03:54] [W] [TRT] Unknown embedded device detected. Using 59656MiB as the allocation cap for memory on embedded devices.
[04/01/2024-15:03:54] [V] [TRT] Tactic: 0x00000000000003ea Time: 0.141451
[04/01/2024-15:03:54] [W] [TRT] Unknown embedded device detected. Using 59656MiB as the allocation cap for memory on embedded devices.
[04/01/2024-15:03:54] [V] [TRT] Tactic: 0x0000000000000000 Time: 0.362464
[04/01/2024-15:03:54] [V] [TRT] Fastest Tactic: 0x00000000000003ea Time: 0.141451
[04/01/2024-15:03:54] [V] [TRT] *************** Autotuning Reformat: Half(1296000,32400:2,180,1) -> Half(2592000,32400,180,1) ***************
[04/01/2024-15:03:54] [V] [TRT] --------------- Timing Runner: Optimizer Reformat(<in> -> feat_out) (Reformat)
[04/01/2024-15:03:54] [W] [TRT] Unknown embedded device detected. Using 59656MiB as the allocation cap for memory on embedded devices.
[04/01/2024-15:03:54] [V] [TRT] Tactic: 0x00000000000003e8 Time: 0.147008
[04/01/2024-15:03:54] [W] [TRT] Unknown embedded device detected. Using 59656MiB as the allocation cap for memory on embedded devices.
[04/01/2024-15:03:54] [V] [TRT] Tactic: 0x00000000000003ea Time: 0.511808
[04/01/2024-15:03:54] [W] [TRT] Unknown embedded device detected. Using 59656MiB as the allocation cap for memory on embedded devices.
[04/01/2024-15:03:54] [V] [TRT] Tactic: 0x0000000000000000 Time: 0.0974194
[04/01/2024-15:03:54] [V] [TRT] Fastest Tactic: 0x0000000000000000 Time: 0.0974194
[04/01/2024-15:03:54] [V] [TRT] *************** Autotuning Reformat: Half(648000,1:4,3600,20) -> Half(2592000,32400,180,1) ***************
[04/01/2024-15:03:54] [V] [TRT] --------------- Timing Runner: Optimizer Reformat(<in> -> feat_out) (Reformat)
[04/01/2024-15:03:54] [W] [TRT] Unknown embedded device detected. Using 59656MiB as the allocation cap for memory on embedded devices.
[04/01/2024-15:03:54] [V] [TRT] Tactic: 0x00000000000003e8 Time: 0.292201
[04/01/2024-15:03:54] [W] [TRT] Unknown embedded device detected. Using 59656MiB as the allocation cap for memory on embedded devices.
[04/01/2024-15:03:54] [V] [TRT] Tactic: 0x00000000000003ea Time: 0.407392
[04/01/2024-15:03:54] [W] [TRT] Unknown embedded device detected. Using 59656MiB as the allocation cap for memory on embedded devices.
[04/01/2024-15:03:54] [V] [TRT] Tactic: 0x0000000000000000 Time: 0.290907
[04/01/2024-15:03:54] [V] [TRT] Fastest Tactic: 0x0000000000000000 Time: 0.290907
[04/01/2024-15:03:54] [V] [TRT] *************** Autotuning Reformat: Half(324000,1:8,1800,10) -> Half(2592000,32400,180,1) ***************
[04/01/2024-15:03:54] [V] [TRT] --------------- Timing Runner: Optimizer Reformat(<in> -> feat_out) (Reformat)
[04/01/2024-15:03:54] [W] [TRT] Unknown embedded device detected. Using 59656MiB as the allocation cap for memory on embedded devices.
[04/01/2024-15:03:54] [V] [TRT] Tactic: 0x00000000000003e8 Time: 0.292576
[04/01/2024-15:03:54] [W] [TRT] Unknown embedded device detected. Using 59656MiB as the allocation cap for memory on embedded devices.
[04/01/2024-15:03:54] [V] [TRT] Tactic: 0x00000000000003ea Time: 0.38795
[04/01/2024-15:03:54] [W] [TRT] Unknown embedded device detected. Using 59656MiB as the allocation cap for memory on embedded devices.
[04/01/2024-15:03:54] [V] [TRT] Tactic: 0x0000000000000000 Time: 0.0745143
[04/01/2024-15:03:54] [V] [TRT] Fastest Tactic: 0x0000000000000000 Time: 0.0745143
[04/01/2024-15:03:54] [V] [TRT] =============== Computing costs for 
[04/01/2024-15:03:54] [V] [TRT] *************** Autotuning format combination: Float(10368000,129600,360,1) -> Float(10368000,129600,360,1) ***************
[04/01/2024-15:03:54] [V] [TRT] --------------- Timing Runner: Conv_0 + Relu_1 (CudaDepthwiseConvolution)
[04/01/2024-15:03:54] [V] [TRT] CudaDepthwiseConvolution has no valid tactics for this config, skipping
[04/01/2024-15:03:54] [V] [TRT] --------------- Timing Runner: Conv_0 + Relu_1 (FusedConvActConvolution)
[04/01/2024-15:03:54] [V] [TRT] FusedConvActConvolution has no valid tactics for this config, skipping
[04/01/2024-15:03:54] [V] [TRT] --------------- Timing Runner: Conv_0 + Relu_1 (CudnnConvolution)
[04/01/2024-15:03:54] [W] [TRT] Unknown embedded device detected. Using 59656MiB as the allocation cap for memory on embedded devices.
[04/01/2024-15:03:55] [V] [TRT] Tactic: 0x0000000000000000 Time: 10.3913
[04/01/2024-15:03:55] [W] [TRT] Unknown embedded device detected. Using 59656MiB as the allocation cap for memory on embedded devices.
[04/01/2024-15:03:55] [V] [TRT] Tactic: 0x0000000000000001 Time: 2.91968
[04/01/2024-15:03:55] [W] [TRT] Unknown embedded device detected. Using 59656MiB as the allocation cap for memory on embedded devices.
[04/01/2024-15:03:55] [V] [TRT] Tactic: 0x0000000000000002 Time: 12.4516
[04/01/2024-15:03:55] [W] [TRT] Unknown embedded device detected. Using 59656MiB as the allocation cap for memory on embedded devices.
[04/01/2024-15:03:55] [V] [TRT] Tactic: 0x0000000000000005 Time: 27.7467
[04/01/2024-15:03:55] [W] [TRT] Unknown embedded device detected. Using 59656MiB as the allocation cap for memory on embedded devices.
[04/01/2024-15:03:55] [V] [TRT] Tactic: 0x0000000000000006 Time: 4.47671
[04/01/2024-15:03:55] [W] [TRT] Unknown embedded device detected. Using 59656MiB as the allocation cap for memory on embedded devices.
[04/01/2024-15:03:55] [V] [TRT] Tactic: 0x0000000000000038 Time: 10.401
[04/01/2024-15:03:55] [W] [TRT] Unknown embedded device detected. Using 59656MiB as the allocation cap for memory on embedded devices.
[04/01/2024-15:03:55] [V] [TRT] Tactic: 0x0000000000000039 Time: 2.91684
[04/01/2024-15:03:55] [W] [TRT] Unknown embedded device detected. Using 59656MiB as the allocation cap for memory on embedded devices.
[04/01/2024-15:03:55] [V] [TRT] Tactic: 0x000000000000003a Time: 12.427
[04/01/2024-15:03:55] [W] [TRT] Unknown embedded device detected. Using 59656MiB as the allocation cap for memory on embedded devices.
[04/01/2024-15:03:56] [V] [TRT] Tactic: 0x000000000000003d Time: 27.7854
[04/01/2024-15:03:56] [W] [TRT] Unknown embedded device detected. Using 59656MiB as the allocation cap for memory on embedded devices.
[04/01/2024-15:03:56] [V] [TRT] Tactic: 0x000000000000003e Time: 4.43691
[04/01/2024-15:03:56] [W] [TRT] Unknown embedded device detected. Using 59656MiB as the allocation cap for memory on embedded devices.
[04/01/2024-15:03:56] [V] [TRT] Tactic: 0x0000000000000070 Time: 10.2248
[04/01/2024-15:03:56] [W] [TRT] Unknown embedded device detected. Using 59656MiB as the allocation cap for memory on embedded devices.
[04/01/2024-15:03:56] [V] [TRT] Tactic: 0x0000000000000071 Time: 7.77106
[04/01/2024-15:03:56] [W] [TRT] Unknown embedded device detected. Using 59656MiB as the allocation cap for memory on embedded devices.
[04/01/2024-15:03:56] [V] [TRT] Tactic: 0x0000000000000072 Time: 12.495
[04/01/2024-15:03:56] [W] [TRT] Unknown embedded device detected. Using 59656MiB as the allocation cap for memory on embedded devices.
[04/01/2024-15:03:56] [V] [TRT] Tactic: 0x0000000000000075 Time: 27.6453
[04/01/2024-15:03:56] [W] [TRT] Unknown embedded device detected. Using 59656MiB as the allocation cap for memory on embedded devices.
[04/01/2024-15:03:56] [V] [TRT] Tactic: 0x0000000000000076 Time: 4.48463
[04/01/2024-15:03:56] [V] [TRT] Fastest Tactic: 0x0000000000000039 Time: 2.91684
[04/01/2024-15:03:56] [V] [TRT] --------------- Timing Runner: Conv_0 + Relu_1 (CaskGemmConvolution)
[04/01/2024-15:03:56] [V] [TRT] CaskGemmConvolution has no valid tactics for this config, skipping
[04/01/2024-15:03:56] [V] [TRT] --------------- Timing Runner: Conv_0 + Relu_1 (CaskConvolution)
[04/01/2024-15:03:56] [V] [TRT] Conv_0 + Relu_1 Set Tactic Name: ampere_scudnn_winograd_128x128_ldg1_ldg4_relu_tile148t_nt_v1 Tactic: 0x94119b4c514b211a
[04/01/2024-15:03:56] [W] [TRT] Unknown embedded device detected. Using 59656MiB as the allocation cap for memory on embedded devices.
[04/01/2024-15:03:56] [V] [TRT] Tactic: 0x94119b4c514b211a Time: 3.43306
[04/01/2024-15:03:56] [V] [TRT] Conv_0 + Relu_1 Set Tactic Name: ampere_scudnn_128x32_relu_small_nn_v1 Tactic: 0xa8609adc4e0ceb90
[04/01/2024-15:03:56] [W] [TRT] Unknown embedded device detected. Using 59656MiB as the allocation cap for memory on embedded devices.
[04/01/2024-15:03:56] [V] [TRT] Tactic: 0xa8609adc4e0ceb90 Time: 6.71858
[04/01/2024-15:03:56] [V] [TRT] Conv_0 + Relu_1 Set Tactic Name: ampere_scudnn_128x64_relu_xregs_large_nn_v1 Tactic: 0x5deb29b7a8e275f7
[04/01/2024-15:03:56] [W] [TRT] Unknown embedded device detected. Using 59656MiB as the allocation cap for memory on embedded devices.
[04/01/2024-15:03:57] [V] [TRT] Tactic: 0x5deb29b7a8e275f7 Time: 7.78661
[04/01/2024-15:03:57] [V] [TRT] Conv_0 + Relu_1 Set Tactic Name: ampere_scudnn_128x64_relu_medium_nn_v1 Tactic: 0xf64396b97c889179
[04/01/2024-15:03:57] [W] [TRT] Unknown embedded device detected. Using 59656MiB as the allocation cap for memory on embedded devices.
[04/01/2024-15:03:57] [V] [TRT] Tactic: 0xf64396b97c889179 Time: 8.2822
[04/01/2024-15:03:57] [V] [TRT] Conv_0 + Relu_1 Set Tactic Name: ampere_scudnn_128x128_relu_small_nn_v1 Tactic: 0x503619c69ae500ff
[04/01/2024-15:03:57] [W] [TRT] Unknown embedded device detected. Using 59656MiB as the allocation cap for memory on embedded devices.
[04/01/2024-15:03:57] [V] [TRT] Tactic: 0x503619c69ae500ff Time: 7.25056
[04/01/2024-15:03:57] [V] [TRT] Conv_0 + Relu_1 Set Tactic Name: ampere_scudnn_128x128_relu_xregs_large_nn_v1 Tactic: 0x5403ad713f811a18
[04/01/2024-15:03:57] [W] [TRT] Unknown embedded device detected. Using 59656MiB as the allocation cap for memory on embedded devices.
[04/01/2024-15:03:57] [V] [TRT] Tactic: 0x5403ad713f811a18 Time: 7.76896
[04/01/2024-15:03:57] [V] [TRT] Conv_0 + Relu_1 Set Tactic Name: ampere_scudnn_128x128_relu_medium_nn_v1 Tactic: 0xf067e6205da31c2e
[04/01/2024-15:03:57] [W] [TRT] Unknown embedded device detected. Using 59656MiB as the allocation cap for memory on embedded devices.
[04/01/2024-15:03:57] [V] [TRT] Tactic: 0xf067e6205da31c2e Time: 7.35273
[04/01/2024-15:03:57] [V] [TRT] Conv_0 + Relu_1 Set Tactic Name: sm80_xmma_fprop_implicit_gemm_indexed_f32f32_f32f32_f32_nchwkcrs_nchw_tilesize64x64x8_stage3_warpsize1x4x1_g1_ffma_aligna4_alignc4 Tactic: 0xd828f024626fa982
[04/01/2024-15:03:57] [W] [TRT] Unknown embedded device detected. Using 59656MiB as the allocation cap for memory on embedded devices.
[04/01/2024-15:03:57] [V] [TRT] Tactic: 0xd828f024626fa982 Time: 12.1757
[04/01/2024-15:03:57] [V] [TRT] Conv_0 + Relu_1 Set Tactic Name: sm80_xmma_fprop_implicit_gemm_f32f32_f32f32_f32_nchwkcrs_nchw_tilesize32x32x8_stage3_warpsize1x2x1_g1_ffma_aligna4_alignc4 Tactic: 0xb0bf940d5e0f9f45
[04/01/2024-15:03:57] [W] [TRT] Unknown embedded device detected. Using 59656MiB as the allocation cap for memory on embedded devices.
[04/01/2024-15:03:57] [V] [TRT] Tactic: 0xb0bf940d5e0f9f45 Time: 8.58781
[04/01/2024-15:03:57] [V] [TRT] Conv_0 + Relu_1 Set Tactic Name: ampere_scudnn_128x64_relu_small_nn_v1 Tactic: 0x3f243c490d502deb
[04/01/2024-15:03:57] [W] [TRT] Unknown embedded device detected. Using 59656MiB as the allocation cap for memory on embedded devices.
[04/01/2024-15:03:57] [V] [TRT] Tactic: 0x3f243c490d502deb Time: 8.12791
[04/01/2024-15:03:57] [V] [TRT] Conv_0 + Relu_1 Set Tactic Name: sm80_xmma_fprop_implicit_gemm_f32f32_f32f32_f32_nchwkcrs_nchw_tilesize64x128x8_stage3_warpsize1x4x1_g1_ffma_t1r3s3_aligna4_alignc4 Tactic: 0x01cf8ce2da913006
[04/01/2024-15:03:57] [W] [TRT] Unknown embedded device detected. Using 59656MiB as the allocation cap for memory on embedded devices.
[04/01/2024-15:03:57] [V] [TRT] Tactic: 0x01cf8ce2da913006 Time: 7.27509
[04/01/2024-15:03:57] [V] [TRT] Conv_0 + Relu_1 Set Tactic Name: sm80_xmma_fprop_implicit_gemm_indexed_f32f32_f32f32_f32_nchwkcrs_nchw_tilesize128x16x8_stage3_warpsize4x1x1_g1_ffma_aligna4_alignc4 Tactic: 0x40a12e3938221818
[04/01/2024-15:03:57] [W] [TRT] Unknown embedded device detected. Using 59656MiB as the allocation cap for memory on embedded devices.
[04/01/2024-15:03:57] [V] [TRT] Tactic: 0x40a12e3938221818 Time: 14.8566
[04/01/2024-15:03:57] [V] [TRT] Conv_0 + Relu_1 Set Tactic Name: sm80_xmma_fprop_implicit_gemm_f32f32_f32f32_f32_nchwkcrs_nchw_tilesize32x32x8_stage3_warpsize1x2x1_g1_ffma_t1r3s3_aligna4_alignc4 Tactic: 0x8ad32616b1424be4
[04/01/2024-15:03:57] [W] [TRT] Unknown embedded device detected. Using 59656MiB as the allocation cap for memory on embedded devices.
[04/01/2024-15:03:57] [V] [TRT] Tactic: 0x8ad32616b1424be4 Time: 8.42698
[04/01/2024-15:03:57] [V] [TRT] Conv_0 + Relu_1 Set Tactic Name: sm80_xmma_fprop_implicit_gemm_f32f32_f32f32_f32_nchwkcrs_nchw_tilesize256x128x8_stage3_warpsize4x2x1_g1_ffma_t1r3s3_aligna4_alignc4 Tactic: 0x4efce38acc876f5c
[04/01/2024-15:03:57] [W] [TRT] Unknown embedded device detected. Using 59656MiB as the allocation cap for memory on embedded devices.
[04/01/2024-15:03:57] [V] [TRT] Tactic: 0x4efce38acc876f5c Time: 6.80936
[04/01/2024-15:03:57] [V] [TRT] Conv_0 + Relu_1 Set Tactic Name: sm80_xmma_fprop_implicit_gemm_f32f32_f32f32_f32_nchwkcrs_nchw_tilesize128x16x8_stage3_warpsize4x1x1_g1_ffma_aligna4_alignc4 Tactic: 0x9d9fdb5fd9945f64
[04/01/2024-15:03:57] [W] [TRT] Unknown embedded device detected. Using 59656MiB as the allocation cap for memory on embedded devices.
[04/01/2024-15:03:58] [V] [TRT] Tactic: 0x9d9fdb5fd9945f64 Time: 8.55479
[04/01/2024-15:03:58] [V] [TRT] Conv_0 + Relu_1 Set Tactic Name: sm80_xmma_fprop_implicit_gemm_f32f32_f32f32_f32_nchwkcrs_nchw_tilesize64x64x8_stage3_warpsize1x4x1_g1_ffma_aligna4_alignc4 Tactic: 0xa31d27de74b895ff
[04/01/2024-15:03:58] [W] [TRT] Unknown embedded device detected. Using 59656MiB as the allocation cap for memory on embedded devices.
[04/01/2024-15:03:58] [V] [TRT] Tactic: 0xa31d27de74b895ff Time: 8.41234
[04/01/2024-15:03:58] [V] [TRT] Conv_0 + Relu_1 Set Tactic Name: sm80_xmma_fprop_implicit_gemm_f32f32_f32f32_f32_nchwkcrs_nchw_tilesize64x128x8_stage3_warpsize1x4x1_g1_ffma_aligna4_alignc4 Tactic: 0x5aa723e0481da855
[04/01/2024-15:03:58] [W] [TRT] Unknown embedded device detected. Using 59656MiB as the allocation cap for memory on embedded devices.
[04/01/2024-15:03:58] [V] [TRT] Tactic: 0x5aa723e0481da855 Time: 7.24115
[04/01/2024-15:03:58] [V] [TRT] Conv_0 + Relu_1 Set Tactic Name: sm80_xmma_fprop_implicit_gemm_indexed_f32f32_f32f32_f32_nchwkcrs_nchw_tilesize32x32x8_stage3_warpsize1x2x1_g1_ffma_aligna4_alignc4 Tactic: 0xcb8a43f748d8a338
[04/01/2024-15:03:58] [W] [TRT] Unknown embedded device detected. Using 59656MiB as the allocation cap for memory on embedded devices.
[04/01/2024-15:03:58] [V] [TRT] Tactic: 0xcb8a43f748d8a338 Time: 12.1533
[04/01/2024-15:03:58] [V] [TRT] Conv_0 + Relu_1 Set Tactic Name: sm80_xmma_fprop_implicit_gemm_f32f32_f32f32_f32_nchwkcrs_nchw_tilesize256x128x8_stage3_warpsize4x2x1_g1_ffma_aligna4_alignc4 Tactic: 0xbb8c3889c7eacd30
[04/01/2024-15:03:58] [W] [TRT] Unknown embedded device detected. Using 59656MiB as the allocation cap for memory on embedded devices.
[04/01/2024-15:03:58] [V] [TRT] Tactic: 0xbb8c3889c7eacd30 Time: 7.06371
[04/01/2024-15:03:58] [V] [TRT] Conv_0 + Relu_1 Set Tactic Name: sm80_xmma_fprop_implicit_gemm_indexed_f32f32_f32f32_f32_nchwkcrs_nchw_tilesize128x32x8_stage3_warpsize2x2x1_g1_ffma_aligna4_alignc4 Tactic: 0xa9366041633a5135
[04/01/2024-15:03:58] [W] [TRT] Unknown embedded device detected. Using 59656MiB as the allocation cap for memory on embedded devices.
[04/01/2024-15:03:58] [V] [TRT] Tactic: 0xa9366041633a5135 Time: 12.1336
[04/01/2024-15:03:58] [V] [TRT] Conv_0 + Relu_1 Set Tactic Name: sm80_xmma_fprop_implicit_gemm_f32f32_f32f32_f32_nchwkcrs_nchw_tilesize64x64x8_stage3_warpsize1x4x1_g1_ffma_t1r3s3_aligna4_alignc4 Tactic: 0x4727434768e46395
[04/01/2024-15:03:58] [W] [TRT] Unknown embedded device detected. Using 59656MiB as the allocation cap for memory on embedded devices.
[04/01/2024-15:03:58] [V] [TRT] Tactic: 0x4727434768e46395 Time: 8.34388
[04/01/2024-15:03:58] [V] [TRT] Conv_0 + Relu_1 Set Tactic Name: sm80_xmma_fprop_implicit_gemm_f32f32_f32f32_f32_nchwkcrs_nchw_tilesize128x64x8_stage3_warpsize2x2x1_g1_ffma_aligna4_alignc4 Tactic: 0x12dbf7d94ee3696d
[04/01/2024-15:03:58] [W] [TRT] Unknown embedded device detected. Using 59656MiB as the allocation cap for memory on embedded devices.
[04/01/2024-15:03:58] [V] [TRT] Tactic: 0x12dbf7d94ee3696d Time: 7.92198
[04/01/2024-15:03:58] [V] [TRT] Fastest Tactic: 0x94119b4c514b211a Time: 3.43306
[04/01/2024-15:03:58] [V] [TRT] --------------- Timing Runner: Conv_0 + Relu_1 (CaskFlattenConvolution)
[04/01/2024-15:03:58] [V] [TRT] CaskFlattenConvolution has no valid tactics for this config, skipping
[04/01/2024-15:03:58] [V] [TRT] >>>>>>>>>>>>>>> Chose Runner Type: CudnnConvolution Tactic: 0x0000000000000039
[04/01/2024-15:03:58] [V] [TRT] *************** Autotuning format combination: Float(10368000,1,28800,80) -> Float(10368000,1,28800,80) ***************
[04/01/2024-15:03:58] [V] [TRT] --------------- Timing Runner: Conv_0 + Relu_1 (CaskConvolution)
[04/01/2024-15:03:58] [V] [TRT] Conv_0 + Relu_1 Set Tactic Name: ampere_scudnn_128x128_relu_exp_medium_nhwc_tn_v1 Tactic: 0xd9031472c05adf51
[04/01/2024-15:03:58] [W] [TRT] Unknown embedded device detected. Using 59656MiB as the allocation cap for memory on embedded devices.
[04/01/2024-15:03:58] [V] [TRT] Tactic: 0xd9031472c05adf51 Time: 7.31389
[04/01/2024-15:03:58] [V] [TRT] Conv_0 + Relu_1 Set Tactic Name: ampere_scudnn_128x64_sliced1x2_ldg4_relu_exp_small_nhwc_tn_v1 Tactic: 0x27b316f52c109002
[04/01/2024-15:03:58] [W] [TRT] Unknown embedded device detected. Using 59656MiB as the allocation cap for memory on embedded devices.
[04/01/2024-15:03:58] [V] [TRT] Tactic: 0x27b316f52c109002 Time: 8.05755
[04/01/2024-15:03:58] [V] [TRT] Conv_0 + Relu_1 Set Tactic Name: ampere_scudnn_128x64_sliced1x2_ldg4_relu_exp_medium_nhwc_tn_v1 Tactic: 0x412c44dfeaf9161d
[04/01/2024-15:03:58] [W] [TRT] Unknown embedded device detected. Using 59656MiB as the allocation cap for memory on embedded devices.
[04/01/2024-15:03:58] [V] [TRT] Tactic: 0x412c44dfeaf9161d Time: 8.10667
[04/01/2024-15:03:58] [V] [TRT] Conv_0 + Relu_1 Set Tactic Name: ampere_scudnn_128x32_sliced1x4_ldg4_relu_exp_small_nhwc_tn_v1 Tactic: 0x3e2b881168d9689d
[04/01/2024-15:03:58] [W] [TRT] Unknown embedded device detected. Using 59656MiB as the allocation cap for memory on embedded devices.
[04/01/2024-15:03:58] [V] [TRT] Tactic: 0x3e2b881168d9689d Time: 7.60664
[04/01/2024-15:03:58] [V] [TRT] Conv_0 + Relu_1 Set Tactic Name: ampere_scudnn_128x64_sliced1x2_ldg4_relu_exp_large_nhwc_tn_v1 Tactic: 0xbdfdef6b84f7ccc9
[04/01/2024-15:03:58] [W] [TRT] Unknown embedded device detected. Using 59656MiB as the allocation cap for memory on embedded devices.
[04/01/2024-15:03:59] [V] [TRT] Tactic: 0xbdfdef6b84f7ccc9 Time: 8.01597
[04/01/2024-15:03:59] [V] [TRT] Conv_0 + Relu_1 Set Tactic Name: ampere_scudnn_128x128_ldg4_relu_exp_small_nhwc_tn_v1 Tactic: 0xf90060ce8193b811
[04/01/2024-15:03:59] [W] [TRT] Unknown embedded device detected. Using 59656MiB as the allocation cap for memory on embedded devices.
[04/01/2024-15:03:59] [V] [TRT] Tactic: 0xf90060ce8193b811 Time: 7.04606
[04/01/2024-15:03:59] [V] [TRT] Conv_0 + Relu_1 Set Tactic Name: ampere_scudnn_128x128_ldg4_relu_exp_medium_nhwc_tn_v1 Tactic: 0x7bc32c782b800c48
[04/01/2024-15:03:59] [W] [TRT] Unknown embedded device detected. Using 59656MiB as the allocation cap for memory on embedded devices.
[04/01/2024-15:03:59] [V] [TRT] Tactic: 0x7bc32c782b800c48 Time: 7.03722
[04/01/2024-15:03:59] [V] [TRT] Conv_0 + Relu_1 Set Tactic Name: ampere_scudnn_128x32_sliced1x4_ldg4_relu_exp_medium_nhwc_tn_v1 Tactic: 0x3e191488237fab8f
[04/01/2024-15:03:59] [W] [TRT] Unknown embedded device detected. Using 59656MiB as the allocation cap for memory on embedded devices.
[04/01/2024-15:03:59] [V] [TRT] Tactic: 0x3e191488237fab8f Time: 7.65566
[04/01/2024-15:03:59] [V] [TRT] Conv_0 + Relu_1 Set Tactic Name: sm80_xmma_fprop_implicit_gemm_indexed_f32f32_f32f32_f32_nhwckrsc_nhwc_tilesize32x32x8_stage3_warpsize1x2x1_g1_ffma_aligna4_alignc4 Tactic: 0x0a143be7a52f301a
[04/01/2024-15:03:59] [W] [TRT] Unknown embedded device detected. Using 59656MiB as the allocation cap for memory on embedded devices.
[04/01/2024-15:03:59] [V] [TRT] Tactic: 0x0a143be7a52f301a Time: 8.94663
[04/01/2024-15:03:59] [V] [TRT] Conv_0 + Relu_1 Set Tactic Name: ampere_scudnn_128x128_relu_exp_large_nhwc_tn_v1 Tactic: 0xca7eeb8d9143d738
[04/01/2024-15:03:59] [W] [TRT] Unknown embedded device detected. Using 59656MiB as the allocation cap for memory on embedded devices.
[04/01/2024-15:03:59] [V] [TRT] Tactic: 0xca7eeb8d9143d738 Time: 7.33566
[04/01/2024-15:03:59] [V] [TRT] Conv_0 + Relu_1 Set Tactic Name: ampere_scudnn_128x128_ldg4_relu_exp_large_nhwc_tn_v1 Tactic: 0x634e99502974e4da
[04/01/2024-15:03:59] [W] [TRT] Unknown embedded device detected. Using 59656MiB as the allocation cap for memory on embedded devices.
[04/01/2024-15:03:59] [V] [TRT] Tactic: 0x634e99502974e4da Time: 7.07637
[04/01/2024-15:03:59] [V] [TRT] Conv_0 + Relu_1 Set Tactic Name: sm80_xmma_fprop_implicit_gemm_f32f32_f32f32_f32_nhwckrsc_nhwc_tilesize32x32x8_stage3_warpsize1x2x1_g1_ffma_aligna4_alignc4 Tactic: 0x7121ec1db3f80c67
[04/01/2024-15:03:59] [W] [TRT] Unknown embedded device detected. Using 59656MiB as the allocation cap for memory on embedded devices.
[04/01/2024-15:03:59] [V] [TRT] Tactic: 0x7121ec1db3f80c67 Time: 8.00349
[04/01/2024-15:03:59] [V] [TRT] Conv_0 + Relu_1 Set Tactic Name: sm80_xmma_fprop_implicit_gemm_indexed_f32f32_f32f32_f32_nhwckrsc_nhwc_tilesize128x32x8_stage3_warpsize2x2x1_g1_ffma_aligna4_alignc4 Tactic: 0xa6448a1e79f1ca6f
[04/01/2024-15:03:59] [W] [TRT] Unknown embedded device detected. Using 59656MiB as the allocation cap for memory on embedded devices.
[04/01/2024-15:03:59] [V] [TRT] Tactic: 0xa6448a1e79f1ca6f Time: 7.09145
[04/01/2024-15:03:59] [V] [TRT] Conv_0 + Relu_1 Set Tactic Name: sm80_xmma_fprop_implicit_gemm_f32f32_f32f32_f32_nhwckrsc_nhwc_tilesize64x256x8_stage3_warpsize1x4x1_g1_ffma_t1r3s3_aligna4_alignc4 Tactic: 0x3f0c846d6379bc98
[04/01/2024-15:03:59] [W] [TRT] Unknown embedded device detected. Using 59656MiB as the allocation cap for memory on embedded devices.
[04/01/2024-15:03:59] [V] [TRT] Tactic: 0x3f0c846d6379bc98 Time: 12.7326
[04/01/2024-15:03:59] [V] [TRT] Conv_0 + Relu_1 Set Tactic Name: sm80_xmma_fprop_implicit_gemm_indexed_f32f32_f32f32_f32_nhwckrsc_nhwc_tilesize128x16x8_stage3_warpsize4x1x1_g1_ffma_aligna4_alignc4 Tactic: 0x4fd3c46622e98342
[04/01/2024-15:03:59] [W] [TRT] Unknown embedded device detected. Using 59656MiB as the allocation cap for memory on embedded devices.
[04/01/2024-15:03:59] [V] [TRT] Tactic: 0x4fd3c46622e98342 Time: 8.74409
[04/01/2024-15:03:59] [V] [TRT] Conv_0 + Relu_1 Set Tactic Name: sm80_xmma_fprop_implicit_gemm_indexed_f32f32_f32f32_f32_nhwckrsc_nhwc_tilesize64x64x8_stage3_warpsize1x4x1_g1_ffma_aligna4_alignc4 Tactic: 0x19b688348f983aa0
[04/01/2024-15:03:59] [W] [TRT] Unknown embedded device detected. Using 59656MiB as the allocation cap for memory on embedded devices.
[04/01/2024-15:03:59] [V] [TRT] Tactic: 0x19b688348f983aa0 Time: 8.28109
[04/01/2024-15:03:59] [V] [TRT] Conv_0 + Relu_1 Set Tactic Name: sm80_xmma_fprop_implicit_gemm_f32f32_f32f32_f32_nhwckrsc_nhwc_tilesize32x32x8_stage3_warpsize1x2x1_g1_ffma_t1r3s3_aligna4_alignc4 Tactic: 0x5953bec563d26434
[04/01/2024-15:03:59] [W] [TRT] Unknown embedded device detected. Using 59656MiB as the allocation cap for memory on embedded devices.
[04/01/2024-15:03:59] [V] [TRT] Tactic: 0x5953bec563d26434 Time: 8.43471
[04/01/2024-15:03:59] [V] [TRT] Conv_0 + Relu_1 Set Tactic Name: sm80_xmma_fprop_implicit_gemm_f32f32_f32f32_f32_nhwckrsc_nhwc_tilesize256x64x8_stage3_warpsize2x2x1_g1_ffma_aligna4_alignc4 Tactic: 0x8014228ec08b4d49
[04/01/2024-15:03:59] [W] [TRT] Unknown embedded device detected. Using 59656MiB as the allocation cap for memory on embedded devices.
[04/01/2024-15:04:00] [V] [TRT] Tactic: 0x8014228ec08b4d49 Time: 6.48726
[04/01/2024-15:04:00] [V] [TRT] Conv_0 + Relu_1 Set Tactic Name: sm80_xmma_fprop_implicit_gemm_f32f32_f32f32_f32_nhwckrsc_nhwc_tilesize128x16x8_stage3_warpsize4x1x1_g1_ffma_t1r3s3_aligna4_alignc4 Tactic: 0x32059de4888dfdda
[04/01/2024-15:04:00] [W] [TRT] Unknown embedded device detected. Using 59656MiB as the allocation cap for memory on embedded devices.
[04/01/2024-15:04:00] [V] [TRT] Tactic: 0x32059de4888dfdda Time: 7.57045
[04/01/2024-15:04:00] [V] [TRT] Conv_0 + Relu_1 Set Tactic Name: sm80_xmma_fprop_implicit_gemm_f32f32_f32f32_f32_nhwckrsc_nhwc_tilesize64x128x8_stage3_warpsize1x4x1_g1_ffma_t1r3s3_aligna4_alignc4 Tactic: 0xd15dd11d64344e83
[04/01/2024-15:04:00] [W] [TRT] Unknown embedded device detected. Using 59656MiB as the allocation cap for memory on embedded devices.
[04/01/2024-15:04:00] [V] [TRT] Tactic: 0xd15dd11d64344e83 Time: 6.49594
[04/01/2024-15:04:00] [V] [TRT] Conv_0 + Relu_1 Set Tactic Name: ampere_scudnn_128x128_relu_exp_small_nhwc_tn_v1 Tactic: 0x5030121339a48bf3
[04/01/2024-15:04:00] [W] [TRT] Unknown embedded device detected. Using 59656MiB as the allocation cap for memory on embedded devices.
[04/01/2024-15:04:00] [V] [TRT] Tactic: 0x5030121339a48bf3 Time: 7.21463
[04/01/2024-15:04:00] [V] [TRT] Conv_0 + Relu_1 Set Tactic Name: sm80_xmma_fprop_implicit_gemm_f32f32_f32f32_f32_nhwckrsc_nhwc_tilesize128x64x8_stage3_warpsize2x2x1_g1_ffma_t1r3s3_aligna4_alignc4 Tactic: 0xf48db81f02eca9ee
[04/01/2024-15:04:00] [W] [TRT] Unknown embedded device detected. Using 59656MiB as the allocation cap for memory on embedded devices.
[04/01/2024-15:04:00] [V] [TRT] Tactic: 0xf48db81f02eca9ee Time: 6.54253
[04/01/2024-15:04:00] [V] [TRT] Conv_0 + Relu_1 Set Tactic Name: sm80_xmma_fprop_implicit_gemm_f32f32_f32f32_f32_nhwckrsc_nhwc_tilesize128x16x8_stage3_warpsize4x1x1_g1_ffma_aligna4_alignc4 Tactic: 0x92ed3100c35fc43e
[04/01/2024-15:04:00] [W] [TRT] Unknown embedded device detected. Using 59656MiB as the allocation cap for memory on embedded devices.
[04/01/2024-15:04:00] [V] [TRT] Tactic: 0x92ed3100c35fc43e Time: 7.23106
[04/01/2024-15:04:00] [V] [TRT] Conv_0 + Relu_1 Set Tactic Name: sm80_xmma_fprop_implicit_gemm_f32f32_f32f32_f32_nhwckrsc_nhwc_tilesize128x64x8_stage3_warpsize2x2x1_g1_ffma_aligna4_alignc4 Tactic: 0x1da91d865428f237
[04/01/2024-15:04:00] [W] [TRT] Unknown embedded device detected. Using 59656MiB as the allocation cap for memory on embedded devices.
[04/01/2024-15:04:00] [V] [TRT] Tactic: 0x1da91d865428f237 Time: 6.57156
[04/01/2024-15:04:00] [V] [TRT] Conv_0 + Relu_1 Set Tactic Name: sm80_xmma_fprop_implicit_gemm_f32f32_f32f32_f32_nhwckrsc_nhwc_tilesize64x64x8_stage3_warpsize1x4x1_g1_ffma_aligna4_alignc4 Tactic: 0x62835fce994f06dd
[04/01/2024-15:04:00] [W] [TRT] Unknown embedded device detected. Using 59656MiB as the allocation cap for memory on embedded devices.
[04/01/2024-15:04:00] [V] [TRT] Tactic: 0x62835fce994f06dd Time: 7.20088
[04/01/2024-15:04:00] [V] [TRT] Conv_0 + Relu_1 Set Tactic Name: sm80_xmma_fprop_implicit_gemm_f32f32_f32f32_f32_nhwckrsc_nhwc_tilesize64x64x8_stage3_warpsize1x4x1_g1_ffma_t1r3s3_aligna4_alignc4 Tactic: 0x94a7db94ba744c45
[04/01/2024-15:04:00] [W] [TRT] Unknown embedded device detected. Using 59656MiB as the allocation cap for memory on embedded devices.
[04/01/2024-15:04:00] [V] [TRT] Tactic: 0x94a7db94ba744c45 Time: 7.07713
[04/01/2024-15:04:00] [V] [TRT] Fastest Tactic: 0x8014228ec08b4d49 Time: 6.48726
[04/01/2024-15:04:00] [V] [TRT] --------------- Timing Runner: Conv_0 + Relu_1 (CaskFlattenConvolution)
[04/01/2024-15:04:00] [V] [TRT] CaskFlattenConvolution has no valid tactics for this config, skipping
[04/01/2024-15:04:00] [V] [TRT] >>>>>>>>>>>>>>> Chose Runner Type: CaskConvolution Tactic: 0x8014228ec08b4d49
[04/01/2024-15:04:00] [V] [TRT] *************** Autotuning format combination: Float(2592000,1:4,7200,20) -> Float(2592000,1:4,7200,20) ***************
[04/01/2024-15:04:00] [V] [TRT] --------------- Timing Runner: Conv_0 + Relu_1 (CudaDepthwiseConvolution)
[04/01/2024-15:04:00] [V] [TRT] CudaDepthwiseConvolution has no valid tactics for this config, skipping
[04/01/2024-15:04:00] [V] [TRT] --------------- Timing Runner: Conv_0 + Relu_1 (CaskGemmConvolution)
[04/01/2024-15:04:00] [V] [TRT] CaskGemmConvolution has no valid tactics for this config, skipping
[04/01/2024-15:04:00] [V] [TRT] --------------- Timing Runner: Conv_0 + Relu_1 (CaskConvolution)
[04/01/2024-15:04:00] [V] [TRT] Conv_0 + Relu_1 Set Tactic Name: sm80_xmma_fprop_implicit_gemm_f32f32_tf32f32_f32_nhwckrsc_nhwc_tilesize128x256x32_stage3_warpsize2x4x1_g1_tensor16x8x8 Tactic: 0x998c97842e775a17
[04/01/2024-15:04:00] [W] [TRT] Unknown embedded device detected. Using 59656MiB as the allocation cap for memory on embedded devices.
[04/01/2024-15:04:00] [V] [TRT] Tactic: 0x998c97842e775a17 Time: 3.40679
[04/01/2024-15:04:00] [V] [TRT] Conv_0 + Relu_1 Set Tactic Name: sm80_xmma_fprop_implicit_gemm_f32f32_tf32f32_f32_nhwckrsc_nhwc_tilesize128x256x32_stage3_warpsize2x4x1_g1_tensor16x8x8_t1r3s3 Tactic: 0x614e89f7852edbc3
[04/01/2024-15:04:00] [W] [TRT] Unknown embedded device detected. Using 59656MiB as the allocation cap for memory on embedded devices.
[04/01/2024-15:04:00] [V] [TRT] Tactic: 0x614e89f7852edbc3 Time: 3.26415
[04/01/2024-15:04:00] [V] [TRT] Conv_0 + Relu_1 Set Tactic Name: sm80_xmma_fprop_implicit_gemm_f32f32_tf32f32_f32_nhwckrsc_nhwc_tilesize64x32x64_stage5_warpsize2x2x1_g1_tensor16x8x8_t1r3s3 Tactic: 0x679a281f7660c436
[04/01/2024-15:04:00] [W] [TRT] Unknown embedded device detected. Using 59656MiB as the allocation cap for memory on embedded devices.
[04/01/2024-15:04:00] [V] [TRT] Tactic: 0x679a281f7660c436 Time: 5.10971
[04/01/2024-15:04:00] [V] [TRT] Conv_0 + Relu_1 Set Tactic Name: sm80_xmma_fprop_implicit_gemm_indexed_f32f32_tf32f32_f32_nhwckrsc_nhwc_tilesize64x32x64_stage5_warpsize2x2x1_g1_tensor16x8x8 Tactic: 0xd7f5d575d49a4bc7
[04/01/2024-15:04:00] [W] [TRT] Unknown embedded device detected. Using 59656MiB as the allocation cap for memory on embedded devices.
[04/01/2024-15:04:00] [V] [TRT] Tactic: 0xd7f5d575d49a4bc7 Time: 6.02126
[04/01/2024-15:04:00] [V] [TRT] Conv_0 + Relu_1 Set Tactic Name: sm80_xmma_fprop_implicit_gemm_indexed_f32f32_tf32f32_f32_nhwckrsc_nhwc_tilesize256x128x32_stage3_warpsize4x2x1_g1_tensor16x8x8 Tactic: 0x36303f399d3ee4fd
[04/01/2024-15:04:00] [W] [TRT] Unknown embedded device detected. Using 59656MiB as the allocation cap for memory on embedded devices.
[04/01/2024-15:04:00] [V] [TRT] Tactic: 0x36303f399d3ee4fd Time: 2.30775
[04/01/2024-15:04:00] [V] [TRT] Conv_0 + Relu_1 Set Tactic Name: sm80_xmma_fprop_implicit_gemm_indexed_f32f32_tf32f32_f32_nhwckrsc_nhwc_tilesize64x64x64_stage4_warpsize2x2x1_g1_tensor16x8x8 Tactic: 0x385bfab9332b1413
[04/01/2024-15:04:00] [W] [TRT] Unknown embedded device detected. Using 59656MiB as the allocation cap for memory on embedded devices.
[04/01/2024-15:04:00] [V] [TRT] Tactic: 0x385bfab9332b1413 Time: 5.04065
[04/01/2024-15:04:00] [V] [TRT] Conv_0 + Relu_1 Set Tactic Name: sm80_xmma_fprop_implicit_gemm_indexed_f32f32_tf32f32_f32_nhwckrsc_nhwc_tilesize128x128x16_stage4_warpsize2x2x1_g1_tensor16x8x8 Tactic: 0x65e41d81f093b482
[04/01/2024-15:04:00] [W] [TRT] Unknown embedded device detected. Using 59656MiB as the allocation cap for memory on embedded devices.
[04/01/2024-15:04:00] [V] [TRT] Tactic: 0x65e41d81f093b482 Time: 1.71347
[04/01/2024-15:04:00] [V] [TRT] Conv_0 + Relu_1 Set Tactic Name: sm80_xmma_fprop_implicit_gemm_f32f32_tf32f32_f32_nhwckrsc_nhwc_tilesize128x64x32_stage5_warpsize2x2x1_g1_tensor16x8x8 Tactic: 0x6716429226d146f7
[04/01/2024-15:04:00] [W] [TRT] Unknown embedded device detected. Using 59656MiB as the allocation cap for memory on embedded devices.
[04/01/2024-15:04:00] [V] [TRT] Tactic: 0x6716429226d146f7 Time: 2.71488
[04/01/2024-15:04:00] [V] [TRT] Conv_0 + Relu_1 Set Tactic Name: sm80_xmma_fprop_implicit_gemm_indexed_f32f32_tf32f32_f32_nhwckrsc_nhwc_tilesize256x64x32_stage3_warpsize4x2x1_g1_tensor16x8x8 Tactic: 0xba0185279ccb2b85
[04/01/2024-15:04:00] [W] [TRT] Unknown embedded device detected. Using 59656MiB as the allocation cap for memory on embedded devices.
[04/01/2024-15:04:00] [V] [TRT] Tactic: 0xba0185279ccb2b85 Time: 2.53961
[04/01/2024-15:04:00] [V] [TRT] Conv_0 + Relu_1 Set Tactic Name: sm80_xmma_fprop_implicit_gemm_indexed_f32f32_tf32f32_f32_nhwckrsc_nhwc_tilesize64x128x32_stage5_warpsize2x2x1_g1_tensor16x8x8 Tactic: 0x112d7e4d280f396d
[04/01/2024-15:04:00] [W] [TRT] Unknown embedded device detected. Using 59656MiB as the allocation cap for memory on embedded devices.
[04/01/2024-15:04:00] [V] [TRT] Tactic: 0x112d7e4d280f396d Time: 2.82926
[04/01/2024-15:04:00] [V] [TRT] Conv_0 + Relu_1 Set Tactic Name: sm80_xmma_fprop_implicit_gemm_indexed_f32f32_tf32f32_f32_nhwckrsc_nhwc_tilesize128x64x64_stage3_warpsize2x2x1_g1_tensor16x8x8 Tactic: 0xb47d7d926de02dee
[04/01/2024-15:04:00] [W] [TRT] Unknown embedded device detected. Using 59656MiB as the allocation cap for memory on embedded devices.
[04/01/2024-15:04:00] [V] [TRT] Tactic: 0xb47d7d926de02dee Time: 3.68575
[04/01/2024-15:04:01] [V] [TRT] Conv_0 + Relu_1 Set Tactic Name: sm80_xmma_fprop_implicit_gemm_indexed_f32f32_tf32f32_f32_nhwckrsc_nhwc_tilesize128x256x32_stage3_warpsize2x4x1_g1_tensor16x8x8 Tactic: 0x482b48242255b8ce
[04/01/2024-15:04:01] [W] [TRT] Unknown embedded device detected. Using 59656MiB as the allocation cap for memory on embedded devices.
[04/01/2024-15:04:01] [V] [TRT] Tactic: 0x482b48242255b8ce Time: 3.36316
[04/01/2024-15:04:01] [V] [TRT] Conv_0 + Relu_1 Set Tactic Name: sm80_xmma_fprop_implicit_gemm_indexed_f32f32_tf32f32_f32_nhwckrsc_nhwc_tilesize128x128x32_stage4_warpsize2x2x1_g1_tensor16x8x8 Tactic: 0xf4156675c5f728d4
[04/01/2024-15:04:01] [W] [TRT] Unknown embedded device detected. Using 59656MiB as the allocation cap for memory on embedded devices.
[04/01/2024-15:04:01] [V] [TRT] Tactic: 0xf4156675c5f728d4 Time: 3.22046
[04/01/2024-15:04:01] [V] [TRT] Conv_0 + Relu_1 Set Tactic Name: sm80_xmma_fprop_implicit_gemm_f32f32_tf32f32_f32_nhwckrsc_nhwc_tilesize128x64x64_stage3_warpsize2x2x1_g1_tensor16x8x8 Tactic: 0xc0a715d897e240bb
[04/01/2024-15:04:01] [W] [TRT] Unknown embedded device detected. Using 59656MiB as the allocation cap for memory on embedded devices.
[04/01/2024-15:04:01] [V] [TRT] Tactic: 0xc0a715d897e240bb Time: 3.5643
[04/01/2024-15:04:01] [V] [TRT] Conv_0 + Relu_1 Set Tactic Name: sm80_xmma_fprop_implicit_gemm_f32f32_tf32f32_f32_nhwckrsc_nhwc_tilesize64x128x32_stage5_warpsize2x2x1_g1_tensor16x8x8_t1r3s3 Tactic: 0xd4428a7355769d7d
[04/01/2024-15:04:01] [W] [TRT] Unknown embedded device detected. Using 59656MiB as the allocation cap for memory on embedded devices.
[04/01/2024-15:04:01] [V] [TRT] Tactic: 0xd4428a7355769d7d Time: 2.55398
[04/01/2024-15:04:01] [V] [TRT] Conv_0 + Relu_1 Set Tactic Name: sm80_xmma_fprop_implicit_gemm_f32f32_tf32f32_f32_nhwckrsc_nhwc_tilesize64x32x64_stage5_warpsize2x2x1_g1_tensor16x8x8 Tactic: 0x6e2a3c7a7fc5e4e1
[04/01/2024-15:04:01] [W] [TRT] Unknown embedded device detected. Using 59656MiB as the allocation cap for memory on embedded devices.
[04/01/2024-15:04:01] [V] [TRT] Tactic: 0x6e2a3c7a7fc5e4e1 Time: 5.30512
[04/01/2024-15:04:01] [V] [TRT] Conv_0 + Relu_1 Set Tactic Name: sm80_xmma_fprop_implicit_gemm_f32f32_tf32f32_f32_nhwckrsc_nhwc_tilesize128x128x16_stage4_warpsize2x2x1_g1_tensor16x8x8_t1r3s3 Tactic: 0x999e005e3b016ea6
[04/01/2024-15:04:01] [W] [TRT] Unknown embedded device detected. Using 59656MiB as the allocation cap for memory on embedded devices.
[04/01/2024-15:04:01] [V] [TRT] Tactic: 0x999e005e3b016ea6 Time: 1.59303
[04/01/2024-15:04:01] [V] [TRT] Conv_0 + Relu_1 Set Tactic Name: sm80_xmma_fprop_implicit_gemm_f32f32_tf32f32_f32_nhwckrsc_nhwc_tilesize128x64x64_stage3_warpsize2x2x1_g1_tensor16x8x8_t1r3s3 Tactic: 0xeb65d4c1e8fa2294
[04/01/2024-15:04:01] [W] [TRT] Unknown embedded device detected. Using 59656MiB as the allocation cap for memory on embedded devices.
[04/01/2024-15:04:01] [V] [TRT] Tactic: 0xeb65d4c1e8fa2294 Time: 3.37824
[04/01/2024-15:04:01] [V] [TRT] Conv_0 + Relu_1 Set Tactic Name: sm80_xmma_fprop_implicit_gemm_f32f32_tf32f32_f32_nhwckrsc_nhwc_tilesize256x64x32_stage3_warpsize4x2x1_g1_tensor16x8x8 Tactic: 0xcedbed6d66c946d0
[04/01/2024-15:04:01] [W] [TRT] Unknown embedded device detected. Using 59656MiB as the allocation cap for memory on embedded devices.
[04/01/2024-15:04:01] [V] [TRT] Tactic: 0xcedbed6d66c946d0 Time: 2.27707
[04/01/2024-15:04:01] [V] [TRT] Conv_0 + Relu_1 Set Tactic Name: sm80_xmma_fprop_implicit_gemm_f32f32_tf32f32_f32_nhwckrsc_nhwc_tilesize256x128x32_stage3_warpsize4x2x1_g1_tensor16x8x8 Tactic: 0xe797e099911c0624
[04/01/2024-15:04:01] [W] [TRT] Unknown embedded device detected. Using 59656MiB as the allocation cap for memory on embedded devices.
[04/01/2024-15:04:01] [V] [TRT] Tactic: 0xe797e099911c0624 Time: 1.90414
[04/01/2024-15:04:01] [V] [TRT] Conv_0 + Relu_1 Set Tactic Name: sm80_xmma_fprop_implicit_gemm_f32f32_tf32f32_f32_nhwckrsc_nhwc_tilesize128x128x32_stage4_warpsize2x2x1_g1_tensor16x8x8 Tactic: 0x25b2b9d5c9d5ca0d
[04/01/2024-15:04:01] [W] [TRT] Unknown embedded device detected. Using 59656MiB as the allocation cap for memory on embedded devices.
[04/01/2024-15:04:01] [V] [TRT] Tactic: 0x25b2b9d5c9d5ca0d Time: 1.97365
[04/01/2024-15:04:01] [V] [TRT] Conv_0 + Relu_1 Set Tactic Name: sm80_xmma_fprop_implicit_gemm_indexed_f32f32_tf32f32_f32_nhwckrsc_nhwc_tilesize128x64x32_stage5_warpsize2x2x1_g1_tensor16x8x8 Tactic: 0x13cc2ad8dcd32ba2
[04/01/2024-15:04:01] [W] [TRT] Unknown embedded device detected. Using 59656MiB as the allocation cap for memory on embedded devices.
[04/01/2024-15:04:01] [V] [TRT] Tactic: 0x13cc2ad8dcd32ba2 Time: 3.05221
[04/01/2024-15:04:01] [V] [TRT] Conv_0 + Relu_1 Set Tactic Name: sm80_xmma_fprop_implicit_gemm_f32f32_tf32f32_f32_nhwckrsc_nhwc_tilesize128x64x32_stage5_warpsize2x2x1_g1_tensor16x8x8_t1r3s3 Tactic: 0x7aa21282feb15f1a
[04/01/2024-15:04:01] [W] [TRT] Unknown embedded device detected. Using 59656MiB as the allocation cap for memory on embedded devices.
[04/01/2024-15:04:01] [V] [TRT] Tactic: 0x7aa21282feb15f1a Time: 2.55706
[04/01/2024-15:04:01] [V] [TRT] Conv_0 + Relu_1 Set Tactic Name: sm80_xmma_fprop_implicit_gemm_f32f32_tf32f32_f32_nhwckrsc_nhwc_tilesize256x128x32_stage3_warpsize4x2x1_g1_tensor16x8x8_t1r3s3 Tactic: 0x21246c8544eff903
[04/01/2024-15:04:01] [W] [TRT] Unknown embedded device detected. Using 59656MiB as the allocation cap for memory on embedded devices.
[04/01/2024-15:04:01] [V] [TRT] Tactic: 0x21246c8544eff903 Time: 1.79787
[04/01/2024-15:04:01] [V] [TRT] Conv_0 + Relu_1 Set Tactic Name: sm80_xmma_fprop_implicit_gemm_f32f32_tf32f32_f32_nhwckrsc_nhwc_tilesize128x128x32_stage4_warpsize2x2x1_g1_tensor16x8x8_t1r3s3 Tactic: 0xd920b33c9bd27143
[04/01/2024-15:04:01] [W] [TRT] Unknown embedded device detected. Using 59656MiB as the allocation cap for memory on embedded devices.
[04/01/2024-15:04:01] [V] [TRT] Tactic: 0xd920b33c9bd27143 Time: 2.07862
[04/01/2024-15:04:01] [V] [TRT] Conv_0 + Relu_1 Set Tactic Name: sm80_xmma_fprop_implicit_gemm_f32f32_tf32f32_f32_nhwckrsc_nhwc_tilesize128x128x16_stage4_warpsize2x2x1_g1_tensor16x8x8 Tactic: 0xb443c221fcb1565b
[04/01/2024-15:04:01] [W] [TRT] Unknown embedded device detected. Using 59656MiB as the allocation cap for memory on embedded devices.
[04/01/2024-15:04:01] [V] [TRT] Tactic: 0xb443c221fcb1565b Time: 1.62842
[04/01/2024-15:04:01] [V] [TRT] Conv_0 + Relu_1 Set Tactic Name: sm80_xmma_fprop_implicit_gemm_f32f32_tf32f32_f32_nhwckrsc_nhwc_tilesize256x64x32_stage3_warpsize4x2x1_g1_tensor16x8x8_t1r3s3 Tactic: 0xa9a06d0633580c0c
[04/01/2024-15:04:01] [W] [TRT] Unknown embedded device detected. Using 59656MiB as the allocation cap for memory on embedded devices.
[04/01/2024-15:04:01] [V] [TRT] Tactic: 0xa9a06d0633580c0c Time: 2.15454
[04/01/2024-15:04:01] [V] [TRT] Conv_0 + Relu_1 Set Tactic Name: sm80_xmma_fprop_implicit_gemm_f32f32_tf32f32_f32_nhwckrsc_nhwc_tilesize64x64x64_stage4_warpsize2x2x1_g1_tensor16x8x8 Tactic: 0x818413b69874bb35
[04/01/2024-15:04:01] [W] [TRT] Unknown embedded device detected. Using 59656MiB as the allocation cap for memory on embedded devices.
[04/01/2024-15:04:01] [V] [TRT] Tactic: 0x818413b69874bb35 Time: 4.65255
[04/01/2024-15:04:01] [V] [TRT] Conv_0 + Relu_1 Set Tactic Name: sm80_xmma_fprop_implicit_gemm_f32f32_tf32f32_f32_nhwckrsc_nhwc_tilesize64x128x32_stage5_warpsize2x2x1_g1_tensor16x8x8 Tactic: 0x65f71607d20d5438
[04/01/2024-15:04:01] [W] [TRT] Unknown embedded device detected. Using 59656MiB as the allocation cap for memory on embedded devices.
[04/01/2024-15:04:01] [V] [TRT] Tactic: 0x65f71607d20d5438 Time: 2.61012
[04/01/2024-15:04:01] [V] [TRT] Conv_0 + Relu_1 Set Tactic Name: sm80_xmma_fprop_implicit_gemm_f32f32_tf32f32_f32_nhwckrsc_nhwc_tilesize64x64x64_stage4_warpsize2x2x1_g1_tensor16x8x8_t1r3s3 Tactic: 0x2d80d2b384ab13f1
[04/01/2024-15:04:01] [W] [TRT] Unknown embedded device detected. Using 59656MiB as the allocation cap for memory on embedded devices.
[04/01/2024-15:04:01] [V] [TRT] Tactic: 0x2d80d2b384ab13f1 Time: 4.42181
[04/01/2024-15:04:01] [V] [TRT] Fastest Tactic: 0x999e005e3b016ea6 Time: 1.59303
[04/01/2024-15:04:01] [V] [TRT] --------------- Timing Runner: Conv_0 + Relu_1 (CaskFlattenConvolution)
[04/01/2024-15:04:01] [V] [TRT] CaskFlattenConvolution has no valid tactics for this config, skipping
[04/01/2024-15:04:01] [V] [TRT] >>>>>>>>>>>>>>> Chose Runner Type: CaskConvolution Tactic: 0x999e005e3b016ea6
[04/01/2024-15:04:01] [V] [TRT] *************** Autotuning format combination: Half(10368000,129600,360,1) -> Half(10368000,129600,360,1) ***************
[04/01/2024-15:04:01] [V] [TRT] --------------- Timing Runner: Conv_0 + Relu_1 (CudnnConvolution)
[04/01/2024-15:04:01] [W] [TRT] Unknown embedded device detected. Using 59656MiB as the allocation cap for memory on embedded devices.
[04/01/2024-15:04:01] [V] [TRT] Tactic: 0x0000000000000000 Time: 10.2618
[04/01/2024-15:04:01] [W] [TRT] Unknown embedded device detected. Using 59656MiB as the allocation cap for memory on embedded devices.
[04/01/2024-15:04:01] [V] [TRT] Tactic: 0x0000000000000001 Time: 7.82269
[04/01/2024-15:04:01] [W] [TRT] Unknown embedded device detected. Using 59656MiB as the allocation cap for memory on embedded devices.
[04/01/2024-15:04:01] [V] [TRT] Tactic: 0x0000000000000002 Time: 11.1723
[04/01/2024-15:04:01] [W] [TRT] Unknown embedded device detected. Using 59656MiB as the allocation cap for memory on embedded devices.
[04/01/2024-15:04:02] [V] [TRT] Tactic: 0x0000000000000005 Time: 27.3882
[04/01/2024-15:04:02] [W] [TRT] Unknown embedded device detected. Using 59656MiB as the allocation cap for memory on embedded devices.
[04/01/2024-15:04:02] [V] [TRT] Tactic: 0x0000000000000006 Time: 5.75379
[04/01/2024-15:04:02] [W] [TRT] Unknown embedded device detected. Using 59656MiB as the allocation cap for memory on embedded devices.
[04/01/2024-15:04:02] [V] [TRT] Tactic: 0x0000000000000038 Time: 10.2645
[04/01/2024-15:04:02] [W] [TRT] Unknown embedded device detected. Using 59656MiB as the allocation cap for memory on embedded devices.
[04/01/2024-15:04:02] [V] [TRT] Tactic: 0x000000000000003a Time: 11.254
[04/01/2024-15:04:02] [W] [TRT] Unknown embedded device detected. Using 59656MiB as the allocation cap for memory on embedded devices.
[04/01/2024-15:04:02] [V] [TRT] Tactic: 0x000000000000003d Time: 27.8385
[04/01/2024-15:04:02] [W] [TRT] Unknown embedded device detected. Using 59656MiB as the allocation cap for memory on embedded devices.
[04/01/2024-15:04:02] [V] [TRT] Tactic: 0x000000000000003e Time: 5.74038
[04/01/2024-15:04:02] [V] [TRT] Fastest Tactic: 0x000000000000003e Time: 5.74038
[04/01/2024-15:04:02] [V] [TRT] --------------- Timing Runner: Conv_0 + Relu_1 (CaskGemmConvolution)
[04/01/2024-15:04:02] [V] [TRT] CaskGemmConvolution has no valid tactics for this config, skipping
[04/01/2024-15:04:02] [V] [TRT] --------------- Timing Runner: Conv_0 + Relu_1 (CaskConvolution)
[04/01/2024-15:04:02] [V] [TRT] CaskConvolution has no valid tactics for this config, skipping
[04/01/2024-15:04:02] [V] [TRT] --------------- Timing Runner: Conv_0 + Relu_1 (CaskFlattenConvolution)
[04/01/2024-15:04:02] [V] [TRT] CaskFlattenConvolution has no valid tactics for this config, skipping
[04/01/2024-15:04:02] [V] [TRT] >>>>>>>>>>>>>>> Chose Runner Type: CudnnConvolution Tactic: 0x000000000000003e
[04/01/2024-15:04:02] [V] [TRT] *************** Autotuning format combination: Half(5184000,129600:2,360,1) -> Half(5184000,129600:2,360,1) ***************
[04/01/2024-15:04:02] [V] [TRT] --------------- Timing Runner: Conv_0 + Relu_1 (FusedConvActConvolution)
[04/01/2024-15:04:02] [V] [TRT] FusedConvActConvolution has no valid tactics for this config, skipping
[04/01/2024-15:04:02] [V] [TRT] --------------- Timing Runner: Conv_0 + Relu_1 (CaskConvolution)
[04/01/2024-15:04:02] [V] [TRT] CaskConvolution has no valid tactics for this config, skipping
[04/01/2024-15:04:02] [V] [TRT] --------------- Timing Runner: Conv_0 + Relu_1 (CaskFlattenConvolution)
[04/01/2024-15:04:02] [V] [TRT] CaskFlattenConvolution has no valid tactics for this config, skipping
[04/01/2024-15:04:02] [V] [TRT] *************** Autotuning format combination: Half(2592000,1:4,7200,20) -> Half(2592000,1:4,7200,20) ***************
[04/01/2024-15:04:02] [V] [TRT] --------------- Timing Runner: Conv_0 + Relu_1 (CaskConvolution)
[04/01/2024-15:04:02] [V] [TRT] CaskConvolution has no valid tactics for this config, skipping
[04/01/2024-15:04:02] [V] [TRT] --------------- Timing Runner: Conv_0 + Relu_1 (CaskFlattenConvolution)
[04/01/2024-15:04:02] [V] [TRT] CaskFlattenConvolution has no valid tactics for this config, skipping
[04/01/2024-15:04:02] [V] [TRT] *************** Autotuning format combination: Half(1296000,1:8,3600,10) -> Float(10368000,129600,360,1) ***************
[04/01/2024-15:04:02] [V] [TRT] --------------- Timing Runner: Conv_0 + Relu_1 (CaskConvolution)
[04/01/2024-15:04:02] [V] [TRT] CaskConvolution has no valid tactics for this config, skipping
[04/01/2024-15:04:02] [V] [TRT] --------------- Timing Runner: Conv_0 + Relu_1 (CaskFlattenConvolution)
[04/01/2024-15:04:02] [V] [TRT] CaskFlattenConvolution has no valid tactics for this config, skipping
[04/01/2024-15:04:02] [V] [TRT] *************** Autotuning format combination: Half(1296000,1:8,3600,10) -> Half(1296000,1:8,3600,10) ***************
[04/01/2024-15:04:02] [V] [TRT] --------------- Timing Runner: Conv_0 + Relu_1 (CudaDepthwiseConvolution)
[04/01/2024-15:04:02] [V] [TRT] CudaDepthwiseConvolution has no valid tactics for this config, skipping
[04/01/2024-15:04:02] [V] [TRT] --------------- Timing Runner: Conv_0 + Relu_1 (CaskGemmConvolution)
[04/01/2024-15:04:02] [V] [TRT] CaskGemmConvolution has no valid tactics for this config, skipping
[04/01/2024-15:04:02] [V] [TRT] --------------- Timing Runner: Conv_0 + Relu_1 (CaskConvolution)
[04/01/2024-15:04:02] [V] [TRT] Conv_0 + Relu_1 Set Tactic Name: ampere_h1688cudnn_128x128_ldg8_relu_exp_large_nhwc_tn_v1 Tactic: 0xa927df92ac1ef1b8
[04/01/2024-15:04:02] [W] [TRT] Unknown embedded device detected. Using 59656MiB as the allocation cap for memory on embedded devices.
[04/01/2024-15:04:02] [V] [TRT] Tactic: 0xa927df92ac1ef1b8 Time: 1.50525
[04/01/2024-15:04:02] [V] [TRT] Conv_0 + Relu_1 Set Tactic Name: ampere_h1688cudnn_256x64_sliced1x2_ldg8_relu_exp_large_nhwc_tn_v1 Tactic: 0xd0a3e0c815f7fb5e
[04/01/2024-15:04:02] [W] [TRT] Unknown embedded device detected. Using 59656MiB as the allocation cap for memory on embedded devices.
[04/01/2024-15:04:02] [V] [TRT] Tactic: 0xd0a3e0c815f7fb5e Time: 2.00328
[04/01/2024-15:04:02] [V] [TRT] Conv_0 + Relu_1 Set Tactic Name: ampere_h16816cudnn_128x64_ldg8_relu_exp_stages_64x3_medium_nhwc_tn_v1 Tactic: 0x699be152cfb6d6ff
[04/01/2024-15:04:02] [W] [TRT] Unknown embedded device detected. Using 59656MiB as the allocation cap for memory on embedded devices.
[04/01/2024-15:04:02] [V] [TRT] Tactic: 0x699be152cfb6d6ff Time: 1.50762
[04/01/2024-15:04:02] [V] [TRT] Conv_0 + Relu_1 Set Tactic Name: ampere_h16816cudnn_64x128_ldg8_relu_exp_stages_64x3_medium_nhwc_tn_v1 Tactic: 0xb8d86216e1235cda
[04/01/2024-15:04:02] [W] [TRT] Unknown embedded device detected. Using 59656MiB as the allocation cap for memory on embedded devices.
[04/01/2024-15:04:02] [V] [TRT] Tactic: 0xb8d86216e1235cda Time: 1.48209
[04/01/2024-15:04:02] [V] [TRT] Conv_0 + Relu_1 Set Tactic Name: ampere_h16816cudnn_128x64_sliced1x2_ldg8_relu_exp_stages_64x4_small_nhwc_tn_v1 Tactic: 0x7163d33a4d8ce8d7
[04/01/2024-15:04:02] [W] [TRT] Unknown embedded device detected. Using 59656MiB as the allocation cap for memory on embedded devices.
[04/01/2024-15:04:02] [V] [TRT] Tactic: 0x7163d33a4d8ce8d7 Time: 1.69347
[04/01/2024-15:04:02] [V] [TRT] Conv_0 + Relu_1 Set Tactic Name: ampere_h16816cudnn_128x64_sliced1x2_ldg8_relu_exp_stages_64x4_large_nhwc_tn_v1 Tactic: 0xeb2d2aa4e56bb41c
[04/01/2024-15:04:02] [W] [TRT] Unknown embedded device detected. Using 59656MiB as the allocation cap for memory on embedded devices.
[04/01/2024-15:04:02] [V] [TRT] Tactic: 0xeb2d2aa4e56bb41c Time: 1.79775
[04/01/2024-15:04:02] [V] [TRT] Conv_0 + Relu_1 Set Tactic Name: ampere_h16816cudnn_64x64_sliced1x2_ldg8_relu_exp_stages_64x5_medium_nhwc_tn_v1 Tactic: 0x706f08da35c795a5
[04/01/2024-15:04:02] [W] [TRT] Unknown embedded device detected. Using 59656MiB as the allocation cap for memory on embedded devices.
[04/01/2024-15:04:02] [V] [TRT] Tactic: 0x706f08da35c795a5 Time: 1.87745
[04/01/2024-15:04:02] [V] [TRT] Conv_0 + Relu_1 Set Tactic Name: ampere_h16816cudnn_128x128_ldg8_relu_exp_medium_nhwc_tn_v1 Tactic: 0x234580e8a194335c
[04/01/2024-15:04:02] [W] [TRT] Unknown embedded device detected. Using 59656MiB as the allocation cap for memory on embedded devices.
[04/01/2024-15:04:02] [V] [TRT] Tactic: 0x234580e8a194335c Time: 1.18973
[04/01/2024-15:04:02] [V] [TRT] Conv_0 + Relu_1 Set Tactic Name: ampere_h16816cudnn_128x64_ldg8_relu_exp_stages_64x3_large_nhwc_tn_v1 Tactic: 0x59762bd684092b33
[04/01/2024-15:04:02] [W] [TRT] Unknown embedded device detected. Using 59656MiB as the allocation cap for memory on embedded devices.
[04/01/2024-15:04:02] [V] [TRT] Tactic: 0x59762bd684092b33 Time: 1.50707
[04/01/2024-15:04:02] [V] [TRT] Conv_0 + Relu_1 Set Tactic Name: ampere_h16816cudnn_64x64_sliced1x2_ldg8_relu_exp_stages_64x6_medium_nhwc_tn_v1 Tactic: 0xa7c9d418a10bce71
[04/01/2024-15:04:02] [W] [TRT] Unknown embedded device detected. Using 59656MiB as the allocation cap for memory on embedded devices.
[04/01/2024-15:04:02] [V] [TRT] Tactic: 0xa7c9d418a10bce71 Time: 2.65054
[04/01/2024-15:04:02] [V] [TRT] Conv_0 + Relu_1 Set Tactic Name: ampere_h16816cudnn_64x128_ldg8_relu_exp_stages_64x3_small_nhwc_tn_v1 Tactic: 0x53be5e206184e6ad
[04/01/2024-15:04:02] [W] [TRT] Unknown embedded device detected. Using 59656MiB as the allocation cap for memory on embedded devices.
[04/01/2024-15:04:02] [V] [TRT] Tactic: 0x53be5e206184e6ad Time: 1.47614
[04/01/2024-15:04:02] [V] [TRT] Conv_0 + Relu_1 Set Tactic Name: ampere_h1688cudnn_256x64_ldg8_relu_exp_small_nhwc_tn_v1 Tactic: 0x7aad3976677d7155
[04/01/2024-15:04:02] [W] [TRT] Unknown embedded device detected. Using 59656MiB as the allocation cap for memory on embedded devices.
[04/01/2024-15:04:02] [V] [TRT] Tactic: 0x7aad3976677d7155 Time: 1.31277
[04/01/2024-15:04:02] [V] [TRT] Conv_0 + Relu_1 Set Tactic Name: ampere_h16816cudnn_128x128_ldg8_relu_exp_small_nhwc_tn_v1 Tactic: 0xb33e57fb3e8a0a56
[04/01/2024-15:04:02] [W] [TRT] Unknown embedded device detected. Using 59656MiB as the allocation cap for memory on embedded devices.
[04/01/2024-15:04:02] [V] [TRT] Tactic: 0xb33e57fb3e8a0a56 Time: 1.17364
[04/01/2024-15:04:02] [V] [TRT] Conv_0 + Relu_1 Set Tactic Name: ampere_h16816cudnn_256x64_sliced1x2_ldg8_relu_exp_medium_nhwc_tn_v1 Tactic: 0x82f8a2214b0b4178
[04/01/2024-15:04:02] [W] [TRT] Unknown embedded device detected. Using 59656MiB as the allocation cap for memory on embedded devices.
[04/01/2024-15:04:02] [V] [TRT] Tactic: 0x82f8a2214b0b4178 Time: 1.80886
[04/01/2024-15:04:02] [V] [TRT] Conv_0 + Relu_1 Set Tactic Name: ampere_h16816cudnn_64x64_sliced1x2_ldg8_relu_exp_stages_64x5_small_nhwc_tn_v1 Tactic: 0x1a5ba808ad4cc5a8
[04/01/2024-15:04:02] [W] [TRT] Unknown embedded device detected. Using 59656MiB as the allocation cap for memory on embedded devices.
[04/01/2024-15:04:02] [V] [TRT] Tactic: 0x1a5ba808ad4cc5a8 Time: 1.89603
[04/01/2024-15:04:03] [V] [TRT] Conv_0 + Relu_1 Set Tactic Name: ampere_h16816cudnn_256x64_sliced1x2_ldg8_relu_exp_large_nhwc_tn_v1 Tactic: 0xd8eb41ee35e76575
[04/01/2024-15:04:03] [W] [TRT] Unknown embedded device detected. Using 59656MiB as the allocation cap for memory on embedded devices.
[04/01/2024-15:04:03] [V] [TRT] Tactic: 0xd8eb41ee35e76575 Time: 1.82808
[04/01/2024-15:04:03] [V] [TRT] Conv_0 + Relu_1 Set Tactic Name: ampere_h16816cudnn_128x64_sliced1x2_ldg8_relu_exp_stages_64x3_small_nhwc_tn_v1 Tactic: 0x19822de884f42a6a
[04/01/2024-15:04:03] [W] [TRT] Unknown embedded device detected. Using 59656MiB as the allocation cap for memory on embedded devices.
[04/01/2024-15:04:03] [V] [TRT] Tactic: 0x19822de884f42a6a Time: 1.3731
[04/01/2024-15:04:03] [V] [TRT] Conv_0 + Relu_1 Set Tactic Name: ampere_h16816cudnn_64x128_sliced1x2_ldg8_relu_exp_stages_64x4_large_nhwc_tn_v1 Tactic: 0x2721a7f18c2700db
[04/01/2024-15:04:03] [W] [TRT] Unknown embedded device detected. Using 59656MiB as the allocation cap for memory on embedded devices.
[04/01/2024-15:04:03] [V] [TRT] Tactic: 0x2721a7f18c2700db Time: 1.74661
[04/01/2024-15:04:03] [V] [TRT] Conv_0 + Relu_1 Set Tactic Name: ampere_h16816cudnn_64x64_ldg8_relu_exp_stages_64x6_medium_nhwc_tn_v1 Tactic: 0x88971eec55aba850
[04/01/2024-15:04:03] [W] [TRT] Unknown embedded device detected. Using 59656MiB as the allocation cap for memory on embedded devices.
[04/01/2024-15:04:03] [V] [TRT] Tactic: 0x88971eec55aba850 Time: 2.66202
[04/01/2024-15:04:03] [V] [TRT] Conv_0 + Relu_1 Set Tactic Name: ampere_h16816cudnn_64x128_sliced1x2_ldg8_relu_exp_stages_64x3_large_nhwc_tn_v1 Tactic: 0x4fc05923455fc266
[04/01/2024-15:04:03] [W] [TRT] Unknown embedded device detected. Using 59656MiB as the allocation cap for memory on embedded devices.
[04/01/2024-15:04:03] [V] [TRT] Tactic: 0x4fc05923455fc266 Time: 1.35491
[04/01/2024-15:04:03] [V] [TRT] Conv_0 + Relu_1 Set Tactic Name: ampere_h16816cudnn_64x128_ldg8_relu_exp_stages_64x3_large_nhwc_tn_v1 Tactic: 0xc9f0a7bec963ba66
[04/01/2024-15:04:03] [W] [TRT] Unknown embedded device detected. Using 59656MiB as the allocation cap for memory on embedded devices.
[04/01/2024-15:04:03] [V] [TRT] Tactic: 0xc9f0a7bec963ba66 Time: 1.48631
[04/01/2024-15:04:03] [V] [TRT] Conv_0 + Relu_1 Set Tactic Name: ampere_h1688cudnn_256x128_ldg8_relu_exp_large_nhwc_tn_v1 Tactic: 0x5c2e1c87d85b06f1
[04/01/2024-15:04:03] [W] [TRT] Unknown embedded device detected. Using 59656MiB as the allocation cap for memory on embedded devices.
[04/01/2024-15:04:03] [V] [TRT] Tactic: 0x5c2e1c87d85b06f1 Time: 1.54316
[04/01/2024-15:04:03] [V] [TRT] Conv_0 + Relu_1 Set Tactic Name: ampere_h16816cudnn_128x64_sliced1x2_ldg8_relu_exp_stages_64x3_large_nhwc_tn_v1 Tactic: 0x83ccd4762c1376a1
[04/01/2024-15:04:03] [W] [TRT] Unknown embedded device detected. Using 59656MiB as the allocation cap for memory on embedded devices.
[04/01/2024-15:04:03] [V] [TRT] Tactic: 0x83ccd4762c1376a1 Time: 1.39258
[04/01/2024-15:04:03] [V] [TRT] Conv_0 + Relu_1 Set Tactic Name: ampere_h1688cudnn_256x64_sliced1x2_ldg8_relu_exp_medium_nhwc_tn_v1 Tactic: 0xc9cc55109bb4de26
[04/01/2024-15:04:03] [W] [TRT] Unknown embedded device detected. Using 59656MiB as the allocation cap for memory on embedded devices.
[04/01/2024-15:04:03] [V] [TRT] Tactic: 0xc9cc55109bb4de26 Time: 1.98433
[04/01/2024-15:04:03] [V] [TRT] Conv_0 + Relu_1 Set Tactic Name: ampere_h16816cudnn_64x64_ldg8_relu_exp_stages_64x6_small_nhwc_tn_v1 Tactic: 0xf0beb09df9a19f82
[04/01/2024-15:04:03] [W] [TRT] Unknown embedded device detected. Using 59656MiB as the allocation cap for memory on embedded devices.
[04/01/2024-15:04:03] [V] [TRT] Tactic: 0xf0beb09df9a19f82 Time: 2.53661
[04/01/2024-15:04:03] [V] [TRT] Conv_0 + Relu_1 Set Tactic Name: ampere_h16816cudnn_64x64_ldg8_relu_exp_stages_64x5_large_nhwc_tn_v1 Tactic: 0x544bff7ff9c5d908
[04/01/2024-15:04:03] [W] [TRT] Unknown embedded device detected. Using 59656MiB as the allocation cap for memory on embedded devices.
[04/01/2024-15:04:03] [V] [TRT] Tactic: 0x544bff7ff9c5d908 Time: 2.01888
[04/01/2024-15:04:03] [V] [TRT] Conv_0 + Relu_1 Set Tactic Name: ampere_h1688cudnn_256x128_ldg8_relu_exp_small_nhwc_tn_v1 Tactic: 0xc660e51970bc5a3a
[04/01/2024-15:04:03] [W] [TRT] Unknown embedded device detected. Using 59656MiB as the allocation cap for memory on embedded devices.
[04/01/2024-15:04:03] [V] [TRT] Tactic: 0xc660e51970bc5a3a Time: 1.42577
[04/01/2024-15:04:03] [V] [TRT] Conv_0 + Relu_1 Set Tactic Name: ampere_h16816cudnn_64x128_sliced1x2_ldg8_relu_exp_stages_64x3_medium_nhwc_tn_v1 Tactic: 0xb85e52e87caf60a2
[04/01/2024-15:04:03] [W] [TRT] Unknown embedded device detected. Using 59656MiB as the allocation cap for memory on embedded devices.
[04/01/2024-15:04:03] [V] [TRT] Tactic: 0xb85e52e87caf60a2 Time: 1.34021
[04/01/2024-15:04:03] [V] [TRT] Conv_0 + Relu_1 Set Tactic Name: ampere_h16816cudnn_256x64_ldg8_relu_exp_stages_64x3_large_nhwc_tn_v1 Tactic: 0x2cb4a662694e89d3
[04/01/2024-15:04:03] [W] [TRT] Unknown embedded device detected. Using 59656MiB as the allocation cap for memory on embedded devices.
[04/01/2024-15:04:03] [V] [TRT] Tactic: 0x2cb4a662694e89d3 Time: 1.38002
[04/01/2024-15:04:03] [V] [TRT] Conv_0 + Relu_1 Set Tactic Name: ampere_h16816cudnn_64x128_sliced1x2_ldg8_relu_exp_stages_64x3_small_nhwc_tn_v1 Tactic: 0xd58ea0bdedb89ead
[04/01/2024-15:04:03] [W] [TRT] Unknown embedded device detected. Using 59656MiB as the allocation cap for memory on embedded devices.
[04/01/2024-15:04:03] [V] [TRT] Tactic: 0xd58ea0bdedb89ead Time: 1.34782
[04/01/2024-15:04:03] [V] [TRT] Conv_0 + Relu_1 Set Tactic Name: ampere_h16816cudnn_256x64_sliced1x2_ldg8_relu_exp_small_nhwc_tn_v1 Tactic: 0x42a5b8709d0039be
[04/01/2024-15:04:03] [W] [TRT] Unknown embedded device detected. Using 59656MiB as the allocation cap for memory on embedded devices.
[04/01/2024-15:04:03] [V] [TRT] Tactic: 0x42a5b8709d0039be Time: 1.62438
[04/01/2024-15:04:03] [V] [TRT] Conv_0 + Relu_1 Set Tactic Name: ampere_h16816cudnn_256x64_ldg8_relu_exp_stages_64x3_medium_nhwc_tn_v1 Tactic: 0x3f031df0e579d52c
[04/01/2024-15:04:03] [W] [TRT] Unknown embedded device detected. Using 59656MiB as the allocation cap for memory on embedded devices.
[04/01/2024-15:04:03] [V] [TRT] Tactic: 0x3f031df0e579d52c Time: 1.37871
[04/01/2024-15:04:03] [V] [TRT] Conv_0 + Relu_1 Set Tactic Name: ampere_h1688cudnn_256x64_sliced1x2_ldg8_relu_exp_small_nhwc_tn_v1 Tactic: 0x4aed1956bd10a795
[04/01/2024-15:04:03] [W] [TRT] Unknown embedded device detected. Using 59656MiB as the allocation cap for memory on embedded devices.
[04/01/2024-15:04:03] [V] [TRT] Tactic: 0x4aed1956bd10a795 Time: 1.83057
[04/01/2024-15:04:03] [V] [TRT] Conv_0 + Relu_1 Set Tactic Name: ampere_h16816cudnn_64x64_ldg8_relu_exp_stages_64x5_small_nhwc_tn_v1 Tactic: 0xce0506e1512285c3
[04/01/2024-15:04:03] [W] [TRT] Unknown embedded device detected. Using 59656MiB as the allocation cap for memory on embedded devices.
[04/01/2024-15:04:03] [V] [TRT] Tactic: 0xce0506e1512285c3 Time: 2.06548
[04/01/2024-15:04:03] [V] [TRT] Conv_0 + Relu_1 Set Tactic Name: ampere_h16816cudnn_256x64_ldg8_relu_exp_small_nhwc_tn_v1 Tactic: 0xca5d3a11fd48f571
[04/01/2024-15:04:03] [W] [TRT] Unknown embedded device detected. Using 59656MiB as the allocation cap for memory on embedded devices.
[04/01/2024-15:04:03] [V] [TRT] Tactic: 0xca5d3a11fd48f571 Time: 1.37206
[04/01/2024-15:04:03] [V] [TRT] Conv_0 + Relu_1 Set Tactic Name: ampere_h16816cudnn_128x128_ldg8_relu_exp_stages_64x3_medium_nhwc_tn_v1 Tactic: 0x2eaa2202de9404d6
[04/01/2024-15:04:03] [W] [TRT] Unknown embedded device detected. Using 59656MiB as the allocation cap for memory on embedded devices.
[04/01/2024-15:04:03] [V] [TRT] Tactic: 0x2eaa2202de9404d6 Time: 1.31845
[04/01/2024-15:04:03] [V] [TRT] Conv_0 + Relu_1 Set Tactic Name: ampere_h16816cudnn_64x128_ldg8_relu_exp_stages_64x4_small_nhwc_tn_v1 Tactic: 0x3b5fa0f2a8fc2410
[04/01/2024-15:04:03] [W] [TRT] Unknown embedded device detected. Using 59656MiB as the allocation cap for memory on embedded devices.
[04/01/2024-15:04:03] [V] [TRT] Tactic: 0x3b5fa0f2a8fc2410 Time: 1.71882
[04/01/2024-15:04:03] [V] [TRT] Conv_0 + Relu_1 Set Tactic Name: ampere_h16816cudnn_256x128_ldg8_relu_exp_medium_nhwc_tn_v1 Tactic: 0x03896956a39a1203
[04/01/2024-15:04:03] [W] [TRT] Unknown embedded device detected. Using 59656MiB as the allocation cap for memory on embedded devices.
[04/01/2024-15:04:03] [V] [TRT] Tactic: 0x03896956a39a1203 Time: 1.24452
[04/01/2024-15:04:03] [V] [TRT] Conv_0 + Relu_1 Set Tactic Name: ampere_h16816cudnn_64x64_ldg8_relu_exp_stages_64x5_medium_nhwc_tn_v1 Tactic: 0x5f31c22ec167f384
[04/01/2024-15:04:03] [W] [TRT] Unknown embedded device detected. Using 59656MiB as the allocation cap for memory on embedded devices.
[04/01/2024-15:04:03] [V] [TRT] Tactic: 0x5f31c22ec167f384 Time: 2.04837
[04/01/2024-15:04:03] [V] [TRT] Conv_0 + Relu_1 Set Tactic Name: ampere_h16816cudnn_128x64_sliced1x2_ldg8_relu_exp_stages_64x3_medium_nhwc_tn_v1 Tactic: 0x29329b5741ea05f2
[04/01/2024-15:04:03] [W] [TRT] Unknown embedded device detected. Using 59656MiB as the allocation cap for memory on embedded devices.
[04/01/2024-15:04:03] [V] [TRT] Tactic: 0x29329b5741ea05f2 Time: 1.38157
[04/01/2024-15:04:03] [V] [TRT] Conv_0 + Relu_1 Set Tactic Name: ampere_h16816cudnn_128x64_ldg8_relu_exp_stages_64x4_small_nhwc_tn_v1 Tactic: 0xabd92c9ae596b545
[04/01/2024-15:04:03] [W] [TRT] Unknown embedded device detected. Using 59656MiB as the allocation cap for memory on embedded devices.
[04/01/2024-15:04:03] [V] [TRT] Tactic: 0xabd92c9ae596b545 Time: 1.78197
[04/01/2024-15:04:03] [V] [TRT] Conv_0 + Relu_1 Set Tactic Name: ampere_h16816cudnn_64x128_sliced1x2_ldg8_relu_exp_stages_64x4_small_nhwc_tn_v1 Tactic: 0xbd6f5e6f24c05c10
[04/01/2024-15:04:03] [W] [TRT] Unknown embedded device detected. Using 59656MiB as the allocation cap for memory on embedded devices.
[04/01/2024-15:04:03] [V] [TRT] Tactic: 0xbd6f5e6f24c05c10 Time: 1.69859
[04/01/2024-15:04:03] [V] [TRT] Conv_0 + Relu_1 Set Tactic Name: ampere_h1688cudnn_256x64_ldg8_relu_exp_large_nhwc_tn_v1 Tactic: 0xe0e3c0e8cf9a2d9e
[04/01/2024-15:04:03] [W] [TRT] Unknown embedded device detected. Using 59656MiB as the allocation cap for memory on embedded devices.
[04/01/2024-15:04:03] [V] [TRT] Tactic: 0xe0e3c0e8cf9a2d9e Time: 1.40189
[04/01/2024-15:04:03] [V] [TRT] Conv_0 + Relu_1 Set Tactic Name: ampere_h16816cudnn_128x128_ldg8_relu_exp_stages_64x3_large_nhwc_tn_v1 Tactic: 0xc2cf926c41243630
[04/01/2024-15:04:03] [W] [TRT] Unknown embedded device detected. Using 59656MiB as the allocation cap for memory on embedded devices.
[04/01/2024-15:04:03] [V] [TRT] Tactic: 0xc2cf926c41243630 Time: 1.31746
[04/01/2024-15:04:03] [V] [TRT] Conv_0 + Relu_1 Set Tactic Name: ampere_h16816cudnn_256x128_ldg8_relu_exp_small_nhwc_tn_v1 Tactic: 0x463794ee4acffd1f
[04/01/2024-15:04:03] [W] [TRT] Unknown embedded device detected. Using 59656MiB as the allocation cap for memory on embedded devices.
[04/01/2024-15:04:03] [V] [TRT] Tactic: 0x463794ee4acffd1f Time: 1.23667
[04/01/2024-15:04:03] [V] [TRT] Conv_0 + Relu_1 Set Tactic Name: ampere_h16816cudnn_128x64_ldg8_relu_exp_stages_64x3_small_nhwc_tn_v1 Tactic: 0xc338d2482cee77f8
[04/01/2024-15:04:03] [W] [TRT] Unknown embedded device detected. Using 59656MiB as the allocation cap for memory on embedded devices.
[04/01/2024-15:04:03] [V] [TRT] Tactic: 0xc338d2482cee77f8 Time: 1.50661
[04/01/2024-15:04:03] [V] [TRT] Conv_0 + Relu_1 Set Tactic Name: sm80_xmma_fprop_implicit_gemm_f16f16_f16f16_f16_nhwckrsc_nhwc_tilesize256x64x64_stage3_warpsize4x1x1_g1_tensor16x8x16_t1r3s3 Tactic: 0x84ee897dd1f4d2aa
[04/01/2024-15:04:03] [W] [TRT] Unknown embedded device detected. Using 59656MiB as the allocation cap for memory on embedded devices.
[04/01/2024-15:04:03] [V] [TRT] Tactic: 0x84ee897dd1f4d2aa Time: 1.36217
[04/01/2024-15:04:03] [V] [TRT] Conv_0 + Relu_1 Set Tactic Name: ampere_h16816cudnn_128x64_ldg8_relu_exp_stages_64x4_large_nhwc_tn_v1 Tactic: 0x3197d5044d71e98e
[04/01/2024-15:04:03] [W] [TRT] Unknown embedded device detected. Using 59656MiB as the allocation cap for memory on embedded devices.
[04/01/2024-15:04:03] [V] [TRT] Tactic: 0x3197d5044d71e98e Time: 1.84254
[04/01/2024-15:04:03] [V] [TRT] Conv_0 + Relu_1 Set Tactic Name: sm80_xmma_fprop_implicit_gemm_indexed_f16f16_f16f16_f16_nhwckrsc_nhwc_tilesize64x256x64_stage3_warpsize1x4x1_g1_tensor16x8x16 Tactic: 0x5d067c18f40c23e3
[04/01/2024-15:04:03] [W] [TRT] Unknown embedded device detected. Using 59656MiB as the allocation cap for memory on embedded devices.
[04/01/2024-15:04:03] [V] [TRT] Tactic: 0x5d067c18f40c23e3 Time: 2.56677
[04/01/2024-15:04:03] [V] [TRT] Conv_0 + Relu_1 Set Tactic Name: sm80_xmma_fprop_implicit_gemm_f16f16_f16f16_f16_nhwckrsc_nhwc_tilesize256x128x32_stage3_warpsize4x2x1_g1_tensor16x8x16 Tactic: 0x60da8c7151d91e47
[04/01/2024-15:04:03] [W] [TRT] Unknown embedded device detected. Using 59656MiB as the allocation cap for memory on embedded devices.
[04/01/2024-15:04:03] [V] [TRT] Tactic: 0x60da8c7151d91e47 Time: 0.905911
[04/01/2024-15:04:03] [V] [TRT] Conv_0 + Relu_1 Set Tactic Name: ampere_h16816cudnn_64x64_sliced1x2_ldg8_relu_exp_stages_64x6_small_nhwc_tn_v1 Tactic: 0x24e01e7405cfdfe9
[04/01/2024-15:04:03] [W] [TRT] Unknown embedded device detected. Using 59656MiB as the allocation cap for memory on embedded devices.
[04/01/2024-15:04:03] [V] [TRT] Tactic: 0x24e01e7405cfdfe9 Time: 2.48316
[04/01/2024-15:04:03] [V] [TRT] Conv_0 + Relu_1 Set Tactic Name: sm80_xmma_fprop_implicit_gemm_f16f16_f16f16_f16_nhwckrsc_nhwc_tilesize128x256x32_stage3_warpsize2x4x1_g1_tensor16x8x16 Tactic: 0xa1a20ea714d420f4
[04/01/2024-15:04:03] [W] [TRT] Unknown embedded device detected. Using 59656MiB as the allocation cap for memory on embedded devices.
[04/01/2024-15:04:03] [V] [TRT] Tactic: 0xa1a20ea714d420f4 Time: 1.71808
[04/01/2024-15:04:03] [V] [TRT] Conv_0 + Relu_1 Set Tactic Name: ampere_h1688cudnn_128x128_ldg8_relu_exp_medium_nhwc_tn_v1 Tactic: 0x100c1ad308e08d35
[04/01/2024-15:04:03] [W] [TRT] Unknown embedded device detected. Using 59656MiB as the allocation cap for memory on embedded devices.
[04/01/2024-15:04:03] [V] [TRT] Tactic: 0x100c1ad308e08d35 Time: 1.50038
[04/01/2024-15:04:03] [V] [TRT] Conv_0 + Relu_1 Set Tactic Name: sm80_xmma_fprop_implicit_gemm_f16f16_f16f16_f16_nhwckrsc_nhwc_tilesize64x128x32_stage5_warpsize2x2x1_g1_tensor16x8x16_t1r3s3 Tactic: 0x17ebf0c9f418f10a
[04/01/2024-15:04:03] [W] [TRT] Unknown embedded device detected. Using 59656MiB as the allocation cap for memory on embedded devices.
[04/01/2024-15:04:03] [V] [TRT] Tactic: 0x17ebf0c9f418f10a Time: 1.02824
[04/01/2024-15:04:03] [V] [TRT] Conv_0 + Relu_1 Set Tactic Name: sm80_xmma_fprop_implicit_gemm_f16f16_f16f16_f16_nhwckrsc_nhwc_tilesize128x128x32_stage4_warpsize2x2x1_g1_tensor16x8x16_t1r3s3 Tactic: 0x60c3421152ef8e10
[04/01/2024-15:04:03] [W] [TRT] Unknown embedded device detected. Using 59656MiB as the allocation cap for memory on embedded devices.
[04/01/2024-15:04:03] [V] [TRT] Tactic: 0x60c3421152ef8e10 Time: 0.809207
[04/01/2024-15:04:03] [V] [TRT] Conv_0 + Relu_1 Set Tactic Name: ampere_h16816cudnn_256x64_ldg8_relu_exp_stages_64x3_small_nhwc_tn_v1 Tactic: 0xb6fa5ffcc1a9d518
[04/01/2024-15:04:03] [W] [TRT] Unknown embedded device detected. Using 59656MiB as the allocation cap for memory on embedded devices.
[04/01/2024-15:04:03] [V] [TRT] Tactic: 0xb6fa5ffcc1a9d518 Time: 1.35794
[04/01/2024-15:04:03] [V] [TRT] Conv_0 + Relu_1 Set Tactic Name: sm80_xmma_fprop_implicit_gemm_f16f16_f16f16_f16_nhwckrsc_nhwc_tilesize64x256x64_stage3_warpsize1x4x1_g1_tensor16x8x16_t1r3s3 Tactic: 0xd7c261fa01db2af9
[04/01/2024-15:04:03] [W] [TRT] Unknown embedded device detected. Using 59656MiB as the allocation cap for memory on embedded devices.
[04/01/2024-15:04:03] [V] [TRT] Tactic: 0xd7c261fa01db2af9 Time: 2.46542
[04/01/2024-15:04:03] [V] [TRT] Conv_0 + Relu_1 Set Tactic Name: ampere_h16816cudnn_256x64_ldg8_relu_exp_medium_nhwc_tn_v1 Tactic: 0xe4711898bd599c36
[04/01/2024-15:04:03] [W] [TRT] Unknown embedded device detected. Using 59656MiB as the allocation cap for memory on embedded devices.
[04/01/2024-15:04:03] [V] [TRT] Tactic: 0xe4711898bd599c36 Time: 1.41727
[04/01/2024-15:04:03] [V] [TRT] Conv_0 + Relu_1 Set Tactic Name: ampere_h16816cudnn_128x64_sliced1x2_ldg8_relu_exp_stages_64x4_medium_nhwc_tn_v1 Tactic: 0x59c5c647b4c76593
[04/01/2024-15:04:03] [W] [TRT] Unknown embedded device detected. Using 59656MiB as the allocation cap for memory on embedded devices.
[04/01/2024-15:04:03] [V] [TRT] Tactic: 0x59c5c647b4c76593 Time: 1.74537
[04/01/2024-15:04:03] [V] [TRT] Conv_0 + Relu_1 Set Tactic Name: sm80_xmma_fprop_implicit_gemm_indexed_f16f16_f16f16_f16_nhwckrsc_nhwc_tilesize256x128x64_stage3_warpsize4x2x1_g1_tensor16x8x16 Tactic: 0x8bf2f8e96c50a971
[04/01/2024-15:04:03] [W] [TRT] Unknown embedded device detected. Using 59656MiB as the allocation cap for memory on embedded devices.
[04/01/2024-15:04:03] [V] [TRT] Tactic: 0x8bf2f8e96c50a971 Time: 1.16483
[04/01/2024-15:04:03] [V] [TRT] Conv_0 + Relu_1 Set Tactic Name: sm80_xmma_fprop_implicit_gemm_indexed_f16f16_f16f16_f16_nhwckrsc_nhwc_tilesize64x32x64_stage5_warpsize2x2x1_g1_tensor16x8x16 Tactic: 0xe1ff5ad20f5c6bf6
[04/01/2024-15:04:03] [W] [TRT] Unknown embedded device detected. Using 59656MiB as the allocation cap for memory on embedded devices.
[04/01/2024-15:04:03] [V] [TRT] Tactic: 0xe1ff5ad20f5c6bf6 Time: 2.09634
[04/01/2024-15:04:03] [V] [TRT] Conv_0 + Relu_1 Set Tactic Name: sm80_xmma_fprop_implicit_gemm_indexed_f16f16_f16f16_f16_nhwckrsc_nhwc_tilesize64x128x32_stage5_warpsize2x2x1_g1_tensor16x8x16 Tactic: 0xafd1e8bf6bd3d638
[04/01/2024-15:04:03] [W] [TRT] Unknown embedded device detected. Using 59656MiB as the allocation cap for memory on embedded devices.
[04/01/2024-15:04:03] [V] [TRT] Tactic: 0xafd1e8bf6bd3d638 Time: 1.06535
[04/01/2024-15:04:03] [V] [TRT] Conv_0 + Relu_1 Set Tactic Name: sm80_xmma_fprop_implicit_gemm_indexed_f16f16_f16f16_f16_nhwckrsc_nhwc_tilesize128x32x32_stage4_warpsize4x1x1_g1_tensor16x8x16 Tactic: 0xf79479a62ea9f901
[04/01/2024-15:04:03] [W] [TRT] Unknown embedded device detected. Using 59656MiB as the allocation cap for memory on embedded devices.
[04/01/2024-15:04:03] [V] [TRT] Tactic: 0xf79479a62ea9f901 Time: 1.49477
[04/01/2024-15:04:03] [V] [TRT] Conv_0 + Relu_1 Set Tactic Name: sm80_xmma_fprop_implicit_gemm_indexed_f16f16_f16f16_f16_nhwckrsc_nhwc_tilesize128x256x32_stage3_warpsize2x4x1_g1_tensor16x8x16 Tactic: 0x7005d10718f6c22d
[04/01/2024-15:04:03] [W] [TRT] Unknown embedded device detected. Using 59656MiB as the allocation cap for memory on embedded devices.
[04/01/2024-15:04:03] [V] [TRT] Tactic: 0x7005d10718f6c22d Time: 1.73115
[04/01/2024-15:04:03] [V] [TRT] Conv_0 + Relu_1 Set Tactic Name: sm80_xmma_fprop_implicit_gemm_indexed_f16f16_f16f16_f16_nhwckrsc_nhwc_tilesize128x128x32_stage4_warpsize2x2x1_g1_tensor16x8x16 Tactic: 0x0e07ff4f4f7c1ac9
[04/01/2024-15:04:03] [W] [TRT] Unknown embedded device detected. Using 59656MiB as the allocation cap for memory on embedded devices.
[04/01/2024-15:04:03] [V] [TRT] Tactic: 0x0e07ff4f4f7c1ac9 Time: 0.905376
[04/01/2024-15:04:03] [V] [TRT] Conv_0 + Relu_1 Set Tactic Name: sm80_xmma_fprop_implicit_gemm_indexed_f16f16_f16f16_f16_nhwckrsc_nhwc_tilesize128x64x64_stage3_warpsize2x2x1_g1_tensor16x8x16 Tactic: 0x21b295c0c8f6c95a
[04/01/2024-15:04:03] [W] [TRT] Unknown embedded device detected. Using 59656MiB as the allocation cap for memory on embedded devices.
[04/01/2024-15:04:03] [V] [TRT] Tactic: 0x21b295c0c8f6c95a Time: 1.39656
[04/01/2024-15:04:03] [V] [TRT] Conv_0 + Relu_1 Set Tactic Name: sm80_xmma_fprop_implicit_gemm_indexed_f16f16_f16f16_f16_nhwckrsc_nhwc_tilesize256x32x32_stage4_warpsize4x1x1_g1_tensor16x8x16 Tactic: 0xdce100b9fe609424
[04/01/2024-15:04:03] [W] [TRT] Unknown embedded device detected. Using 59656MiB as the allocation cap for memory on embedded devices.
[04/01/2024-15:04:03] [V] [TRT] Tactic: 0xdce100b9fe609424 Time: 1.36932
[04/01/2024-15:04:04] [V] [TRT] Conv_0 + Relu_1 Set Tactic Name: sm80_xmma_fprop_implicit_gemm_indexed_f16f16_f16f16_f16_nhwckrsc_nhwc_tilesize256x128x32_stage3_warpsize4x2x1_g1_tensor16x8x16 Tactic: 0xb17d53d15dfbfc9e
[04/01/2024-15:04:04] [W] [TRT] Unknown embedded device detected. Using 59656MiB as the allocation cap for memory on embedded devices.
[04/01/2024-15:04:04] [V] [TRT] Tactic: 0xb17d53d15dfbfc9e Time: 0.914555
[04/01/2024-15:04:04] [V] [TRT] Conv_0 + Relu_1 Set Tactic Name: sm80_xmma_fprop_implicit_gemm_indexed_f16f16_f16f16_f16_nhwckrsc_nhwc_tilesize128x64x32_stage5_warpsize2x2x1_g1_tensor16x8x16 Tactic: 0xc9d24bd069159fa8
[04/01/2024-15:04:04] [W] [TRT] Unknown embedded device detected. Using 59656MiB as the allocation cap for memory on embedded devices.
[04/01/2024-15:04:04] [V] [TRT] Tactic: 0xc9d24bd069159fa8 Time: 1.17813
[04/01/2024-15:04:04] [V] [TRT] Conv_0 + Relu_1 Set Tactic Name: sm80_xmma_fprop_implicit_gemm_f16f16_f16f16_f16_nhwckrsc_nhwc_tilesize128x128x64_stage3_warpsize2x2x1_g1_tensor16x8x16 Tactic: 0x57c9a5ff682354a6
[04/01/2024-15:04:04] [W] [TRT] Unknown embedded device detected. Using 59656MiB as the allocation cap for memory on embedded devices.
[04/01/2024-15:04:04] [V] [TRT] Tactic: 0x57c9a5ff682354a6 Time: 1.27042
[04/01/2024-15:04:04] [V] [TRT] Conv_0 + Relu_1 Set Tactic Name: sm80_xmma_fprop_implicit_gemm_f16f16_f16f16_f16_nhwckrsc_nhwc_tilesize64x128x32_stage5_warpsize2x2x1_g1_tensor16x8x16 Tactic: 0xdb0b80f591d1bb6d
[04/01/2024-15:04:04] [W] [TRT] Unknown embedded device detected. Using 59656MiB as the allocation cap for memory on embedded devices.
[04/01/2024-15:04:04] [V] [TRT] Tactic: 0xdb0b80f591d1bb6d Time: 1.00745
[04/01/2024-15:04:04] [V] [TRT] Conv_0 + Relu_1 Set Tactic Name: ampere_h16816cudnn_64x128_ldg8_relu_exp_stages_64x4_large_nhwc_tn_v1 Tactic: 0xa111596c001b78db
[04/01/2024-15:04:04] [W] [TRT] Unknown embedded device detected. Using 59656MiB as the allocation cap for memory on embedded devices.
[04/01/2024-15:04:04] [V] [TRT] Tactic: 0xa111596c001b78db Time: 1.74574
[04/01/2024-15:04:04] [V] [TRT] Conv_0 + Relu_1 Set Tactic Name: ampere_h16816cudnn_64x128_sliced1x2_ldg8_relu_exp_stages_64x4_medium_nhwc_tn_v1 Tactic: 0xc8a90ff8898200c3
[04/01/2024-15:04:04] [W] [TRT] Unknown embedded device detected. Using 59656MiB as the allocation cap for memory on embedded devices.
[04/01/2024-15:04:04] [V] [TRT] Tactic: 0xc8a90ff8898200c3 Time: 1.69785
[04/01/2024-15:04:04] [V] [TRT] Conv_0 + Relu_1 Set Tactic Name: sm80_xmma_fprop_implicit_gemm_indexed_f16f16_f16f16_f16_nhwckrsc_nhwc_tilesize64x64x64_stage4_warpsize2x2x1_g1_tensor16x8x16 Tactic: 0x4a81ea1e51436a30
[04/01/2024-15:04:04] [W] [TRT] Unknown embedded device detected. Using 59656MiB as the allocation cap for memory on embedded devices.
[04/01/2024-15:04:04] [V] [TRT] Tactic: 0x4a81ea1e51436a30 Time: 1.87208
[04/01/2024-15:04:04] [V] [TRT] Conv_0 + Relu_1 Set Tactic Name: sm80_xmma_fprop_implicit_gemm_indexed_f16f16_f16f16_f16_nhwckrsc_nhwc_tilesize256x64x64_stage3_warpsize4x1x1_g1_tensor16x8x16 Tactic: 0x9fff6e65019cc310
[04/01/2024-15:04:04] [W] [TRT] Unknown embedded device detected. Using 59656MiB as the allocation cap for memory on embedded devices.
[04/01/2024-15:04:04] [V] [TRT] Tactic: 0x9fff6e65019cc310 Time: 1.43718
[04/01/2024-15:04:04] [V] [TRT] Conv_0 + Relu_1 Set Tactic Name: ampere_h16816cudnn_64x64_ldg8_relu_exp_stages_64x6_large_nhwc_tn_v1 Tactic: 0x6af049035146c349
[04/01/2024-15:04:04] [W] [TRT] Unknown embedded device detected. Using 59656MiB as the allocation cap for memory on embedded devices.
[04/01/2024-15:04:04] [V] [TRT] Tactic: 0x6af049035146c349 Time: 2.69367
[04/01/2024-15:04:04] [V] [TRT] Conv_0 + Relu_1 Set Tactic Name: ampere_h16816cudnn_128x128_ldg8_relu_exp_stages_64x3_small_nhwc_tn_v1 Tactic: 0x58816bf2e9c36afb
[04/01/2024-15:04:04] [W] [TRT] Unknown embedded device detected. Using 59656MiB as the allocation cap for memory on embedded devices.
[04/01/2024-15:04:04] [V] [TRT] Tactic: 0x58816bf2e9c36afb Time: 1.31533
[04/01/2024-15:04:04] [V] [TRT] Conv_0 + Relu_1 Set Tactic Name: ampere_h16816cudnn_128x64_ldg8_relu_exp_stages_64x4_medium_nhwc_tn_v1 Tactic: 0x196cbc423a9bb69e
[04/01/2024-15:04:04] [W] [TRT] Unknown embedded device detected. Using 59656MiB as the allocation cap for memory on embedded devices.
[04/01/2024-15:04:04] [V] [TRT] Tactic: 0x196cbc423a9bb69e Time: 1.80171
[04/01/2024-15:04:04] [V] [TRT] Conv_0 + Relu_1 Set Tactic Name: ampere_h16816cudnn_256x128_ldg8_relu_exp_stages_64x3_large_nhwc_tn_v1 Tactic: 0x94576ece6beb35e3
[04/01/2024-15:04:04] [W] [TRT] Unknown embedded device detected. Using 59656MiB as the allocation cap for memory on embedded devices.
[04/01/2024-15:04:04] [V] [TRT] Tactic: 0x94576ece6beb35e3 Time: 1.21859
[04/01/2024-15:04:04] [V] [TRT] Conv_0 + Relu_1 Set Tactic Name: ampere_h1688cudnn_128x128_ldg8_relu_exp_small_nhwc_tn_v1 Tactic: 0x3369260c04f9ad73
[04/01/2024-15:04:04] [W] [TRT] Unknown embedded device detected. Using 59656MiB as the allocation cap for memory on embedded devices.
[04/01/2024-15:04:04] [V] [TRT] Tactic: 0x3369260c04f9ad73 Time: 1.43154
[04/01/2024-15:04:04] [V] [TRT] Conv_0 + Relu_1 Set Tactic Name: ampere_h16816cudnn_64x128_ldg8_relu_exp_stages_64x4_medium_nhwc_tn_v1 Tactic: 0xc82f3f06140e3cbb
[04/01/2024-15:04:04] [W] [TRT] Unknown embedded device detected. Using 59656MiB as the allocation cap for memory on embedded devices.
[04/01/2024-15:04:04] [V] [TRT] Tactic: 0xc82f3f06140e3cbb Time: 1.72711
[04/01/2024-15:04:04] [V] [TRT] Conv_0 + Relu_1 Set Tactic Name: ampere_h16816cudnn_128x128_ldg8_relu_exp_large_nhwc_tn_v1 Tactic: 0x2970ae65966d569d
[04/01/2024-15:04:04] [W] [TRT] Unknown embedded device detected. Using 59656MiB as the allocation cap for memory on embedded devices.
[04/01/2024-15:04:04] [V] [TRT] Tactic: 0x2970ae65966d569d Time: 1.20898
[04/01/2024-15:04:04] [V] [TRT] Conv_0 + Relu_1 Set Tactic Name: sm80_xmma_fprop_implicit_gemm_f16f16_f16f16_f16_nhwckrsc_nhwc_tilesize64x64x64_stage4_warpsize2x2x1_g1_tensor16x8x16_t1r3s3 Tactic: 0x31d93dc22d2af081
[04/01/2024-15:04:04] [W] [TRT] Unknown embedded device detected. Using 59656MiB as the allocation cap for memory on embedded devices.
[04/01/2024-15:04:04] [V] [TRT] Tactic: 0x31d93dc22d2af081 Time: 1.56079
[04/01/2024-15:04:04] [V] [TRT] Conv_0 + Relu_1 Set Tactic Name: sm80_xmma_fprop_implicit_gemm_f16f16_f16f16_f16_nhwckrsc_nhwc_tilesize64x32x64_stage5_warpsize2x2x1_g1_tensor16x8x16_t1r3s3 Tactic: 0xa033e20ae9f412b2
[04/01/2024-15:04:04] [W] [TRT] Unknown embedded device detected. Using 59656MiB as the allocation cap for memory on embedded devices.
[04/01/2024-15:04:04] [V] [TRT] Tactic: 0xa033e20ae9f412b2 Time: 1.95472
[04/01/2024-15:04:04] [V] [TRT] Conv_0 + Relu_1 Set Tactic Name: sm80_xmma_fprop_implicit_gemm_f16f16_f16f16_f16_nhwckrsc_nhwc_tilesize256x64x64_stage3_warpsize4x1x1_g1_tensor16x8x16 Tactic: 0xeb25062ffb9eae45
[04/01/2024-15:04:04] [W] [TRT] Unknown embedded device detected. Using 59656MiB as the allocation cap for memory on embedded devices.
[04/01/2024-15:04:04] [V] [TRT] Tactic: 0xeb25062ffb9eae45 Time: 1.37197
[04/01/2024-15:04:04] [V] [TRT] Conv_0 + Relu_1 Set Tactic Name: ampere_h16816cudnn_256x128_ldg8_relu_exp_stages_64x3_small_nhwc_tn_v1 Tactic: 0x0e199750c30c6928
[04/01/2024-15:04:04] [W] [TRT] Unknown embedded device detected. Using 59656MiB as the allocation cap for memory on embedded devices.
[04/01/2024-15:04:04] [V] [TRT] Tactic: 0x0e199750c30c6928 Time: 1.20507
[04/01/2024-15:04:04] [V] [TRT] Conv_0 + Relu_1 Set Tactic Name: sm80_xmma_fprop_implicit_gemm_f16f16_f16f16_f16_nhwckrsc_nhwc_tilesize128x128x32_stage4_warpsize2x2x1_g1_tensor16x8x16_t1r3s3_aACCESS Tactic: 0x245530c34bd6090f
[04/01/2024-15:04:04] [W] [TRT] Unknown embedded device detected. Using 59656MiB as the allocation cap for memory on embedded devices.
[04/01/2024-15:04:04] [V] [TRT] Tactic: 0x245530c34bd6090f Time: 0.831077
[04/01/2024-15:04:04] [V] [TRT] Conv_0 + Relu_1 Set Tactic Name: ampere_h16816cudnn_64x64_sliced1x2_ldg8_relu_exp_stages_64x6_large_nhwc_tn_v1 Tactic: 0xbeaee7eaad288322
[04/01/2024-15:04:04] [W] [TRT] Unknown embedded device detected. Using 59656MiB as the allocation cap for memory on embedded devices.
[04/01/2024-15:04:04] [V] [TRT] Tactic: 0xbeaee7eaad288322 Time: 2.66963
[04/01/2024-15:04:04] [V] [TRT] Conv_0 + Relu_1 Set Tactic Name: sm80_xmma_fprop_implicit_gemm_indexed_f16f16_f16f16_f16_nhwckrsc_nhwc_tilesize128x128x64_stage3_warpsize2x2x1_g1_tensor16x8x16 Tactic: 0x866e7a5f6401b67f
[04/01/2024-15:04:04] [W] [TRT] Unknown embedded device detected. Using 59656MiB as the allocation cap for memory on embedded devices.
[04/01/2024-15:04:04] [V] [TRT] Tactic: 0x866e7a5f6401b67f Time: 1.28303
[04/01/2024-15:04:04] [V] [TRT] Conv_0 + Relu_1 Set Tactic Name: sm80_xmma_fprop_implicit_gemm_f16f16_f16f16_f16_nhwckrsc_nhwc_tilesize64x64x64_stage4_warpsize2x2x1_g1_tensor16x8x16_t1r3s3_aACCESS Tactic: 0x30e8a8d7a953e5e9
[04/01/2024-15:04:04] [W] [TRT] Unknown embedded device detected. Using 59656MiB as the allocation cap for memory on embedded devices.
[04/01/2024-15:04:04] [V] [TRT] Tactic: 0x30e8a8d7a953e5e9 Time: 1.64754
[04/01/2024-15:04:04] [V] [TRT] Conv_0 + Relu_1 Set Tactic Name: ampere_h16816cudnn_256x128_ldg8_relu_exp_large_nhwc_tn_v1 Tactic: 0xdc796d70e228a1d4
[04/01/2024-15:04:04] [W] [TRT] Unknown embedded device detected. Using 59656MiB as the allocation cap for memory on embedded devices.
[04/01/2024-15:04:04] [V] [TRT] Tactic: 0xdc796d70e228a1d4 Time: 1.25187
[04/01/2024-15:04:04] [V] [TRT] Conv_0 + Relu_1 Set Tactic Name: ampere_h1688cudnn_256x128_ldg8_relu_exp_medium_nhwc_tn_v1 Tactic: 0x30c0f36d0aeeac6a
[04/01/2024-15:04:04] [W] [TRT] Unknown embedded device detected. Using 59656MiB as the allocation cap for memory on embedded devices.
[04/01/2024-15:04:04] [V] [TRT] Tactic: 0x30c0f36d0aeeac6a Time: 1.52722
[04/01/2024-15:04:04] [V] [TRT] Conv_0 + Relu_1 Set Tactic Name: sm80_xmma_fprop_implicit_gemm_indexed_f16f16_f16f16_f16_nhwckrsc_nhwc_tilesize256x64x32_stage3_warpsize4x1x1_g1_tensor16x8x16 Tactic: 0xa570c55d303796ff
[04/01/2024-15:04:04] [W] [TRT] Unknown embedded device detected. Using 59656MiB as the allocation cap for memory on embedded devices.
[04/01/2024-15:04:04] [V] [TRT] Tactic: 0xa570c55d303796ff Time: 0.981879
[04/01/2024-15:04:04] [V] [TRT] Conv_0 + Relu_1 Set Tactic Name: sm80_xmma_fprop_implicit_gemm_f16f16_f16f16_f16_nhwckrsc_nhwc_tilesize256x64x32_stage3_warpsize4x1x1_g1_tensor16x8x16 Tactic: 0xd1aaad17ca35fbaa
[04/01/2024-15:04:04] [W] [TRT] Unknown embedded device detected. Using 59656MiB as the allocation cap for memory on embedded devices.
[04/01/2024-15:04:04] [V] [TRT] Tactic: 0xd1aaad17ca35fbaa Time: 0.969353
[04/01/2024-15:04:04] [V] [TRT] Conv_0 + Relu_1 Set Tactic Name: sm80_xmma_fprop_implicit_gemm_f16f16_f16f16_f16_nhwckrsc_nhwc_tilesize256x64x32_stage3_warpsize4x1x1_g1_tensor16x8x16_t1r3s3_aACCESS Tactic: 0x0866ddee325d07a6
[04/01/2024-15:04:04] [W] [TRT] Unknown embedded device detected. Using 59656MiB as the allocation cap for memory on embedded devices.
[04/01/2024-15:04:04] [V] [TRT] Tactic: 0x0866ddee325d07a6 Time: 0.988997
[04/01/2024-15:04:04] [V] [TRT] Conv_0 + Relu_1 Set Tactic Name: ampere_h16816cudnn_64x64_sliced1x2_ldg8_relu_exp_stages_64x5_large_nhwc_tn_v1 Tactic: 0x8015519605ab9963
[04/01/2024-15:04:04] [W] [TRT] Unknown embedded device detected. Using 59656MiB as the allocation cap for memory on embedded devices.
[04/01/2024-15:04:04] [V] [TRT] Tactic: 0x8015519605ab9963 Time: 1.86875
[04/01/2024-15:04:04] [V] [TRT] Conv_0 + Relu_1 Set Tactic Name: sm80_xmma_fprop_implicit_gemm_f16f16_f16f16_f16_nhwckrsc_nhwc_tilesize64x32x64_stage5_warpsize2x2x1_g1_tensor16x8x16 Tactic: 0x5820b3dda403c4d0
[04/01/2024-15:04:04] [W] [TRT] Unknown embedded device detected. Using 59656MiB as the allocation cap for memory on embedded devices.
[04/01/2024-15:04:04] [V] [TRT] Tactic: 0x5820b3dda403c4d0 Time: 1.94564
[04/01/2024-15:04:04] [V] [TRT] Conv_0 + Relu_1 Set Tactic Name: ampere_h16816cudnn_256x128_ldg8_relu_exp_stages_64x3_medium_nhwc_tn_v1 Tactic: 0xb9171d70ba2eda4b
[04/01/2024-15:04:04] [W] [TRT] Unknown embedded device detected. Using 59656MiB as the allocation cap for memory on embedded devices.
[04/01/2024-15:04:04] [V] [TRT] Tactic: 0xb9171d70ba2eda4b Time: 1.20944
[04/01/2024-15:04:04] [V] [TRT] Conv_0 + Relu_1 Set Tactic Name: sm80_xmma_fprop_implicit_gemm_f16f16_f16f16_f16_nhwckrsc_nhwc_tilesize128x32x32_stage4_warpsize4x1x1_g1_tensor16x8x16_t1r3s3 Tactic: 0x3e7eb35b91b9fa63
[04/01/2024-15:04:04] [W] [TRT] Unknown embedded device detected. Using 59656MiB as the allocation cap for memory on embedded devices.
[04/01/2024-15:04:04] [V] [TRT] Tactic: 0x3e7eb35b91b9fa63 Time: 1.48981
[04/01/2024-15:04:04] [V] [TRT] Conv_0 + Relu_1 Set Tactic Name: sm80_xmma_fprop_implicit_gemm_f16f16_f16f16_f16_nhwckrsc_nhwc_tilesize128x64x64_stage3_warpsize2x2x1_g1_tensor16x8x16 Tactic: 0x5568fd8a32f4a40f
[04/01/2024-15:04:04] [W] [TRT] Unknown embedded device detected. Using 59656MiB as the allocation cap for memory on embedded devices.
[04/01/2024-15:04:04] [V] [TRT] Tactic: 0x5568fd8a32f4a40f Time: 1.2367
[04/01/2024-15:04:04] [V] [TRT] Conv_0 + Relu_1 Set Tactic Name: sm80_xmma_fprop_implicit_gemm_f16f16_f16f16_f16_nhwckrsc_nhwc_tilesize128x64x32_stage5_warpsize2x2x1_g1_tensor16x8x16 Tactic: 0xbd08239a9317f2fd
[04/01/2024-15:04:04] [W] [TRT] Unknown embedded device detected. Using 59656MiB as the allocation cap for memory on embedded devices.
[04/01/2024-15:04:04] [V] [TRT] Tactic: 0xbd08239a9317f2fd Time: 1.10171
[04/01/2024-15:04:04] [V] [TRT] Conv_0 + Relu_1 Set Tactic Name: sm80_xmma_fprop_implicit_gemm_f16f16_f16f16_f16_nhwckrsc_nhwc_tilesize128x64x64_stage3_warpsize2x2x1_g1_tensor16x8x16_t1r3s3 Tactic: 0x05b6220f243edacd
[04/01/2024-15:04:04] [W] [TRT] Unknown embedded device detected. Using 59656MiB as the allocation cap for memory on embedded devices.
[04/01/2024-15:04:04] [V] [TRT] Tactic: 0x05b6220f243edacd Time: 1.22094
[04/01/2024-15:04:04] [V] [TRT] Conv_0 + Relu_1 Set Tactic Name: sm80_xmma_fprop_implicit_gemm_f16f16_f16f16_f16_nhwckrsc_nhwc_tilesize128x256x32_stage3_warpsize2x4x1_g1_tensor16x8x16_t1r3s3 Tactic: 0xa9177bbe4e767df8
[04/01/2024-15:04:04] [W] [TRT] Unknown embedded device detected. Using 59656MiB as the allocation cap for memory on embedded devices.
[04/01/2024-15:04:04] [V] [TRT] Tactic: 0xa9177bbe4e767df8 Time: 1.69653
[04/01/2024-15:04:04] [V] [TRT] Conv_0 + Relu_1 Set Tactic Name: sm80_xmma_fprop_implicit_gemm_f16f16_f16f16_f16_nhwckrsc_nhwc_tilesize256x32x32_stage4_warpsize4x1x1_g1_tensor16x8x16 Tactic: 0xa83b68f30462f971
[04/01/2024-15:04:04] [W] [TRT] Unknown embedded device detected. Using 59656MiB as the allocation cap for memory on embedded devices.
[04/01/2024-15:04:04] [V] [TRT] Tactic: 0xa83b68f30462f971 Time: 1.37008
[04/01/2024-15:04:04] [V] [TRT] Conv_0 + Relu_1 Set Tactic Name: sm80_xmma_fprop_implicit_gemm_f16f16_f16f16_f16_nhwckrsc_nhwc_tilesize64x256x64_stage3_warpsize1x4x1_g1_tensor16x8x16 Tactic: 0x29dc14520e0e4eb6
[04/01/2024-15:04:04] [W] [TRT] Unknown embedded device detected. Using 59656MiB as the allocation cap for memory on embedded devices.
[04/01/2024-15:04:04] [V] [TRT] Tactic: 0x29dc14520e0e4eb6 Time: 2.54336
[04/01/2024-15:04:04] [V] [TRT] Conv_0 + Relu_1 Set Tactic Name: sm80_xmma_fprop_implicit_gemm_f16f16_f16f16_f16_nhwckrsc_nhwc_tilesize64x64x64_stage4_warpsize2x2x1_g1_tensor16x8x16 Tactic: 0xf35e0311fa1cc516
[04/01/2024-15:04:04] [W] [TRT] Unknown embedded device detected. Using 59656MiB as the allocation cap for memory on embedded devices.
[04/01/2024-15:04:04] [V] [TRT] Tactic: 0xf35e0311fa1cc516 Time: 1.57362
[04/01/2024-15:04:04] [V] [TRT] Conv_0 + Relu_1 Set Tactic Name: sm80_xmma_fprop_implicit_gemm_f16f16_f16f16_f16_nhwckrsc_nhwc_tilesize128x64x32_stage5_warpsize2x2x1_g1_tensor16x8x16_t1r3s3 Tactic: 0xb4bec086187edcfc
[04/01/2024-15:04:04] [W] [TRT] Unknown embedded device detected. Using 59656MiB as the allocation cap for memory on embedded devices.
[04/01/2024-15:04:04] [V] [TRT] Tactic: 0xb4bec086187edcfc Time: 1.08507
[04/01/2024-15:04:04] [V] [TRT] Conv_0 + Relu_1 Set Tactic Name: ampere_h1688cudnn_256x64_ldg8_relu_exp_medium_nhwc_tn_v1 Tactic: 0x6426696f872a3b13
[04/01/2024-15:04:04] [W] [TRT] Unknown embedded device detected. Using 59656MiB as the allocation cap for memory on embedded devices.
[04/01/2024-15:04:04] [V] [TRT] Tactic: 0x6426696f872a3b13 Time: 1.40142
[04/01/2024-15:04:04] [V] [TRT] Conv_0 + Relu_1 Set Tactic Name: sm80_xmma_fprop_implicit_gemm_f16f16_f16f16_f16_nhwckrsc_nhwc_tilesize256x64x32_stage3_warpsize4x1x1_g1_tensor16x8x16_t1r3s3 Tactic: 0x529f4431bdae94f5
[04/01/2024-15:04:04] [W] [TRT] Unknown embedded device detected. Using 59656MiB as the allocation cap for memory on embedded devices.
[04/01/2024-15:04:04] [V] [TRT] Tactic: 0x529f4431bdae94f5 Time: 0.96219
[04/01/2024-15:04:04] [V] [TRT] Conv_0 + Relu_1 Set Tactic Name: sm80_xmma_fprop_implicit_gemm_f16f16_f16f16_f16_nhwckrsc_nhwc_tilesize256x128x64_stage3_warpsize4x2x1_g1_tensor16x8x16_t1r3s3 Tactic: 0xd2fca0486ca97266
[04/01/2024-15:04:04] [W] [TRT] Unknown embedded device detected. Using 59656MiB as the allocation cap for memory on embedded devices.
[04/01/2024-15:04:04] [V] [TRT] Tactic: 0xd2fca0486ca97266 Time: 1.20275
[04/01/2024-15:04:04] [V] [TRT] Conv_0 + Relu_1 Set Tactic Name: sm80_xmma_fprop_implicit_gemm_f16f16_f16f16_f16_nhwckrsc_nhwc_tilesize128x128x64_stage3_warpsize2x2x1_g1_tensor16x8x16_t1r3s3 Tactic: 0xc0a02dc6095497cc
[04/01/2024-15:04:04] [W] [TRT] Unknown embedded device detected. Using 59656MiB as the allocation cap for memory on embedded devices.
[04/01/2024-15:04:04] [V] [TRT] Tactic: 0xc0a02dc6095497cc Time: 1.27387
[04/01/2024-15:04:04] [V] [TRT] Conv_0 + Relu_1 Set Tactic Name: sm80_xmma_fprop_implicit_gemm_f16f16_f16f16_f16_nhwckrsc_nhwc_tilesize256x128x32_stage3_warpsize4x2x1_g1_tensor16x8x16_t1r3s3 Tactic: 0x048d6d0400f33439
[04/01/2024-15:04:04] [W] [TRT] Unknown embedded device detected. Using 59656MiB as the allocation cap for memory on embedded devices.
[04/01/2024-15:04:04] [V] [TRT] Tactic: 0x048d6d0400f33439 Time: 0.898784
[04/01/2024-15:04:04] [V] [TRT] Conv_0 + Relu_1 Set Tactic Name: sm80_xmma_fprop_implicit_gemm_f16f16_f16f16_f16_nhwckrsc_nhwc_tilesize256x128x64_stage3_warpsize4x2x1_g1_tensor16x8x16 Tactic: 0x5a55274960724ba8
[04/01/2024-15:04:04] [W] [TRT] Unknown embedded device detected. Using 59656MiB as the allocation cap for memory on embedded devices.
[04/01/2024-15:04:04] [V] [TRT] Tactic: 0x5a55274960724ba8 Time: 1.17856
[04/01/2024-15:04:04] [V] [TRT] Conv_0 + Relu_1 Set Tactic Name: ampere_h16816cudnn_256x64_ldg8_relu_exp_large_nhwc_tn_v1 Tactic: 0x5013c38f55afa9ba
[04/01/2024-15:04:04] [W] [TRT] Unknown embedded device detected. Using 59656MiB as the allocation cap for memory on embedded devices.
[04/01/2024-15:04:04] [V] [TRT] Tactic: 0x5013c38f55afa9ba Time: 1.43767
[04/01/2024-15:04:04] [V] [TRT] Conv_0 + Relu_1 Set Tactic Name: sm80_xmma_fprop_implicit_gemm_f16f16_f16f16_f16_nhwckrsc_nhwc_tilesize128x32x32_stage4_warpsize4x1x1_g1_tensor16x8x16 Tactic: 0x834e11ecd4ab9454
[04/01/2024-15:04:04] [W] [TRT] Unknown embedded device detected. Using 59656MiB as the allocation cap for memory on embedded devices.
[04/01/2024-15:04:04] [V] [TRT] Tactic: 0x834e11ecd4ab9454 Time: 1.49583
[04/01/2024-15:04:04] [V] [TRT] Conv_0 + Relu_1 Set Tactic Name: sm80_xmma_fprop_implicit_gemm_f16f16_f16f16_f16_nhwckrsc_nhwc_tilesize128x128x32_stage4_warpsize2x2x1_g1_tensor16x8x16 Tactic: 0xdfa020ef435ef810
[04/01/2024-15:04:04] [W] [TRT] Unknown embedded device detected. Using 59656MiB as the allocation cap for memory on embedded devices.
[04/01/2024-15:04:04] [V] [TRT] Tactic: 0xdfa020ef435ef810 Time: 0.824069
[04/01/2024-15:04:04] [V] [TRT] Conv_0 + Relu_1 Set Tactic Name: sm80_xmma_fprop_implicit_gemm_f16f16_f16f16_f16_nhwckrsc_nhwc_tilesize128x64x64_stage3_warpsize2x2x1_g1_tensor16x8x16_t1r3s3_aACCESS Tactic: 0x263a38afd75e3a43
[04/01/2024-15:04:04] [W] [TRT] Unknown embedded device detected. Using 59656MiB as the allocation cap for memory on embedded devices.
[04/01/2024-15:04:04] [V] [TRT] Tactic: 0x263a38afd75e3a43 Time: 1.39355
[04/01/2024-15:04:04] [V] [TRT] Conv_0 + Relu_1 Set Tactic Name: sm80_xmma_fprop_implicit_gemm_f16f16_f16f16_f16_nhwckrsc_nhwc_tilesize256x32x32_stage4_warpsize4x1x1_g1_tensor16x8x16_t1r3s3 Tactic: 0xa40cb43c296a36a8
[04/01/2024-15:04:04] [W] [TRT] Unknown embedded device detected. Using 59656MiB as the allocation cap for memory on embedded devices.
[04/01/2024-15:04:04] [V] [TRT] Tactic: 0xa40cb43c296a36a8 Time: 1.3701
[04/01/2024-15:04:04] [V] [TRT] Fastest Tactic: 0x60c3421152ef8e10 Time: 0.809207
[04/01/2024-15:04:04] [V] [TRT] --------------- Timing Runner: Conv_0 + Relu_1 (CaskFlattenConvolution)
[04/01/2024-15:04:04] [V] [TRT] CaskFlattenConvolution has no valid tactics for this config, skipping
[04/01/2024-15:04:04] [V] [TRT] >>>>>>>>>>>>>>> Chose Runner Type: CaskConvolution Tactic: 0x60c3421152ef8e10
[04/01/2024-15:04:04] [V] [TRT] =============== Computing costs for 
[04/01/2024-15:04:04] [V] [TRT] *************** Autotuning format combination: Float(10368000,129600,360,1) -> Float(2592000,32400,180,1) ***************
[04/01/2024-15:04:04] [V] [TRT] --------------- Timing Runner: Conv_2 + Relu_3 (CudaDepthwiseConvolution)
[04/01/2024-15:04:04] [V] [TRT] CudaDepthwiseConvolution has no valid tactics for this config, skipping
[04/01/2024-15:04:04] [V] [TRT] --------------- Timing Runner: Conv_2 + Relu_3 (FusedConvActConvolution)
[04/01/2024-15:04:04] [V] [TRT] FusedConvActConvolution has no valid tactics for this config, skipping
[04/01/2024-15:04:04] [V] [TRT] --------------- Timing Runner: Conv_2 + Relu_3 (CudnnConvolution)
[04/01/2024-15:04:04] [W] [TRT] Unknown embedded device detected. Using 59656MiB as the allocation cap for memory on embedded devices.
[04/01/2024-15:04:04] [V] [TRT] Tactic: 0x0000000000000000 Time: 3.11118
[04/01/2024-15:04:04] [W] [TRT] Unknown embedded device detected. Using 59656MiB as the allocation cap for memory on embedded devices.
[04/01/2024-15:04:04] [V] [TRT] Tactic: 0x0000000000000001 Time: 1.24372
[04/01/2024-15:04:04] [W] [TRT] Unknown embedded device detected. Using 59656MiB as the allocation cap for memory on embedded devices.
[04/01/2024-15:04:04] [V] [TRT] Tactic: 0x0000000000000002 Time: 3.40711
[04/01/2024-15:04:04] [W] [TRT] Unknown embedded device detected. Using 59656MiB as the allocation cap for memory on embedded devices.
[04/01/2024-15:04:05] [V] [TRT] Tactic: 0x0000000000000005 Time: 26.7763
[04/01/2024-15:04:05] [W] [TRT] Unknown embedded device detected. Using 59656MiB as the allocation cap for memory on embedded devices.
[04/01/2024-15:04:05] [V] [TRT] Tactic: 0x0000000000000038 Time: 3.1053
[04/01/2024-15:04:05] [W] [TRT] Unknown embedded device detected. Using 59656MiB as the allocation cap for memory on embedded devices.
[04/01/2024-15:04:05] [V] [TRT] Tactic: 0x0000000000000039 Time: 1.25012
[04/01/2024-15:04:05] [W] [TRT] Unknown embedded device detected. Using 59656MiB as the allocation cap for memory on embedded devices.
[04/01/2024-15:04:05] [V] [TRT] Tactic: 0x000000000000003a Time: 3.38323
[04/01/2024-15:04:05] [W] [TRT] Unknown embedded device detected. Using 59656MiB as the allocation cap for memory on embedded devices.
[04/01/2024-15:04:05] [V] [TRT] Tactic: 0x000000000000003d Time: 27.1975
[04/01/2024-15:04:05] [W] [TRT] Unknown embedded device detected. Using 59656MiB as the allocation cap for memory on embedded devices.
[04/01/2024-15:04:05] [V] [TRT] Tactic: 0x0000000000000070 Time: 3.18563
[04/01/2024-15:04:05] [W] [TRT] Unknown embedded device detected. Using 59656MiB as the allocation cap for memory on embedded devices.
[04/01/2024-15:04:05] [V] [TRT] Tactic: 0x0000000000000071 Time: 2.26153
[04/01/2024-15:04:05] [W] [TRT] Unknown embedded device detected. Using 59656MiB as the allocation cap for memory on embedded devices.
[04/01/2024-15:04:05] [V] [TRT] Tactic: 0x0000000000000072 Time: 3.34013
[04/01/2024-15:04:05] [W] [TRT] Unknown embedded device detected. Using 59656MiB as the allocation cap for memory on embedded devices.
[04/01/2024-15:04:05] [V] [TRT] Tactic: 0x0000000000000075 Time: 27.2046
[04/01/2024-15:04:05] [V] [TRT] Fastest Tactic: 0x0000000000000001 Time: 1.24372
[04/01/2024-15:04:05] [V] [TRT] --------------- Timing Runner: Conv_2 + Relu_3 (CaskGemmConvolution)
[04/01/2024-15:04:05] [V] [TRT] CaskGemmConvolution has no valid tactics for this config, skipping
[04/01/2024-15:04:05] [V] [TRT] --------------- Timing Runner: Conv_2 + Relu_3 (CaskConvolution)
[04/01/2024-15:04:05] [V] [TRT] Conv_2 + Relu_3 Set Tactic Name: ampere_scudnn_128x32_relu_small_nn_v1 Tactic: 0xa8609adc4e0ceb90
[04/01/2024-15:04:05] [W] [TRT] Unknown embedded device detected. Using 59656MiB as the allocation cap for memory on embedded devices.
[04/01/2024-15:04:05] [V] [TRT] Tactic: 0xa8609adc4e0ceb90 Time: 1.77205
[04/01/2024-15:04:05] [V] [TRT] Conv_2 + Relu_3 Set Tactic Name: ampere_scudnn_128x64_relu_xregs_large_nn_v1 Tactic: 0x5deb29b7a8e275f7
[04/01/2024-15:04:05] [W] [TRT] Unknown embedded device detected. Using 59656MiB as the allocation cap for memory on embedded devices.
[04/01/2024-15:04:05] [V] [TRT] Tactic: 0x5deb29b7a8e275f7 Time: 1.98611
[04/01/2024-15:04:05] [V] [TRT] Conv_2 + Relu_3 Set Tactic Name: ampere_scudnn_128x64_relu_medium_nn_v1 Tactic: 0xf64396b97c889179
[04/01/2024-15:04:05] [W] [TRT] Unknown embedded device detected. Using 59656MiB as the allocation cap for memory on embedded devices.
[04/01/2024-15:04:05] [V] [TRT] Tactic: 0xf64396b97c889179 Time: 2.11041
[04/01/2024-15:04:05] [V] [TRT] Conv_2 + Relu_3 Set Tactic Name: ampere_scudnn_128x128_relu_small_nn_v1 Tactic: 0x503619c69ae500ff
[04/01/2024-15:04:05] [W] [TRT] Unknown embedded device detected. Using 59656MiB as the allocation cap for memory on embedded devices.
[04/01/2024-15:04:05] [V] [TRT] Tactic: 0x503619c69ae500ff Time: 1.82342
[04/01/2024-15:04:05] [V] [TRT] Conv_2 + Relu_3 Set Tactic Name: ampere_scudnn_128x128_relu_xregs_large_nn_v1 Tactic: 0x5403ad713f811a18
[04/01/2024-15:04:05] [W] [TRT] Unknown embedded device detected. Using 59656MiB as the allocation cap for memory on embedded devices.
[04/01/2024-15:04:05] [V] [TRT] Tactic: 0x5403ad713f811a18 Time: 1.95562
[04/01/2024-15:04:05] [V] [TRT] Conv_2 + Relu_3 Set Tactic Name: ampere_scudnn_128x128_relu_medium_nn_v1 Tactic: 0xf067e6205da31c2e
[04/01/2024-15:04:05] [W] [TRT] Unknown embedded device detected. Using 59656MiB as the allocation cap for memory on embedded devices.
[04/01/2024-15:04:05] [V] [TRT] Tactic: 0xf067e6205da31c2e Time: 1.84763
[04/01/2024-15:04:05] [V] [TRT] Conv_2 + Relu_3 Set Tactic Name: sm80_xmma_fprop_implicit_gemm_indexed_f32f32_f32f32_f32_nchwkcrs_nchw_tilesize64x64x8_stage3_warpsize1x4x1_g1_ffma_aligna4_alignc4 Tactic: 0xd828f024626fa982
[04/01/2024-15:04:05] [W] [TRT] Unknown embedded device detected. Using 59656MiB as the allocation cap for memory on embedded devices.
[04/01/2024-15:04:05] [V] [TRT] Tactic: 0xd828f024626fa982 Time: 3.09467
[04/01/2024-15:04:05] [V] [TRT] Conv_2 + Relu_3 Set Tactic Name: sm80_xmma_fprop_implicit_gemm_f32f32_f32f32_f32_nchwkcrs_nchw_tilesize32x32x8_stage3_warpsize1x2x1_g1_ffma_aligna4_alignc4 Tactic: 0xb0bf940d5e0f9f45
[04/01/2024-15:04:05] [W] [TRT] Unknown embedded device detected. Using 59656MiB as the allocation cap for memory on embedded devices.
[04/01/2024-15:04:05] [V] [TRT] Tactic: 0xb0bf940d5e0f9f45 Time: 2.15926
[04/01/2024-15:04:06] [V] [TRT] Conv_2 + Relu_3 Set Tactic Name: ampere_scudnn_128x64_relu_small_nn_v1 Tactic: 0x3f243c490d502deb
[04/01/2024-15:04:06] [W] [TRT] Unknown embedded device detected. Using 59656MiB as the allocation cap for memory on embedded devices.
[04/01/2024-15:04:06] [V] [TRT] Tactic: 0x3f243c490d502deb Time: 2.07106
[04/01/2024-15:04:06] [V] [TRT] Conv_2 + Relu_3 Set Tactic Name: sm80_xmma_fprop_implicit_gemm_f32f32_f32f32_f32_nchwkcrs_nchw_tilesize64x128x8_stage3_warpsize1x4x1_g1_ffma_t1r3s3_aligna4_alignc4 Tactic: 0x01cf8ce2da913006
[04/01/2024-15:04:06] [W] [TRT] Unknown embedded device detected. Using 59656MiB as the allocation cap for memory on embedded devices.
[04/01/2024-15:04:06] [V] [TRT] Tactic: 0x01cf8ce2da913006 Time: 1.83589
[04/01/2024-15:04:06] [V] [TRT] Conv_2 + Relu_3 Set Tactic Name: sm80_xmma_fprop_implicit_gemm_indexed_f32f32_f32f32_f32_nchwkcrs_nchw_tilesize128x16x8_stage3_warpsize4x1x1_g1_ffma_aligna4_alignc4 Tactic: 0x40a12e3938221818
[04/01/2024-15:04:06] [W] [TRT] Unknown embedded device detected. Using 59656MiB as the allocation cap for memory on embedded devices.
[04/01/2024-15:04:06] [V] [TRT] Tactic: 0x40a12e3938221818 Time: 3.77079
[04/01/2024-15:04:06] [V] [TRT] Conv_2 + Relu_3 Set Tactic Name: sm80_xmma_fprop_implicit_gemm_f32f32_f32f32_f32_nchwkcrs_nchw_tilesize32x32x8_stage3_warpsize1x2x1_g1_ffma_t1r3s3_aligna4_alignc4 Tactic: 0x8ad32616b1424be4
[04/01/2024-15:04:06] [W] [TRT] Unknown embedded device detected. Using 59656MiB as the allocation cap for memory on embedded devices.
[04/01/2024-15:04:06] [V] [TRT] Tactic: 0x8ad32616b1424be4 Time: 2.12142
[04/01/2024-15:04:06] [V] [TRT] Conv_2 + Relu_3 Set Tactic Name: sm80_xmma_fprop_implicit_gemm_f32f32_f32f32_f32_nchwkcrs_nchw_tilesize256x128x8_stage3_warpsize4x2x1_g1_ffma_t1r3s3_aligna4_alignc4 Tactic: 0x4efce38acc876f5c
[04/01/2024-15:04:06] [W] [TRT] Unknown embedded device detected. Using 59656MiB as the allocation cap for memory on embedded devices.
[04/01/2024-15:04:06] [V] [TRT] Tactic: 0x4efce38acc876f5c Time: 1.75937
[04/01/2024-15:04:06] [V] [TRT] Conv_2 + Relu_3 Set Tactic Name: sm80_xmma_fprop_implicit_gemm_f32f32_f32f32_f32_nchwkcrs_nchw_tilesize128x16x8_stage3_warpsize4x1x1_g1_ffma_aligna4_alignc4 Tactic: 0x9d9fdb5fd9945f64
[04/01/2024-15:04:06] [W] [TRT] Unknown embedded device detected. Using 59656MiB as the allocation cap for memory on embedded devices.
[04/01/2024-15:04:06] [V] [TRT] Tactic: 0x9d9fdb5fd9945f64 Time: 2.1716
[04/01/2024-15:04:06] [V] [TRT] Conv_2 + Relu_3 Set Tactic Name: sm80_xmma_fprop_implicit_gemm_f32f32_f32f32_f32_nchwkcrs_nchw_tilesize64x64x8_stage3_warpsize1x4x1_g1_ffma_aligna4_alignc4 Tactic: 0xa31d27de74b895ff
[04/01/2024-15:04:06] [W] [TRT] Unknown embedded device detected. Using 59656MiB as the allocation cap for memory on embedded devices.
[04/01/2024-15:04:06] [V] [TRT] Tactic: 0xa31d27de74b895ff Time: 2.13455
[04/01/2024-15:04:06] [V] [TRT] Conv_2 + Relu_3 Set Tactic Name: sm80_xmma_fprop_implicit_gemm_f32f32_f32f32_f32_nchwkcrs_nchw_tilesize64x128x8_stage3_warpsize1x4x1_g1_ffma_aligna4_alignc4 Tactic: 0x5aa723e0481da855
[04/01/2024-15:04:06] [W] [TRT] Unknown embedded device detected. Using 59656MiB as the allocation cap for memory on embedded devices.
[04/01/2024-15:04:06] [V] [TRT] Tactic: 0x5aa723e0481da855 Time: 1.82417
[04/01/2024-15:04:06] [V] [TRT] Conv_2 + Relu_3 Set Tactic Name: sm80_xmma_fprop_implicit_gemm_indexed_f32f32_f32f32_f32_nchwkcrs_nchw_tilesize32x32x8_stage3_warpsize1x2x1_g1_ffma_aligna4_alignc4 Tactic: 0xcb8a43f748d8a338
[04/01/2024-15:04:06] [W] [TRT] Unknown embedded device detected. Using 59656MiB as the allocation cap for memory on embedded devices.
[04/01/2024-15:04:06] [V] [TRT] Tactic: 0xcb8a43f748d8a338 Time: 3.06261
[04/01/2024-15:04:06] [V] [TRT] Conv_2 + Relu_3 Set Tactic Name: sm80_xmma_fprop_implicit_gemm_f32f32_f32f32_f32_nchwkcrs_nchw_tilesize256x128x8_stage3_warpsize4x2x1_g1_ffma_aligna4_alignc4 Tactic: 0xbb8c3889c7eacd30
[04/01/2024-15:04:06] [W] [TRT] Unknown embedded device detected. Using 59656MiB as the allocation cap for memory on embedded devices.
[04/01/2024-15:04:06] [V] [TRT] Tactic: 0xbb8c3889c7eacd30 Time: 1.88788
[04/01/2024-15:04:06] [V] [TRT] Conv_2 + Relu_3 Set Tactic Name: sm80_xmma_fprop_implicit_gemm_indexed_f32f32_f32f32_f32_nchwkcrs_nchw_tilesize128x32x8_stage3_warpsize2x2x1_g1_ffma_aligna4_alignc4 Tactic: 0xa9366041633a5135
[04/01/2024-15:04:06] [W] [TRT] Unknown embedded device detected. Using 59656MiB as the allocation cap for memory on embedded devices.
[04/01/2024-15:04:06] [V] [TRT] Tactic: 0xa9366041633a5135 Time: 3.09479
[04/01/2024-15:04:06] [V] [TRT] Conv_2 + Relu_3 Set Tactic Name: sm80_xmma_fprop_implicit_gemm_f32f32_f32f32_f32_nchwkcrs_nchw_tilesize64x64x8_stage3_warpsize1x4x1_g1_ffma_t1r3s3_aligna4_alignc4 Tactic: 0x4727434768e46395
[04/01/2024-15:04:06] [W] [TRT] Unknown embedded device detected. Using 59656MiB as the allocation cap for memory on embedded devices.
[04/01/2024-15:04:06] [V] [TRT] Tactic: 0x4727434768e46395 Time: 2.11707
[04/01/2024-15:04:06] [V] [TRT] Conv_2 + Relu_3 Set Tactic Name: sm80_xmma_fprop_implicit_gemm_f32f32_f32f32_f32_nchwkcrs_nchw_tilesize128x64x8_stage3_warpsize2x2x1_g1_ffma_aligna4_alignc4 Tactic: 0x12dbf7d94ee3696d
[04/01/2024-15:04:06] [W] [TRT] Unknown embedded device detected. Using 59656MiB as the allocation cap for memory on embedded devices.
[04/01/2024-15:04:06] [V] [TRT] Tactic: 0x12dbf7d94ee3696d Time: 1.98922
[04/01/2024-15:04:06] [V] [TRT] Fastest Tactic: 0x4efce38acc876f5c Time: 1.75937
[04/01/2024-15:04:06] [V] [TRT] --------------- Timing Runner: Conv_2 + Relu_3 (CaskFlattenConvolution)
[04/01/2024-15:04:06] [V] [TRT] CaskFlattenConvolution has no valid tactics for this config, skipping
[04/01/2024-15:04:06] [V] [TRT] >>>>>>>>>>>>>>> Chose Runner Type: CudnnConvolution Tactic: 0x0000000000000001
[04/01/2024-15:04:06] [V] [TRT] *************** Autotuning format combination: Float(10368000,1,28800,80) -> Float(2592000,1,14400,80) ***************
[04/01/2024-15:04:06] [V] [TRT] --------------- Timing Runner: Conv_2 + Relu_3 (CaskConvolution)
[04/01/2024-15:04:06] [V] [TRT] Conv_2 + Relu_3 Set Tactic Name: ampere_scudnn_128x128_relu_exp_medium_nhwc_tn_v1 Tactic: 0xd9031472c05adf51
[04/01/2024-15:04:06] [W] [TRT] Unknown embedded device detected. Using 59656MiB as the allocation cap for memory on embedded devices.
[04/01/2024-15:04:06] [V] [TRT] Tactic: 0xd9031472c05adf51 Time: 1.84491
[04/01/2024-15:04:06] [V] [TRT] Conv_2 + Relu_3 Set Tactic Name: ampere_scudnn_128x64_sliced1x2_ldg4_relu_exp_small_nhwc_tn_v1 Tactic: 0x27b316f52c109002
[04/01/2024-15:04:06] [W] [TRT] Unknown embedded device detected. Using 59656MiB as the allocation cap for memory on embedded devices.
[04/01/2024-15:04:06] [V] [TRT] Tactic: 0x27b316f52c109002 Time: 2.04231
[04/01/2024-15:04:06] [V] [TRT] Conv_2 + Relu_3 Set Tactic Name: ampere_scudnn_128x64_sliced1x2_ldg4_relu_exp_medium_nhwc_tn_v1 Tactic: 0x412c44dfeaf9161d
[04/01/2024-15:04:06] [W] [TRT] Unknown embedded device detected. Using 59656MiB as the allocation cap for memory on embedded devices.
[04/01/2024-15:04:06] [V] [TRT] Tactic: 0x412c44dfeaf9161d Time: 2.05525
[04/01/2024-15:04:06] [V] [TRT] Conv_2 + Relu_3 Set Tactic Name: ampere_scudnn_128x32_sliced1x4_ldg4_relu_exp_small_nhwc_tn_v1 Tactic: 0x3e2b881168d9689d
[04/01/2024-15:04:06] [W] [TRT] Unknown embedded device detected. Using 59656MiB as the allocation cap for memory on embedded devices.
[04/01/2024-15:04:06] [V] [TRT] Tactic: 0x3e2b881168d9689d Time: 1.94072
[04/01/2024-15:04:06] [V] [TRT] Conv_2 + Relu_3 Set Tactic Name: ampere_scudnn_128x64_sliced1x2_ldg4_relu_exp_large_nhwc_tn_v1 Tactic: 0xbdfdef6b84f7ccc9
[04/01/2024-15:04:06] [W] [TRT] Unknown embedded device detected. Using 59656MiB as the allocation cap for memory on embedded devices.
[04/01/2024-15:04:06] [V] [TRT] Tactic: 0xbdfdef6b84f7ccc9 Time: 2.028
[04/01/2024-15:04:06] [V] [TRT] Conv_2 + Relu_3 Set Tactic Name: ampere_scudnn_128x128_ldg4_relu_exp_small_nhwc_tn_v1 Tactic: 0xf90060ce8193b811
[04/01/2024-15:04:06] [W] [TRT] Unknown embedded device detected. Using 59656MiB as the allocation cap for memory on embedded devices.
[04/01/2024-15:04:06] [V] [TRT] Tactic: 0xf90060ce8193b811 Time: 1.77461
[04/01/2024-15:04:06] [V] [TRT] Conv_2 + Relu_3 Set Tactic Name: ampere_scudnn_128x128_ldg4_relu_exp_medium_nhwc_tn_v1 Tactic: 0x7bc32c782b800c48
[04/01/2024-15:04:06] [W] [TRT] Unknown embedded device detected. Using 59656MiB as the allocation cap for memory on embedded devices.
[04/01/2024-15:04:06] [V] [TRT] Tactic: 0x7bc32c782b800c48 Time: 1.77637
[04/01/2024-15:04:06] [V] [TRT] Conv_2 + Relu_3 Set Tactic Name: ampere_scudnn_128x32_sliced1x4_ldg4_relu_exp_medium_nhwc_tn_v1 Tactic: 0x3e191488237fab8f
[04/01/2024-15:04:06] [W] [TRT] Unknown embedded device detected. Using 59656MiB as the allocation cap for memory on embedded devices.
[04/01/2024-15:04:06] [V] [TRT] Tactic: 0x3e191488237fab8f Time: 1.94844
[04/01/2024-15:04:06] [V] [TRT] Conv_2 + Relu_3 Set Tactic Name: sm80_xmma_fprop_implicit_gemm_indexed_f32f32_f32f32_f32_nhwckrsc_nhwc_tilesize32x32x8_stage3_warpsize1x2x1_g1_ffma_aligna4_alignc4 Tactic: 0x0a143be7a52f301a
[04/01/2024-15:04:06] [W] [TRT] Unknown embedded device detected. Using 59656MiB as the allocation cap for memory on embedded devices.
[04/01/2024-15:04:06] [V] [TRT] Tactic: 0x0a143be7a52f301a Time: 2.37682
[04/01/2024-15:04:06] [V] [TRT] Conv_2 + Relu_3 Set Tactic Name: ampere_scudnn_128x128_relu_exp_large_nhwc_tn_v1 Tactic: 0xca7eeb8d9143d738
[04/01/2024-15:04:06] [W] [TRT] Unknown embedded device detected. Using 59656MiB as the allocation cap for memory on embedded devices.
[04/01/2024-15:04:06] [V] [TRT] Tactic: 0xca7eeb8d9143d738 Time: 1.84924
[04/01/2024-15:04:06] [V] [TRT] Conv_2 + Relu_3 Set Tactic Name: ampere_scudnn_128x128_ldg4_relu_exp_large_nhwc_tn_v1 Tactic: 0x634e99502974e4da
[04/01/2024-15:04:06] [W] [TRT] Unknown embedded device detected. Using 59656MiB as the allocation cap for memory on embedded devices.
[04/01/2024-15:04:06] [V] [TRT] Tactic: 0x634e99502974e4da Time: 1.78664
[04/01/2024-15:04:06] [V] [TRT] Conv_2 + Relu_3 Set Tactic Name: sm80_xmma_fprop_implicit_gemm_f32f32_f32f32_f32_nhwckrsc_nhwc_tilesize32x32x8_stage3_warpsize1x2x1_g1_ffma_aligna4_alignc4 Tactic: 0x7121ec1db3f80c67
[04/01/2024-15:04:06] [W] [TRT] Unknown embedded device detected. Using 59656MiB as the allocation cap for memory on embedded devices.
[04/01/2024-15:04:06] [V] [TRT] Tactic: 0x7121ec1db3f80c67 Time: 2.23123
[04/01/2024-15:04:06] [V] [TRT] Conv_2 + Relu_3 Set Tactic Name: sm80_xmma_fprop_implicit_gemm_indexed_f32f32_f32f32_f32_nhwckrsc_nhwc_tilesize128x32x8_stage3_warpsize2x2x1_g1_ffma_aligna4_alignc4 Tactic: 0xa6448a1e79f1ca6f
[04/01/2024-15:04:06] [W] [TRT] Unknown embedded device detected. Using 59656MiB as the allocation cap for memory on embedded devices.
[04/01/2024-15:04:06] [V] [TRT] Tactic: 0xa6448a1e79f1ca6f Time: 1.84468
[04/01/2024-15:04:06] [V] [TRT] Conv_2 + Relu_3 Set Tactic Name: sm80_xmma_fprop_implicit_gemm_f32f32_f32f32_f32_nhwckrsc_nhwc_tilesize64x256x8_stage3_warpsize1x4x1_g1_ffma_t1r3s3_aligna4_alignc4 Tactic: 0x3f0c846d6379bc98
[04/01/2024-15:04:06] [W] [TRT] Unknown embedded device detected. Using 59656MiB as the allocation cap for memory on embedded devices.
[04/01/2024-15:04:06] [V] [TRT] Tactic: 0x3f0c846d6379bc98 Time: 3.2643
[04/01/2024-15:04:06] [V] [TRT] Conv_2 + Relu_3 Set Tactic Name: sm80_xmma_fprop_implicit_gemm_indexed_f32f32_f32f32_f32_nhwckrsc_nhwc_tilesize128x16x8_stage3_warpsize4x1x1_g1_ffma_aligna4_alignc4 Tactic: 0x4fd3c46622e98342
[04/01/2024-15:04:06] [W] [TRT] Unknown embedded device detected. Using 59656MiB as the allocation cap for memory on embedded devices.
[04/01/2024-15:04:06] [V] [TRT] Tactic: 0x4fd3c46622e98342 Time: 2.39168
[04/01/2024-15:04:06] [V] [TRT] Conv_2 + Relu_3 Set Tactic Name: sm80_xmma_fprop_implicit_gemm_indexed_f32f32_f32f32_f32_nhwckrsc_nhwc_tilesize64x64x8_stage3_warpsize1x4x1_g1_ffma_aligna4_alignc4 Tactic: 0x19b688348f983aa0
[04/01/2024-15:04:06] [W] [TRT] Unknown embedded device detected. Using 59656MiB as the allocation cap for memory on embedded devices.
[04/01/2024-15:04:06] [V] [TRT] Tactic: 0x19b688348f983aa0 Time: 2.11988
[04/01/2024-15:04:06] [V] [TRT] Conv_2 + Relu_3 Set Tactic Name: sm80_xmma_fprop_implicit_gemm_f32f32_f32f32_f32_nhwckrsc_nhwc_tilesize32x32x8_stage3_warpsize1x2x1_g1_ffma_t1r3s3_aligna4_alignc4 Tactic: 0x5953bec563d26434
[04/01/2024-15:04:06] [W] [TRT] Unknown embedded device detected. Using 59656MiB as the allocation cap for memory on embedded devices.
[04/01/2024-15:04:06] [V] [TRT] Tactic: 0x5953bec563d26434 Time: 2.29627
[04/01/2024-15:04:06] [V] [TRT] Conv_2 + Relu_3 Set Tactic Name: sm80_xmma_fprop_implicit_gemm_f32f32_f32f32_f32_nhwckrsc_nhwc_tilesize256x64x8_stage3_warpsize2x2x1_g1_ffma_aligna4_alignc4 Tactic: 0x8014228ec08b4d49
[04/01/2024-15:04:06] [W] [TRT] Unknown embedded device detected. Using 59656MiB as the allocation cap for memory on embedded devices.
[04/01/2024-15:04:06] [V] [TRT] Tactic: 0x8014228ec08b4d49 Time: 1.67182
[04/01/2024-15:04:06] [V] [TRT] Conv_2 + Relu_3 Set Tactic Name: sm80_xmma_fprop_implicit_gemm_f32f32_f32f32_f32_nhwckrsc_nhwc_tilesize128x16x8_stage3_warpsize4x1x1_g1_ffma_t1r3s3_aligna4_alignc4 Tactic: 0x32059de4888dfdda
[04/01/2024-15:04:06] [W] [TRT] Unknown embedded device detected. Using 59656MiB as the allocation cap for memory on embedded devices.
[04/01/2024-15:04:06] [V] [TRT] Tactic: 0x32059de4888dfdda Time: 2.15188
[04/01/2024-15:04:06] [V] [TRT] Conv_2 + Relu_3 Set Tactic Name: sm80_xmma_fprop_implicit_gemm_f32f32_f32f32_f32_nhwckrsc_nhwc_tilesize64x128x8_stage3_warpsize1x4x1_g1_ffma_t1r3s3_aligna4_alignc4 Tactic: 0xd15dd11d64344e83
[04/01/2024-15:04:06] [W] [TRT] Unknown embedded device detected. Using 59656MiB as the allocation cap for memory on embedded devices.
[04/01/2024-15:04:06] [V] [TRT] Tactic: 0xd15dd11d64344e83 Time: 1.65726
[04/01/2024-15:04:06] [V] [TRT] Conv_2 + Relu_3 Set Tactic Name: ampere_scudnn_128x128_relu_exp_small_nhwc_tn_v1 Tactic: 0x5030121339a48bf3
[04/01/2024-15:04:06] [W] [TRT] Unknown embedded device detected. Using 59656MiB as the allocation cap for memory on embedded devices.
[04/01/2024-15:04:06] [V] [TRT] Tactic: 0x5030121339a48bf3 Time: 1.82153
[04/01/2024-15:04:06] [V] [TRT] Conv_2 + Relu_3 Set Tactic Name: sm80_xmma_fprop_implicit_gemm_f32f32_f32f32_f32_nhwckrsc_nhwc_tilesize128x64x8_stage3_warpsize2x2x1_g1_ffma_t1r3s3_aligna4_alignc4 Tactic: 0xf48db81f02eca9ee
[04/01/2024-15:04:06] [W] [TRT] Unknown embedded device detected. Using 59656MiB as the allocation cap for memory on embedded devices.
[04/01/2024-15:04:06] [V] [TRT] Tactic: 0xf48db81f02eca9ee Time: 1.67418
[04/01/2024-15:04:06] [V] [TRT] Conv_2 + Relu_3 Set Tactic Name: sm80_xmma_fprop_implicit_gemm_f32f32_f32f32_f32_nhwckrsc_nhwc_tilesize128x16x8_stage3_warpsize4x1x1_g1_ffma_aligna4_alignc4 Tactic: 0x92ed3100c35fc43e
[04/01/2024-15:04:06] [W] [TRT] Unknown embedded device detected. Using 59656MiB as the allocation cap for memory on embedded devices.
[04/01/2024-15:04:06] [V] [TRT] Tactic: 0x92ed3100c35fc43e Time: 2.15203
[04/01/2024-15:04:06] [V] [TRT] Conv_2 + Relu_3 Set Tactic Name: sm80_xmma_fprop_implicit_gemm_f32f32_f32f32_f32_nhwckrsc_nhwc_tilesize128x64x8_stage3_warpsize2x2x1_g1_ffma_aligna4_alignc4 Tactic: 0x1da91d865428f237
[04/01/2024-15:04:06] [W] [TRT] Unknown embedded device detected. Using 59656MiB as the allocation cap for memory on embedded devices.
[04/01/2024-15:04:06] [V] [TRT] Tactic: 0x1da91d865428f237 Time: 1.68434
[04/01/2024-15:04:06] [V] [TRT] Conv_2 + Relu_3 Set Tactic Name: sm80_xmma_fprop_implicit_gemm_f32f32_f32f32_f32_nhwckrsc_nhwc_tilesize64x64x8_stage3_warpsize1x4x1_g1_ffma_aligna4_alignc4 Tactic: 0x62835fce994f06dd
[04/01/2024-15:04:06] [W] [TRT] Unknown embedded device detected. Using 59656MiB as the allocation cap for memory on embedded devices.
[04/01/2024-15:04:06] [V] [TRT] Tactic: 0x62835fce994f06dd Time: 1.83639
[04/01/2024-15:04:06] [V] [TRT] Conv_2 + Relu_3 Set Tactic Name: sm80_xmma_fprop_implicit_gemm_f32f32_f32f32_f32_nhwckrsc_nhwc_tilesize64x64x8_stage3_warpsize1x4x1_g1_ffma_t1r3s3_aligna4_alignc4 Tactic: 0x94a7db94ba744c45
[04/01/2024-15:04:06] [W] [TRT] Unknown embedded device detected. Using 59656MiB as the allocation cap for memory on embedded devices.
[04/01/2024-15:04:06] [V] [TRT] Tactic: 0x94a7db94ba744c45 Time: 1.82188
[04/01/2024-15:04:06] [V] [TRT] Fastest Tactic: 0xd15dd11d64344e83 Time: 1.65726
[04/01/2024-15:04:06] [V] [TRT] --------------- Timing Runner: Conv_2 + Relu_3 (CaskFlattenConvolution)
[04/01/2024-15:04:06] [V] [TRT] CaskFlattenConvolution has no valid tactics for this config, skipping
[04/01/2024-15:04:06] [V] [TRT] >>>>>>>>>>>>>>> Chose Runner Type: CaskConvolution Tactic: 0xd15dd11d64344e83
[04/01/2024-15:04:06] [V] [TRT] *************** Autotuning format combination: Float(2592000,1:4,7200,20) -> Float(648000,1:4,3600,20) ***************
[04/01/2024-15:04:06] [V] [TRT] --------------- Timing Runner: Conv_2 + Relu_3 (CudaDepthwiseConvolution)
[04/01/2024-15:04:06] [V] [TRT] CudaDepthwiseConvolution has no valid tactics for this config, skipping
[04/01/2024-15:04:06] [V] [TRT] --------------- Timing Runner: Conv_2 + Relu_3 (CaskGemmConvolution)
[04/01/2024-15:04:06] [V] [TRT] CaskGemmConvolution has no valid tactics for this config, skipping
[04/01/2024-15:04:07] [V] [TRT] --------------- Timing Runner: Conv_2 + Relu_3 (CaskConvolution)
[04/01/2024-15:04:07] [V] [TRT] Conv_2 + Relu_3 Set Tactic Name: sm80_xmma_fprop_implicit_gemm_f32f32_tf32f32_f32_nhwckrsc_nhwc_tilesize128x256x32_stage3_warpsize2x4x1_g1_tensor16x8x8 Tactic: 0x998c97842e775a17
[04/01/2024-15:04:07] [W] [TRT] Unknown embedded device detected. Using 59656MiB as the allocation cap for memory on embedded devices.
[04/01/2024-15:04:07] [V] [TRT] Tactic: 0x998c97842e775a17 Time: 0.887781
[04/01/2024-15:04:07] [V] [TRT] Conv_2 + Relu_3 Set Tactic Name: sm80_xmma_fprop_implicit_gemm_f32f32_tf32f32_f32_nhwckrsc_nhwc_tilesize128x256x32_stage3_warpsize2x4x1_g1_tensor16x8x8_t1r3s3 Tactic: 0x614e89f7852edbc3
[04/01/2024-15:04:07] [W] [TRT] Unknown embedded device detected. Using 59656MiB as the allocation cap for memory on embedded devices.
[04/01/2024-15:04:07] [V] [TRT] Tactic: 0x614e89f7852edbc3 Time: 0.864558
[04/01/2024-15:04:07] [V] [TRT] Conv_2 + Relu_3 Set Tactic Name: sm80_xmma_fprop_implicit_gemm_f32f32_tf32f32_f32_nhwckrsc_nhwc_tilesize64x32x64_stage5_warpsize2x2x1_g1_tensor16x8x8_t1r3s3 Tactic: 0x679a281f7660c436
[04/01/2024-15:04:07] [W] [TRT] Unknown embedded device detected. Using 59656MiB as the allocation cap for memory on embedded devices.
[04/01/2024-15:04:07] [V] [TRT] Tactic: 0x679a281f7660c436 Time: 1.30889
[04/01/2024-15:04:07] [V] [TRT] Conv_2 + Relu_3 Set Tactic Name: sm80_xmma_fprop_implicit_gemm_indexed_f32f32_tf32f32_f32_nhwckrsc_nhwc_tilesize64x32x64_stage5_warpsize2x2x1_g1_tensor16x8x8 Tactic: 0xd7f5d575d49a4bc7
[04/01/2024-15:04:07] [W] [TRT] Unknown embedded device detected. Using 59656MiB as the allocation cap for memory on embedded devices.
[04/01/2024-15:04:07] [V] [TRT] Tactic: 0xd7f5d575d49a4bc7 Time: 1.54011
[04/01/2024-15:04:07] [V] [TRT] Conv_2 + Relu_3 Set Tactic Name: sm80_xmma_fprop_implicit_gemm_indexed_f32f32_tf32f32_f32_nhwckrsc_nhwc_tilesize256x128x32_stage3_warpsize4x2x1_g1_tensor16x8x8 Tactic: 0x36303f399d3ee4fd
[04/01/2024-15:04:07] [W] [TRT] Unknown embedded device detected. Using 59656MiB as the allocation cap for memory on embedded devices.
[04/01/2024-15:04:07] [V] [TRT] Tactic: 0x36303f399d3ee4fd Time: 0.651461
[04/01/2024-15:04:07] [V] [TRT] Conv_2 + Relu_3 Set Tactic Name: sm80_xmma_fprop_implicit_gemm_indexed_f32f32_tf32f32_f32_nhwckrsc_nhwc_tilesize64x64x64_stage4_warpsize2x2x1_g1_tensor16x8x8 Tactic: 0x385bfab9332b1413
[04/01/2024-15:04:07] [W] [TRT] Unknown embedded device detected. Using 59656MiB as the allocation cap for memory on embedded devices.
[04/01/2024-15:04:07] [V] [TRT] Tactic: 0x385bfab9332b1413 Time: 1.29224
[04/01/2024-15:04:07] [V] [TRT] Conv_2 + Relu_3 Set Tactic Name: sm80_xmma_fprop_implicit_gemm_indexed_f32f32_tf32f32_f32_nhwckrsc_nhwc_tilesize128x128x16_stage4_warpsize2x2x1_g1_tensor16x8x8 Tactic: 0x65e41d81f093b482
[04/01/2024-15:04:07] [W] [TRT] Unknown embedded device detected. Using 59656MiB as the allocation cap for memory on embedded devices.
[04/01/2024-15:04:07] [V] [TRT] Tactic: 0x65e41d81f093b482 Time: 0.463707
[04/01/2024-15:04:07] [V] [TRT] Conv_2 + Relu_3 Set Tactic Name: sm80_xmma_fprop_implicit_gemm_f32f32_tf32f32_f32_nhwckrsc_nhwc_tilesize128x64x32_stage5_warpsize2x2x1_g1_tensor16x8x8 Tactic: 0x6716429226d146f7
[04/01/2024-15:04:07] [W] [TRT] Unknown embedded device detected. Using 59656MiB as the allocation cap for memory on embedded devices.
[04/01/2024-15:04:07] [V] [TRT] Tactic: 0x6716429226d146f7 Time: 0.719168
[04/01/2024-15:04:07] [V] [TRT] Conv_2 + Relu_3 Set Tactic Name: sm80_xmma_fprop_implicit_gemm_indexed_f32f32_tf32f32_f32_nhwckrsc_nhwc_tilesize256x64x32_stage3_warpsize4x2x1_g1_tensor16x8x8 Tactic: 0xba0185279ccb2b85
[04/01/2024-15:04:07] [W] [TRT] Unknown embedded device detected. Using 59656MiB as the allocation cap for memory on embedded devices.
[04/01/2024-15:04:07] [V] [TRT] Tactic: 0xba0185279ccb2b85 Time: 0.717399
[04/01/2024-15:04:07] [V] [TRT] Conv_2 + Relu_3 Set Tactic Name: sm80_xmma_fprop_implicit_gemm_indexed_f32f32_tf32f32_f32_nhwckrsc_nhwc_tilesize64x128x32_stage5_warpsize2x2x1_g1_tensor16x8x8 Tactic: 0x112d7e4d280f396d
[04/01/2024-15:04:07] [W] [TRT] Unknown embedded device detected. Using 59656MiB as the allocation cap for memory on embedded devices.
[04/01/2024-15:04:07] [V] [TRT] Tactic: 0x112d7e4d280f396d Time: 0.738382
[04/01/2024-15:04:07] [V] [TRT] Conv_2 + Relu_3 Set Tactic Name: sm80_xmma_fprop_implicit_gemm_indexed_f32f32_tf32f32_f32_nhwckrsc_nhwc_tilesize128x64x64_stage3_warpsize2x2x1_g1_tensor16x8x8 Tactic: 0xb47d7d926de02dee
[04/01/2024-15:04:07] [W] [TRT] Unknown embedded device detected. Using 59656MiB as the allocation cap for memory on embedded devices.
[04/01/2024-15:04:07] [V] [TRT] Tactic: 0xb47d7d926de02dee Time: 0.954363
[04/01/2024-15:04:07] [V] [TRT] Conv_2 + Relu_3 Set Tactic Name: sm80_xmma_fprop_implicit_gemm_indexed_f32f32_tf32f32_f32_nhwckrsc_nhwc_tilesize128x256x32_stage3_warpsize2x4x1_g1_tensor16x8x8 Tactic: 0x482b48242255b8ce
[04/01/2024-15:04:07] [W] [TRT] Unknown embedded device detected. Using 59656MiB as the allocation cap for memory on embedded devices.
[04/01/2024-15:04:07] [V] [TRT] Tactic: 0x482b48242255b8ce Time: 0.887566
[04/01/2024-15:04:07] [V] [TRT] Conv_2 + Relu_3 Set Tactic Name: sm80_xmma_fprop_implicit_gemm_indexed_f32f32_tf32f32_f32_nhwckrsc_nhwc_tilesize128x128x32_stage4_warpsize2x2x1_g1_tensor16x8x8 Tactic: 0xf4156675c5f728d4
[04/01/2024-15:04:07] [W] [TRT] Unknown embedded device detected. Using 59656MiB as the allocation cap for memory on embedded devices.
[04/01/2024-15:04:07] [V] [TRT] Tactic: 0xf4156675c5f728d4 Time: 0.827941
[04/01/2024-15:04:07] [V] [TRT] Conv_2 + Relu_3 Set Tactic Name: sm80_xmma_fprop_implicit_gemm_f32f32_tf32f32_f32_nhwckrsc_nhwc_tilesize128x64x64_stage3_warpsize2x2x1_g1_tensor16x8x8 Tactic: 0xc0a715d897e240bb
[04/01/2024-15:04:07] [W] [TRT] Unknown embedded device detected. Using 59656MiB as the allocation cap for memory on embedded devices.
[04/01/2024-15:04:07] [V] [TRT] Tactic: 0xc0a715d897e240bb Time: 0.935689
[04/01/2024-15:04:07] [V] [TRT] Conv_2 + Relu_3 Set Tactic Name: sm80_xmma_fprop_implicit_gemm_f32f32_tf32f32_f32_nhwckrsc_nhwc_tilesize64x128x32_stage5_warpsize2x2x1_g1_tensor16x8x8_t1r3s3 Tactic: 0xd4428a7355769d7d
[04/01/2024-15:04:07] [W] [TRT] Unknown embedded device detected. Using 59656MiB as the allocation cap for memory on embedded devices.
[04/01/2024-15:04:07] [V] [TRT] Tactic: 0xd4428a7355769d7d Time: 0.674117
[04/01/2024-15:04:07] [V] [TRT] Conv_2 + Relu_3 Set Tactic Name: sm80_xmma_fprop_implicit_gemm_f32f32_tf32f32_f32_nhwckrsc_nhwc_tilesize64x32x64_stage5_warpsize2x2x1_g1_tensor16x8x8 Tactic: 0x6e2a3c7a7fc5e4e1
[04/01/2024-15:04:07] [W] [TRT] Unknown embedded device detected. Using 59656MiB as the allocation cap for memory on embedded devices.
[04/01/2024-15:04:07] [V] [TRT] Tactic: 0x6e2a3c7a7fc5e4e1 Time: 1.35243
[04/01/2024-15:04:07] [V] [TRT] Conv_2 + Relu_3 Set Tactic Name: sm80_xmma_fprop_implicit_gemm_f32f32_tf32f32_f32_nhwckrsc_nhwc_tilesize128x128x16_stage4_warpsize2x2x1_g1_tensor16x8x8_t1r3s3 Tactic: 0x999e005e3b016ea6
[04/01/2024-15:04:07] [W] [TRT] Unknown embedded device detected. Using 59656MiB as the allocation cap for memory on embedded devices.
[04/01/2024-15:04:07] [V] [TRT] Tactic: 0x999e005e3b016ea6 Time: 0.459237
[04/01/2024-15:04:07] [V] [TRT] Conv_2 + Relu_3 Set Tactic Name: sm80_xmma_fprop_implicit_gemm_f32f32_tf32f32_f32_nhwckrsc_nhwc_tilesize128x64x64_stage3_warpsize2x2x1_g1_tensor16x8x8_t1r3s3 Tactic: 0xeb65d4c1e8fa2294
[04/01/2024-15:04:07] [W] [TRT] Unknown embedded device detected. Using 59656MiB as the allocation cap for memory on embedded devices.
[04/01/2024-15:04:07] [V] [TRT] Tactic: 0xeb65d4c1e8fa2294 Time: 0.885723
[04/01/2024-15:04:07] [V] [TRT] Conv_2 + Relu_3 Set Tactic Name: sm80_xmma_fprop_implicit_gemm_f32f32_tf32f32_f32_nhwckrsc_nhwc_tilesize256x64x32_stage3_warpsize4x2x1_g1_tensor16x8x8 Tactic: 0xcedbed6d66c946d0
[04/01/2024-15:04:07] [W] [TRT] Unknown embedded device detected. Using 59656MiB as the allocation cap for memory on embedded devices.
[04/01/2024-15:04:07] [V] [TRT] Tactic: 0xcedbed6d66c946d0 Time: 0.675205
[04/01/2024-15:04:07] [V] [TRT] Conv_2 + Relu_3 Set Tactic Name: sm80_xmma_fprop_implicit_gemm_f32f32_tf32f32_f32_nhwckrsc_nhwc_tilesize256x128x32_stage3_warpsize4x2x1_g1_tensor16x8x8 Tactic: 0xe797e099911c0624
[04/01/2024-15:04:07] [W] [TRT] Unknown embedded device detected. Using 59656MiB as the allocation cap for memory on embedded devices.
[04/01/2024-15:04:07] [V] [TRT] Tactic: 0xe797e099911c0624 Time: 0.599479
[04/01/2024-15:04:07] [V] [TRT] Conv_2 + Relu_3 Set Tactic Name: sm80_xmma_fprop_implicit_gemm_f32f32_tf32f32_f32_nhwckrsc_nhwc_tilesize128x128x32_stage4_warpsize2x2x1_g1_tensor16x8x8 Tactic: 0x25b2b9d5c9d5ca0d
[04/01/2024-15:04:07] [W] [TRT] Unknown embedded device detected. Using 59656MiB as the allocation cap for memory on embedded devices.
[04/01/2024-15:04:07] [V] [TRT] Tactic: 0x25b2b9d5c9d5ca0d Time: 0.59984
[04/01/2024-15:04:07] [V] [TRT] Conv_2 + Relu_3 Set Tactic Name: sm80_xmma_fprop_implicit_gemm_indexed_f32f32_tf32f32_f32_nhwckrsc_nhwc_tilesize128x64x32_stage5_warpsize2x2x1_g1_tensor16x8x8 Tactic: 0x13cc2ad8dcd32ba2
[04/01/2024-15:04:07] [W] [TRT] Unknown embedded device detected. Using 59656MiB as the allocation cap for memory on embedded devices.
[04/01/2024-15:04:07] [V] [TRT] Tactic: 0x13cc2ad8dcd32ba2 Time: 0.792823
[04/01/2024-15:04:07] [V] [TRT] Conv_2 + Relu_3 Set Tactic Name: sm80_xmma_fprop_implicit_gemm_f32f32_tf32f32_f32_nhwckrsc_nhwc_tilesize128x64x32_stage5_warpsize2x2x1_g1_tensor16x8x8_t1r3s3 Tactic: 0x7aa21282feb15f1a
[04/01/2024-15:04:07] [W] [TRT] Unknown embedded device detected. Using 59656MiB as the allocation cap for memory on embedded devices.
[04/01/2024-15:04:07] [V] [TRT] Tactic: 0x7aa21282feb15f1a Time: 0.680576
[04/01/2024-15:04:07] [V] [TRT] Conv_2 + Relu_3 Set Tactic Name: sm80_xmma_fprop_implicit_gemm_f32f32_tf32f32_f32_nhwckrsc_nhwc_tilesize256x128x32_stage3_warpsize4x2x1_g1_tensor16x8x8_t1r3s3 Tactic: 0x21246c8544eff903
[04/01/2024-15:04:07] [W] [TRT] Unknown embedded device detected. Using 59656MiB as the allocation cap for memory on embedded devices.
[04/01/2024-15:04:07] [V] [TRT] Tactic: 0x21246c8544eff903 Time: 0.574944
[04/01/2024-15:04:07] [V] [TRT] Conv_2 + Relu_3 Set Tactic Name: sm80_xmma_fprop_implicit_gemm_f32f32_tf32f32_f32_nhwckrsc_nhwc_tilesize128x128x32_stage4_warpsize2x2x1_g1_tensor16x8x8_t1r3s3 Tactic: 0xd920b33c9bd27143
[04/01/2024-15:04:07] [W] [TRT] Unknown embedded device detected. Using 59656MiB as the allocation cap for memory on embedded devices.
[04/01/2024-15:04:07] [V] [TRT] Tactic: 0xd920b33c9bd27143 Time: 0.601842
[04/01/2024-15:04:07] [V] [TRT] Conv_2 + Relu_3 Set Tactic Name: sm80_xmma_fprop_implicit_gemm_f32f32_tf32f32_f32_nhwckrsc_nhwc_tilesize128x128x16_stage4_warpsize2x2x1_g1_tensor16x8x8 Tactic: 0xb443c221fcb1565b
[04/01/2024-15:04:07] [W] [TRT] Unknown embedded device detected. Using 59656MiB as the allocation cap for memory on embedded devices.
[04/01/2024-15:04:07] [V] [TRT] Tactic: 0xb443c221fcb1565b Time: 0.456206
[04/01/2024-15:04:07] [V] [TRT] Conv_2 + Relu_3 Set Tactic Name: sm80_xmma_fprop_implicit_gemm_f32f32_tf32f32_f32_nhwckrsc_nhwc_tilesize256x64x32_stage3_warpsize4x2x1_g1_tensor16x8x8_t1r3s3 Tactic: 0xa9a06d0633580c0c
[04/01/2024-15:04:07] [W] [TRT] Unknown embedded device detected. Using 59656MiB as the allocation cap for memory on embedded devices.
[04/01/2024-15:04:07] [V] [TRT] Tactic: 0xa9a06d0633580c0c Time: 0.647442
[04/01/2024-15:04:07] [V] [TRT] Conv_2 + Relu_3 Set Tactic Name: sm80_xmma_fprop_implicit_gemm_f32f32_tf32f32_f32_nhwckrsc_nhwc_tilesize64x64x64_stage4_warpsize2x2x1_g1_tensor16x8x8 Tactic: 0x818413b69874bb35
[04/01/2024-15:04:07] [W] [TRT] Unknown embedded device detected. Using 59656MiB as the allocation cap for memory on embedded devices.
[04/01/2024-15:04:07] [V] [TRT] Tactic: 0x818413b69874bb35 Time: 1.18603
[04/01/2024-15:04:07] [V] [TRT] Conv_2 + Relu_3 Set Tactic Name: sm80_xmma_fprop_implicit_gemm_f32f32_tf32f32_f32_nhwckrsc_nhwc_tilesize64x128x32_stage5_warpsize2x2x1_g1_tensor16x8x8 Tactic: 0x65f71607d20d5438
[04/01/2024-15:04:07] [W] [TRT] Unknown embedded device detected. Using 59656MiB as the allocation cap for memory on embedded devices.
[04/01/2024-15:04:07] [V] [TRT] Tactic: 0x65f71607d20d5438 Time: 0.686816
[04/01/2024-15:04:07] [V] [TRT] Conv_2 + Relu_3 Set Tactic Name: sm80_xmma_fprop_implicit_gemm_f32f32_tf32f32_f32_nhwckrsc_nhwc_tilesize64x64x64_stage4_warpsize2x2x1_g1_tensor16x8x8_t1r3s3 Tactic: 0x2d80d2b384ab13f1
[04/01/2024-15:04:07] [W] [TRT] Unknown embedded device detected. Using 59656MiB as the allocation cap for memory on embedded devices.
[04/01/2024-15:04:07] [V] [TRT] Tactic: 0x2d80d2b384ab13f1 Time: 1.12773
[04/01/2024-15:04:07] [V] [TRT] Fastest Tactic: 0xb443c221fcb1565b Time: 0.456206
[04/01/2024-15:04:07] [V] [TRT] --------------- Timing Runner: Conv_2 + Relu_3 (CaskFlattenConvolution)
[04/01/2024-15:04:07] [V] [TRT] CaskFlattenConvolution has no valid tactics for this config, skipping
[04/01/2024-15:04:07] [V] [TRT] >>>>>>>>>>>>>>> Chose Runner Type: CaskConvolution Tactic: 0xb443c221fcb1565b
[04/01/2024-15:04:07] [V] [TRT] *************** Autotuning format combination: Half(10368000,129600,360,1) -> Half(2592000,32400,180,1) ***************
[04/01/2024-15:04:07] [V] [TRT] --------------- Timing Runner: Conv_2 + Relu_3 (CudnnConvolution)
[04/01/2024-15:04:07] [W] [TRT] Unknown embedded device detected. Using 59656MiB as the allocation cap for memory on embedded devices.
[04/01/2024-15:04:07] [V] [TRT] Tactic: 0x0000000000000000 Time: 2.68837
[04/01/2024-15:04:07] [W] [TRT] Unknown embedded device detected. Using 59656MiB as the allocation cap for memory on embedded devices.
[04/01/2024-15:04:07] [V] [TRT] Tactic: 0x0000000000000001 Time: 2.05399
[04/01/2024-15:04:07] [W] [TRT] Unknown embedded device detected. Using 59656MiB as the allocation cap for memory on embedded devices.
[04/01/2024-15:04:07] [V] [TRT] Tactic: 0x0000000000000002 Time: 2.94126
[04/01/2024-15:04:07] [W] [TRT] Unknown embedded device detected. Using 59656MiB as the allocation cap for memory on embedded devices.
[04/01/2024-15:04:07] [V] [TRT] Tactic: 0x0000000000000005 Time: 27.3215
[04/01/2024-15:04:07] [W] [TRT] Unknown embedded device detected. Using 59656MiB as the allocation cap for memory on embedded devices.
[04/01/2024-15:04:07] [V] [TRT] Tactic: 0x0000000000000038 Time: 2.6961
[04/01/2024-15:04:07] [W] [TRT] Unknown embedded device detected. Using 59656MiB as the allocation cap for memory on embedded devices.
[04/01/2024-15:04:07] [V] [TRT] Tactic: 0x000000000000003a Time: 2.92629
[04/01/2024-15:04:07] [W] [TRT] Unknown embedded device detected. Using 59656MiB as the allocation cap for memory on embedded devices.
[04/01/2024-15:04:07] [V] [TRT] Tactic: 0x000000000000003d Time: 26.9895
[04/01/2024-15:04:07] [V] [TRT] Fastest Tactic: 0x0000000000000001 Time: 2.05399
[04/01/2024-15:04:07] [V] [TRT] --------------- Timing Runner: Conv_2 + Relu_3 (CaskGemmConvolution)
[04/01/2024-15:04:07] [V] [TRT] CaskGemmConvolution has no valid tactics for this config, skipping
[04/01/2024-15:04:08] [V] [TRT] --------------- Timing Runner: Conv_2 + Relu_3 (CaskConvolution)
[04/01/2024-15:04:08] [V] [TRT] CaskConvolution has no valid tactics for this config, skipping
[04/01/2024-15:04:08] [V] [TRT] --------------- Timing Runner: Conv_2 + Relu_3 (CaskFlattenConvolution)
[04/01/2024-15:04:08] [V] [TRT] CaskFlattenConvolution has no valid tactics for this config, skipping
[04/01/2024-15:04:08] [V] [TRT] >>>>>>>>>>>>>>> Chose Runner Type: CudnnConvolution Tactic: 0x0000000000000001
[04/01/2024-15:04:08] [V] [TRT] *************** Autotuning format combination: Half(5184000,129600:2,360,1) -> Half(1296000,32400:2,180,1) ***************
[04/01/2024-15:04:08] [V] [TRT] --------------- Timing Runner: Conv_2 + Relu_3 (FusedConvActConvolution)
[04/01/2024-15:04:08] [V] [TRT] FusedConvActConvolution has no valid tactics for this config, skipping
[04/01/2024-15:04:08] [V] [TRT] --------------- Timing Runner: Conv_2 + Relu_3 (CaskConvolution)
[04/01/2024-15:04:08] [V] [TRT] CaskConvolution has no valid tactics for this config, skipping
[04/01/2024-15:04:08] [V] [TRT] --------------- Timing Runner: Conv_2 + Relu_3 (CaskFlattenConvolution)
[04/01/2024-15:04:08] [V] [TRT] CaskFlattenConvolution has no valid tactics for this config, skipping
[04/01/2024-15:04:08] [V] [TRT] *************** Autotuning format combination: Half(2592000,1:4,7200,20) -> Half(648000,1:4,3600,20) ***************
[04/01/2024-15:04:08] [V] [TRT] --------------- Timing Runner: Conv_2 + Relu_3 (CaskConvolution)
[04/01/2024-15:04:08] [V] [TRT] CaskConvolution has no valid tactics for this config, skipping
[04/01/2024-15:04:08] [V] [TRT] --------------- Timing Runner: Conv_2 + Relu_3 (CaskFlattenConvolution)
[04/01/2024-15:04:08] [V] [TRT] CaskFlattenConvolution has no valid tactics for this config, skipping
[04/01/2024-15:04:08] [V] [TRT] *************** Autotuning format combination: Half(1296000,1:8,3600,10) -> Float(2592000,32400,180,1) ***************
[04/01/2024-15:04:08] [V] [TRT] --------------- Timing Runner: Conv_2 + Relu_3 (CaskConvolution)
[04/01/2024-15:04:08] [V] [TRT] CaskConvolution has no valid tactics for this config, skipping
[04/01/2024-15:04:08] [V] [TRT] --------------- Timing Runner: Conv_2 + Relu_3 (CaskFlattenConvolution)
[04/01/2024-15:04:08] [V] [TRT] CaskFlattenConvolution has no valid tactics for this config, skipping
[04/01/2024-15:04:08] [V] [TRT] *************** Autotuning format combination: Half(1296000,1:8,3600,10) -> Half(324000,1:8,1800,10) ***************
[04/01/2024-15:04:08] [V] [TRT] --------------- Timing Runner: Conv_2 + Relu_3 (CudaDepthwiseConvolution)
[04/01/2024-15:04:08] [V] [TRT] CudaDepthwiseConvolution has no valid tactics for this config, skipping
[04/01/2024-15:04:08] [V] [TRT] --------------- Timing Runner: Conv_2 + Relu_3 (CaskGemmConvolution)
[04/01/2024-15:04:08] [V] [TRT] CaskGemmConvolution has no valid tactics for this config, skipping
[04/01/2024-15:04:08] [V] [TRT] --------------- Timing Runner: Conv_2 + Relu_3 (CaskConvolution)
[04/01/2024-15:04:08] [V] [TRT] Conv_2 + Relu_3 Set Tactic Name: ampere_h1688cudnn_128x128_ldg8_relu_exp_large_nhwc_tn_v1 Tactic: 0xa927df92ac1ef1b8
[04/01/2024-15:04:08] [W] [TRT] Unknown embedded device detected. Using 59656MiB as the allocation cap for memory on embedded devices.
[04/01/2024-15:04:08] [V] [TRT] Tactic: 0xa927df92ac1ef1b8 Time: 0.428498
[04/01/2024-15:04:08] [V] [TRT] Conv_2 + Relu_3 Set Tactic Name: ampere_h1688cudnn_256x64_sliced1x2_ldg8_relu_exp_large_nhwc_tn_v1 Tactic: 0xd0a3e0c815f7fb5e
[04/01/2024-15:04:08] [W] [TRT] Unknown embedded device detected. Using 59656MiB as the allocation cap for memory on embedded devices.
[04/01/2024-15:04:08] [V] [TRT] Tactic: 0xd0a3e0c815f7fb5e Time: 0.572357
[04/01/2024-15:04:08] [V] [TRT] Conv_2 + Relu_3 Set Tactic Name: ampere_h16816cudnn_128x64_ldg8_relu_exp_stages_64x3_medium_nhwc_tn_v1 Tactic: 0x699be152cfb6d6ff
[04/01/2024-15:04:08] [W] [TRT] Unknown embedded device detected. Using 59656MiB as the allocation cap for memory on embedded devices.
[04/01/2024-15:04:08] [V] [TRT] Tactic: 0x699be152cfb6d6ff Time: 0.459269
[04/01/2024-15:04:08] [V] [TRT] Conv_2 + Relu_3 Set Tactic Name: ampere_h16816cudnn_64x128_ldg8_relu_exp_stages_64x3_medium_nhwc_tn_v1 Tactic: 0xb8d86216e1235cda
[04/01/2024-15:04:08] [W] [TRT] Unknown embedded device detected. Using 59656MiB as the allocation cap for memory on embedded devices.
[04/01/2024-15:04:08] [V] [TRT] Tactic: 0xb8d86216e1235cda Time: 0.436978
[04/01/2024-15:04:08] [V] [TRT] Conv_2 + Relu_3 Set Tactic Name: ampere_h16816cudnn_128x64_sliced1x2_ldg8_relu_exp_stages_64x4_small_nhwc_tn_v1 Tactic: 0x7163d33a4d8ce8d7
[04/01/2024-15:04:08] [W] [TRT] Unknown embedded device detected. Using 59656MiB as the allocation cap for memory on embedded devices.
[04/01/2024-15:04:08] [V] [TRT] Tactic: 0x7163d33a4d8ce8d7 Time: 0.453376
[04/01/2024-15:04:08] [V] [TRT] Conv_2 + Relu_3 Set Tactic Name: ampere_h16816cudnn_128x64_sliced1x2_ldg8_relu_exp_stages_64x4_large_nhwc_tn_v1 Tactic: 0xeb2d2aa4e56bb41c
[04/01/2024-15:04:08] [W] [TRT] Unknown embedded device detected. Using 59656MiB as the allocation cap for memory on embedded devices.
[04/01/2024-15:04:08] [V] [TRT] Tactic: 0xeb2d2aa4e56bb41c Time: 0.472439
[04/01/2024-15:04:08] [V] [TRT] Conv_2 + Relu_3 Set Tactic Name: ampere_h16816cudnn_64x64_sliced1x2_ldg8_relu_exp_stages_64x5_medium_nhwc_tn_v1 Tactic: 0x706f08da35c795a5
[04/01/2024-15:04:08] [W] [TRT] Unknown embedded device detected. Using 59656MiB as the allocation cap for memory on embedded devices.
[04/01/2024-15:04:08] [V] [TRT] Tactic: 0x706f08da35c795a5 Time: 0.566254
[04/01/2024-15:04:08] [V] [TRT] Conv_2 + Relu_3 Set Tactic Name: ampere_h16816cudnn_128x128_ldg8_relu_exp_medium_nhwc_tn_v1 Tactic: 0x234580e8a194335c
[04/01/2024-15:04:08] [W] [TRT] Unknown embedded device detected. Using 59656MiB as the allocation cap for memory on embedded devices.
[04/01/2024-15:04:08] [V] [TRT] Tactic: 0x234580e8a194335c Time: 0.342638
[04/01/2024-15:04:08] [V] [TRT] Conv_2 + Relu_3 Set Tactic Name: ampere_h16816cudnn_128x64_ldg8_relu_exp_stages_64x3_large_nhwc_tn_v1 Tactic: 0x59762bd684092b33
[04/01/2024-15:04:08] [W] [TRT] Unknown embedded device detected. Using 59656MiB as the allocation cap for memory on embedded devices.
[04/01/2024-15:04:08] [V] [TRT] Tactic: 0x59762bd684092b33 Time: 0.453509
[04/01/2024-15:04:08] [V] [TRT] Conv_2 + Relu_3 Set Tactic Name: ampere_h16816cudnn_64x64_sliced1x2_ldg8_relu_exp_stages_64x6_medium_nhwc_tn_v1 Tactic: 0xa7c9d418a10bce71
[04/01/2024-15:04:08] [W] [TRT] Unknown embedded device detected. Using 59656MiB as the allocation cap for memory on embedded devices.
[04/01/2024-15:04:08] [V] [TRT] Tactic: 0xa7c9d418a10bce71 Time: 0.685029
[04/01/2024-15:04:08] [V] [TRT] Conv_2 + Relu_3 Set Tactic Name: ampere_h16816cudnn_64x128_ldg8_relu_exp_stages_64x3_small_nhwc_tn_v1 Tactic: 0x53be5e206184e6ad
[04/01/2024-15:04:08] [W] [TRT] Unknown embedded device detected. Using 59656MiB as the allocation cap for memory on embedded devices.
[04/01/2024-15:04:08] [V] [TRT] Tactic: 0x53be5e206184e6ad Time: 0.438382
[04/01/2024-15:04:08] [V] [TRT] Conv_2 + Relu_3 Set Tactic Name: ampere_h1688cudnn_256x64_ldg8_relu_exp_small_nhwc_tn_v1 Tactic: 0x7aad3976677d7155
[04/01/2024-15:04:08] [W] [TRT] Unknown embedded device detected. Using 59656MiB as the allocation cap for memory on embedded devices.
[04/01/2024-15:04:08] [V] [TRT] Tactic: 0x7aad3976677d7155 Time: 0.39696
[04/01/2024-15:04:08] [V] [TRT] Conv_2 + Relu_3 Set Tactic Name: ampere_h16816cudnn_128x128_ldg8_relu_exp_small_nhwc_tn_v1 Tactic: 0xb33e57fb3e8a0a56
[04/01/2024-15:04:08] [W] [TRT] Unknown embedded device detected. Using 59656MiB as the allocation cap for memory on embedded devices.
[04/01/2024-15:04:08] [V] [TRT] Tactic: 0xb33e57fb3e8a0a56 Time: 0.33989
[04/01/2024-15:04:08] [V] [TRT] Conv_2 + Relu_3 Set Tactic Name: ampere_h16816cudnn_256x64_sliced1x2_ldg8_relu_exp_medium_nhwc_tn_v1 Tactic: 0x82f8a2214b0b4178
[04/01/2024-15:04:08] [W] [TRT] Unknown embedded device detected. Using 59656MiB as the allocation cap for memory on embedded devices.
[04/01/2024-15:04:08] [V] [TRT] Tactic: 0x82f8a2214b0b4178 Time: 0.543113
[04/01/2024-15:04:08] [V] [TRT] Conv_2 + Relu_3 Set Tactic Name: ampere_h16816cudnn_64x64_sliced1x2_ldg8_relu_exp_stages_64x5_small_nhwc_tn_v1 Tactic: 0x1a5ba808ad4cc5a8
[04/01/2024-15:04:08] [W] [TRT] Unknown embedded device detected. Using 59656MiB as the allocation cap for memory on embedded devices.
[04/01/2024-15:04:08] [V] [TRT] Tactic: 0x1a5ba808ad4cc5a8 Time: 0.593975
[04/01/2024-15:04:08] [V] [TRT] Conv_2 + Relu_3 Set Tactic Name: ampere_h16816cudnn_256x64_sliced1x2_ldg8_relu_exp_large_nhwc_tn_v1 Tactic: 0xd8eb41ee35e76575
[04/01/2024-15:04:08] [W] [TRT] Unknown embedded device detected. Using 59656MiB as the allocation cap for memory on embedded devices.
[04/01/2024-15:04:08] [V] [TRT] Tactic: 0xd8eb41ee35e76575 Time: 0.54171
[04/01/2024-15:04:08] [V] [TRT] Conv_2 + Relu_3 Set Tactic Name: ampere_h16816cudnn_128x64_sliced1x2_ldg8_relu_exp_stages_64x3_small_nhwc_tn_v1 Tactic: 0x19822de884f42a6a
[04/01/2024-15:04:08] [W] [TRT] Unknown embedded device detected. Using 59656MiB as the allocation cap for memory on embedded devices.
[04/01/2024-15:04:08] [V] [TRT] Tactic: 0x19822de884f42a6a Time: 0.421047
[04/01/2024-15:04:08] [V] [TRT] Conv_2 + Relu_3 Set Tactic Name: ampere_h16816cudnn_64x128_sliced1x2_ldg8_relu_exp_stages_64x4_large_nhwc_tn_v1 Tactic: 0x2721a7f18c2700db
[04/01/2024-15:04:08] [W] [TRT] Unknown embedded device detected. Using 59656MiB as the allocation cap for memory on embedded devices.
[04/01/2024-15:04:08] [V] [TRT] Tactic: 0x2721a7f18c2700db Time: 0.457481
[04/01/2024-15:04:08] [V] [TRT] Conv_2 + Relu_3 Set Tactic Name: ampere_h16816cudnn_64x64_ldg8_relu_exp_stages_64x6_medium_nhwc_tn_v1 Tactic: 0x88971eec55aba850
[04/01/2024-15:04:08] [W] [TRT] Unknown embedded device detected. Using 59656MiB as the allocation cap for memory on embedded devices.
[04/01/2024-15:04:08] [V] [TRT] Tactic: 0x88971eec55aba850 Time: 0.683442
[04/01/2024-15:04:08] [V] [TRT] Conv_2 + Relu_3 Set Tactic Name: ampere_h16816cudnn_64x128_sliced1x2_ldg8_relu_exp_stages_64x3_large_nhwc_tn_v1 Tactic: 0x4fc05923455fc266
[04/01/2024-15:04:08] [W] [TRT] Unknown embedded device detected. Using 59656MiB as the allocation cap for memory on embedded devices.
[04/01/2024-15:04:08] [V] [TRT] Tactic: 0x4fc05923455fc266 Time: 0.39291
[04/01/2024-15:04:08] [V] [TRT] Conv_2 + Relu_3 Set Tactic Name: ampere_h16816cudnn_64x128_ldg8_relu_exp_stages_64x3_large_nhwc_tn_v1 Tactic: 0xc9f0a7bec963ba66
[04/01/2024-15:04:08] [W] [TRT] Unknown embedded device detected. Using 59656MiB as the allocation cap for memory on embedded devices.
[04/01/2024-15:04:08] [V] [TRT] Tactic: 0xc9f0a7bec963ba66 Time: 0.43707
[04/01/2024-15:04:08] [V] [TRT] Conv_2 + Relu_3 Set Tactic Name: ampere_h1688cudnn_256x128_ldg8_relu_exp_large_nhwc_tn_v1 Tactic: 0x5c2e1c87d85b06f1
[04/01/2024-15:04:08] [W] [TRT] Unknown embedded device detected. Using 59656MiB as the allocation cap for memory on embedded devices.
[04/01/2024-15:04:08] [V] [TRT] Tactic: 0x5c2e1c87d85b06f1 Time: 0.433792
[04/01/2024-15:04:08] [V] [TRT] Conv_2 + Relu_3 Set Tactic Name: ampere_h16816cudnn_128x64_sliced1x2_ldg8_relu_exp_stages_64x3_large_nhwc_tn_v1 Tactic: 0x83ccd4762c1376a1
[04/01/2024-15:04:08] [W] [TRT] Unknown embedded device detected. Using 59656MiB as the allocation cap for memory on embedded devices.
[04/01/2024-15:04:08] [V] [TRT] Tactic: 0x83ccd4762c1376a1 Time: 0.428018
[04/01/2024-15:04:08] [V] [TRT] Conv_2 + Relu_3 Set Tactic Name: ampere_h1688cudnn_256x64_sliced1x2_ldg8_relu_exp_medium_nhwc_tn_v1 Tactic: 0xc9cc55109bb4de26
[04/01/2024-15:04:08] [W] [TRT] Unknown embedded device detected. Using 59656MiB as the allocation cap for memory on embedded devices.
[04/01/2024-15:04:08] [V] [TRT] Tactic: 0xc9cc55109bb4de26 Time: 0.566875
[04/01/2024-15:04:08] [V] [TRT] Conv_2 + Relu_3 Set Tactic Name: ampere_h16816cudnn_64x64_ldg8_relu_exp_stages_64x6_small_nhwc_tn_v1 Tactic: 0xf0beb09df9a19f82
[04/01/2024-15:04:08] [W] [TRT] Unknown embedded device detected. Using 59656MiB as the allocation cap for memory on embedded devices.
[04/01/2024-15:04:08] [V] [TRT] Tactic: 0xf0beb09df9a19f82 Time: 0.660741
[04/01/2024-15:04:08] [V] [TRT] Conv_2 + Relu_3 Set Tactic Name: ampere_h16816cudnn_64x64_ldg8_relu_exp_stages_64x5_large_nhwc_tn_v1 Tactic: 0x544bff7ff9c5d908
[04/01/2024-15:04:08] [W] [TRT] Unknown embedded device detected. Using 59656MiB as the allocation cap for memory on embedded devices.
[04/01/2024-15:04:08] [V] [TRT] Tactic: 0x544bff7ff9c5d908 Time: 0.614606
[04/01/2024-15:04:08] [V] [TRT] Conv_2 + Relu_3 Set Tactic Name: ampere_h1688cudnn_256x128_ldg8_relu_exp_small_nhwc_tn_v1 Tactic: 0xc660e51970bc5a3a
[04/01/2024-15:04:08] [W] [TRT] Unknown embedded device detected. Using 59656MiB as the allocation cap for memory on embedded devices.
[04/01/2024-15:04:08] [V] [TRT] Tactic: 0xc660e51970bc5a3a Time: 0.421321
[04/01/2024-15:04:08] [V] [TRT] Conv_2 + Relu_3 Set Tactic Name: ampere_h16816cudnn_64x128_sliced1x2_ldg8_relu_exp_stages_64x3_medium_nhwc_tn_v1 Tactic: 0xb85e52e87caf60a2
[04/01/2024-15:04:08] [W] [TRT] Unknown embedded device detected. Using 59656MiB as the allocation cap for memory on embedded devices.
[04/01/2024-15:04:08] [V] [TRT] Tactic: 0xb85e52e87caf60a2 Time: 0.393317
[04/01/2024-15:04:08] [V] [TRT] Conv_2 + Relu_3 Set Tactic Name: ampere_h16816cudnn_256x64_ldg8_relu_exp_stages_64x3_large_nhwc_tn_v1 Tactic: 0x2cb4a662694e89d3
[04/01/2024-15:04:08] [W] [TRT] Unknown embedded device detected. Using 59656MiB as the allocation cap for memory on embedded devices.
[04/01/2024-15:04:08] [V] [TRT] Tactic: 0x2cb4a662694e89d3 Time: 0.411835
[04/01/2024-15:04:08] [V] [TRT] Conv_2 + Relu_3 Set Tactic Name: ampere_h16816cudnn_64x128_sliced1x2_ldg8_relu_exp_stages_64x3_small_nhwc_tn_v1 Tactic: 0xd58ea0bdedb89ead
[04/01/2024-15:04:08] [W] [TRT] Unknown embedded device detected. Using 59656MiB as the allocation cap for memory on embedded devices.
[04/01/2024-15:04:08] [V] [TRT] Tactic: 0xd58ea0bdedb89ead Time: 0.393285
[04/01/2024-15:04:08] [V] [TRT] Conv_2 + Relu_3 Set Tactic Name: ampere_h16816cudnn_256x64_sliced1x2_ldg8_relu_exp_small_nhwc_tn_v1 Tactic: 0x42a5b8709d0039be
[04/01/2024-15:04:08] [W] [TRT] Unknown embedded device detected. Using 59656MiB as the allocation cap for memory on embedded devices.
[04/01/2024-15:04:08] [V] [TRT] Tactic: 0x42a5b8709d0039be Time: 0.493422
[04/01/2024-15:04:08] [V] [TRT] Conv_2 + Relu_3 Set Tactic Name: ampere_h16816cudnn_256x64_ldg8_relu_exp_stages_64x3_medium_nhwc_tn_v1 Tactic: 0x3f031df0e579d52c
[04/01/2024-15:04:08] [W] [TRT] Unknown embedded device detected. Using 59656MiB as the allocation cap for memory on embedded devices.
[04/01/2024-15:04:08] [V] [TRT] Tactic: 0x3f031df0e579d52c Time: 0.41067
[04/01/2024-15:04:08] [V] [TRT] Conv_2 + Relu_3 Set Tactic Name: ampere_h1688cudnn_256x64_sliced1x2_ldg8_relu_exp_small_nhwc_tn_v1 Tactic: 0x4aed1956bd10a795
[04/01/2024-15:04:08] [W] [TRT] Unknown embedded device detected. Using 59656MiB as the allocation cap for memory on embedded devices.
[04/01/2024-15:04:08] [V] [TRT] Tactic: 0x4aed1956bd10a795 Time: 0.533056
[04/01/2024-15:04:08] [V] [TRT] Conv_2 + Relu_3 Set Tactic Name: ampere_h16816cudnn_64x64_ldg8_relu_exp_stages_64x5_small_nhwc_tn_v1 Tactic: 0xce0506e1512285c3
[04/01/2024-15:04:08] [W] [TRT] Unknown embedded device detected. Using 59656MiB as the allocation cap for memory on embedded devices.
[04/01/2024-15:04:08] [V] [TRT] Tactic: 0xce0506e1512285c3 Time: 0.634222
[04/01/2024-15:04:08] [V] [TRT] Conv_2 + Relu_3 Set Tactic Name: ampere_h16816cudnn_256x64_ldg8_relu_exp_small_nhwc_tn_v1 Tactic: 0xca5d3a11fd48f571
[04/01/2024-15:04:08] [W] [TRT] Unknown embedded device detected. Using 59656MiB as the allocation cap for memory on embedded devices.
[04/01/2024-15:04:08] [V] [TRT] Tactic: 0xca5d3a11fd48f571 Time: 0.423429
[04/01/2024-15:04:08] [V] [TRT] Conv_2 + Relu_3 Set Tactic Name: ampere_h16816cudnn_128x128_ldg8_relu_exp_stages_64x3_medium_nhwc_tn_v1 Tactic: 0x2eaa2202de9404d6
[04/01/2024-15:04:08] [W] [TRT] Unknown embedded device detected. Using 59656MiB as the allocation cap for memory on embedded devices.
[04/01/2024-15:04:08] [V] [TRT] Tactic: 0x2eaa2202de9404d6 Time: 0.365289
[04/01/2024-15:04:08] [V] [TRT] Conv_2 + Relu_3 Set Tactic Name: ampere_h16816cudnn_64x128_ldg8_relu_exp_stages_64x4_small_nhwc_tn_v1 Tactic: 0x3b5fa0f2a8fc2410
[04/01/2024-15:04:08] [W] [TRT] Unknown embedded device detected. Using 59656MiB as the allocation cap for memory on embedded devices.
[04/01/2024-15:04:08] [V] [TRT] Tactic: 0x3b5fa0f2a8fc2410 Time: 0.456457
[04/01/2024-15:04:08] [V] [TRT] Conv_2 + Relu_3 Set Tactic Name: ampere_h16816cudnn_256x128_ldg8_relu_exp_medium_nhwc_tn_v1 Tactic: 0x03896956a39a1203
[04/01/2024-15:04:08] [W] [TRT] Unknown embedded device detected. Using 59656MiB as the allocation cap for memory on embedded devices.
[04/01/2024-15:04:08] [V] [TRT] Tactic: 0x03896956a39a1203 Time: 0.406446
[04/01/2024-15:04:08] [V] [TRT] Conv_2 + Relu_3 Set Tactic Name: ampere_h16816cudnn_64x64_ldg8_relu_exp_stages_64x5_medium_nhwc_tn_v1 Tactic: 0x5f31c22ec167f384
[04/01/2024-15:04:08] [W] [TRT] Unknown embedded device detected. Using 59656MiB as the allocation cap for memory on embedded devices.
[04/01/2024-15:04:08] [V] [TRT] Tactic: 0x5f31c22ec167f384 Time: 0.633362
[04/01/2024-15:04:08] [V] [TRT] Conv_2 + Relu_3 Set Tactic Name: ampere_h16816cudnn_128x64_sliced1x2_ldg8_relu_exp_stages_64x3_medium_nhwc_tn_v1 Tactic: 0x29329b5741ea05f2
[04/01/2024-15:04:08] [W] [TRT] Unknown embedded device detected. Using 59656MiB as the allocation cap for memory on embedded devices.
[04/01/2024-15:04:08] [V] [TRT] Tactic: 0x29329b5741ea05f2 Time: 0.428165
[04/01/2024-15:04:08] [V] [TRT] Conv_2 + Relu_3 Set Tactic Name: ampere_h16816cudnn_128x64_ldg8_relu_exp_stages_64x4_small_nhwc_tn_v1 Tactic: 0xabd92c9ae596b545
[04/01/2024-15:04:08] [W] [TRT] Unknown embedded device detected. Using 59656MiB as the allocation cap for memory on embedded devices.
[04/01/2024-15:04:08] [V] [TRT] Tactic: 0xabd92c9ae596b545 Time: 0.474725
[04/01/2024-15:04:08] [V] [TRT] Conv_2 + Relu_3 Set Tactic Name: ampere_h16816cudnn_64x128_sliced1x2_ldg8_relu_exp_stages_64x4_small_nhwc_tn_v1 Tactic: 0xbd6f5e6f24c05c10
[04/01/2024-15:04:08] [W] [TRT] Unknown embedded device detected. Using 59656MiB as the allocation cap for memory on embedded devices.
[04/01/2024-15:04:08] [V] [TRT] Tactic: 0xbd6f5e6f24c05c10 Time: 0.444855
[04/01/2024-15:04:08] [V] [TRT] Conv_2 + Relu_3 Set Tactic Name: ampere_h1688cudnn_256x64_ldg8_relu_exp_large_nhwc_tn_v1 Tactic: 0xe0e3c0e8cf9a2d9e
[04/01/2024-15:04:08] [W] [TRT] Unknown embedded device detected. Using 59656MiB as the allocation cap for memory on embedded devices.
[04/01/2024-15:04:08] [V] [TRT] Tactic: 0xe0e3c0e8cf9a2d9e Time: 0.421998
[04/01/2024-15:04:08] [V] [TRT] Conv_2 + Relu_3 Set Tactic Name: ampere_h16816cudnn_128x128_ldg8_relu_exp_stages_64x3_large_nhwc_tn_v1 Tactic: 0xc2cf926c41243630
[04/01/2024-15:04:08] [W] [TRT] Unknown embedded device detected. Using 59656MiB as the allocation cap for memory on embedded devices.
[04/01/2024-15:04:08] [V] [TRT] Tactic: 0xc2cf926c41243630 Time: 0.367694
[04/01/2024-15:04:08] [V] [TRT] Conv_2 + Relu_3 Set Tactic Name: ampere_h16816cudnn_256x128_ldg8_relu_exp_small_nhwc_tn_v1 Tactic: 0x463794ee4acffd1f
[04/01/2024-15:04:08] [W] [TRT] Unknown embedded device detected. Using 59656MiB as the allocation cap for memory on embedded devices.
[04/01/2024-15:04:08] [V] [TRT] Tactic: 0x463794ee4acffd1f Time: 0.402231
[04/01/2024-15:04:08] [V] [TRT] Conv_2 + Relu_3 Set Tactic Name: ampere_h16816cudnn_128x64_ldg8_relu_exp_stages_64x3_small_nhwc_tn_v1 Tactic: 0xc338d2482cee77f8
[04/01/2024-15:04:08] [W] [TRT] Unknown embedded device detected. Using 59656MiB as the allocation cap for memory on embedded devices.
[04/01/2024-15:04:08] [V] [TRT] Tactic: 0xc338d2482cee77f8 Time: 0.451762
[04/01/2024-15:04:08] [V] [TRT] Conv_2 + Relu_3 Set Tactic Name: sm80_xmma_fprop_implicit_gemm_f16f16_f16f16_f16_nhwckrsc_nhwc_tilesize256x64x64_stage3_warpsize4x1x1_g1_tensor16x8x16_t1r3s3 Tactic: 0x84ee897dd1f4d2aa
[04/01/2024-15:04:08] [W] [TRT] Unknown embedded device detected. Using 59656MiB as the allocation cap for memory on embedded devices.
[04/01/2024-15:04:08] [V] [TRT] Tactic: 0x84ee897dd1f4d2aa Time: 0.380805
[04/01/2024-15:04:08] [V] [TRT] Conv_2 + Relu_3 Set Tactic Name: ampere_h16816cudnn_128x64_ldg8_relu_exp_stages_64x4_large_nhwc_tn_v1 Tactic: 0x3197d5044d71e98e
[04/01/2024-15:04:08] [W] [TRT] Unknown embedded device detected. Using 59656MiB as the allocation cap for memory on embedded devices.
[04/01/2024-15:04:08] [V] [TRT] Tactic: 0x3197d5044d71e98e Time: 0.485824
[04/01/2024-15:04:08] [V] [TRT] Conv_2 + Relu_3 Set Tactic Name: sm80_xmma_fprop_implicit_gemm_indexed_f16f16_f16f16_f16_nhwckrsc_nhwc_tilesize64x256x64_stage3_warpsize1x4x1_g1_tensor16x8x16 Tactic: 0x5d067c18f40c23e3
[04/01/2024-15:04:08] [W] [TRT] Unknown embedded device detected. Using 59656MiB as the allocation cap for memory on embedded devices.
[04/01/2024-15:04:08] [V] [TRT] Tactic: 0x5d067c18f40c23e3 Time: 0.656919
[04/01/2024-15:04:08] [V] [TRT] Conv_2 + Relu_3 Set Tactic Name: sm80_xmma_fprop_implicit_gemm_f16f16_f16f16_f16_nhwckrsc_nhwc_tilesize256x128x32_stage3_warpsize4x2x1_g1_tensor16x8x16 Tactic: 0x60da8c7151d91e47
[04/01/2024-15:04:08] [W] [TRT] Unknown embedded device detected. Using 59656MiB as the allocation cap for memory on embedded devices.
[04/01/2024-15:04:08] [V] [TRT] Tactic: 0x60da8c7151d91e47 Time: 0.325481
[04/01/2024-15:04:08] [V] [TRT] Conv_2 + Relu_3 Set Tactic Name: ampere_h16816cudnn_64x64_sliced1x2_ldg8_relu_exp_stages_64x6_small_nhwc_tn_v1 Tactic: 0x24e01e7405cfdfe9
[04/01/2024-15:04:08] [W] [TRT] Unknown embedded device detected. Using 59656MiB as the allocation cap for memory on embedded devices.
[04/01/2024-15:04:08] [V] [TRT] Tactic: 0x24e01e7405cfdfe9 Time: 0.650807
[04/01/2024-15:04:08] [V] [TRT] Conv_2 + Relu_3 Set Tactic Name: sm80_xmma_fprop_implicit_gemm_f16f16_f16f16_f16_nhwckrsc_nhwc_tilesize128x256x32_stage3_warpsize2x4x1_g1_tensor16x8x16 Tactic: 0xa1a20ea714d420f4
[04/01/2024-15:04:08] [W] [TRT] Unknown embedded device detected. Using 59656MiB as the allocation cap for memory on embedded devices.
[04/01/2024-15:04:08] [V] [TRT] Tactic: 0xa1a20ea714d420f4 Time: 0.467205
[04/01/2024-15:04:08] [V] [TRT] Conv_2 + Relu_3 Set Tactic Name: ampere_h1688cudnn_128x128_ldg8_relu_exp_medium_nhwc_tn_v1 Tactic: 0x100c1ad308e08d35
[04/01/2024-15:04:08] [W] [TRT] Unknown embedded device detected. Using 59656MiB as the allocation cap for memory on embedded devices.
[04/01/2024-15:04:08] [V] [TRT] Tactic: 0x100c1ad308e08d35 Time: 0.421083
[04/01/2024-15:04:08] [V] [TRT] Conv_2 + Relu_3 Set Tactic Name: sm80_xmma_fprop_implicit_gemm_f16f16_f16f16_f16_nhwckrsc_nhwc_tilesize64x128x32_stage5_warpsize2x2x1_g1_tensor16x8x16_t1r3s3 Tactic: 0x17ebf0c9f418f10a
[04/01/2024-15:04:08] [W] [TRT] Unknown embedded device detected. Using 59656MiB as the allocation cap for memory on embedded devices.
[04/01/2024-15:04:08] [V] [TRT] Tactic: 0x17ebf0c9f418f10a Time: 0.294834
[04/01/2024-15:04:08] [V] [TRT] Conv_2 + Relu_3 Set Tactic Name: sm80_xmma_fprop_implicit_gemm_f16f16_f16f16_f16_nhwckrsc_nhwc_tilesize128x128x32_stage4_warpsize2x2x1_g1_tensor16x8x16_t1r3s3 Tactic: 0x60c3421152ef8e10
[04/01/2024-15:04:08] [W] [TRT] Unknown embedded device detected. Using 59656MiB as the allocation cap for memory on embedded devices.
[04/01/2024-15:04:08] [V] [TRT] Tactic: 0x60c3421152ef8e10 Time: 0.241806
[04/01/2024-15:04:08] [V] [TRT] Conv_2 + Relu_3 Set Tactic Name: ampere_h16816cudnn_256x64_ldg8_relu_exp_stages_64x3_small_nhwc_tn_v1 Tactic: 0xb6fa5ffcc1a9d518
[04/01/2024-15:04:08] [W] [TRT] Unknown embedded device detected. Using 59656MiB as the allocation cap for memory on embedded devices.
[04/01/2024-15:04:08] [V] [TRT] Tactic: 0xb6fa5ffcc1a9d518 Time: 0.407744
[04/01/2024-15:04:08] [V] [TRT] Conv_2 + Relu_3 Set Tactic Name: sm80_xmma_fprop_implicit_gemm_f16f16_f16f16_f16_nhwckrsc_nhwc_tilesize64x256x64_stage3_warpsize1x4x1_g1_tensor16x8x16_t1r3s3 Tactic: 0xd7c261fa01db2af9
[04/01/2024-15:04:08] [W] [TRT] Unknown embedded device detected. Using 59656MiB as the allocation cap for memory on embedded devices.
[04/01/2024-15:04:08] [V] [TRT] Tactic: 0xd7c261fa01db2af9 Time: 0.637595
[04/01/2024-15:04:08] [V] [TRT] Conv_2 + Relu_3 Set Tactic Name: ampere_h16816cudnn_256x64_ldg8_relu_exp_medium_nhwc_tn_v1 Tactic: 0xe4711898bd599c36
[04/01/2024-15:04:08] [W] [TRT] Unknown embedded device detected. Using 59656MiB as the allocation cap for memory on embedded devices.
[04/01/2024-15:04:08] [V] [TRT] Tactic: 0xe4711898bd599c36 Time: 0.438075
[04/01/2024-15:04:08] [V] [TRT] Conv_2 + Relu_3 Set Tactic Name: ampere_h16816cudnn_128x64_sliced1x2_ldg8_relu_exp_stages_64x4_medium_nhwc_tn_v1 Tactic: 0x59c5c647b4c76593
[04/01/2024-15:04:08] [W] [TRT] Unknown embedded device detected. Using 59656MiB as the allocation cap for memory on embedded devices.
[04/01/2024-15:04:08] [V] [TRT] Tactic: 0x59c5c647b4c76593 Time: 0.463717
[04/01/2024-15:04:08] [V] [TRT] Conv_2 + Relu_3 Set Tactic Name: sm80_xmma_fprop_implicit_gemm_indexed_f16f16_f16f16_f16_nhwckrsc_nhwc_tilesize256x128x64_stage3_warpsize4x2x1_g1_tensor16x8x16 Tactic: 0x8bf2f8e96c50a971
[04/01/2024-15:04:08] [W] [TRT] Unknown embedded device detected. Using 59656MiB as the allocation cap for memory on embedded devices.
[04/01/2024-15:04:08] [V] [TRT] Tactic: 0x8bf2f8e96c50a971 Time: 0.348283
[04/01/2024-15:04:08] [V] [TRT] Conv_2 + Relu_3 Set Tactic Name: sm80_xmma_fprop_implicit_gemm_indexed_f16f16_f16f16_f16_nhwckrsc_nhwc_tilesize64x32x64_stage5_warpsize2x2x1_g1_tensor16x8x16 Tactic: 0xe1ff5ad20f5c6bf6
[04/01/2024-15:04:08] [W] [TRT] Unknown embedded device detected. Using 59656MiB as the allocation cap for memory on embedded devices.
[04/01/2024-15:04:08] [V] [TRT] Tactic: 0xe1ff5ad20f5c6bf6 Time: 0.539122
[04/01/2024-15:04:08] [V] [TRT] Conv_2 + Relu_3 Set Tactic Name: sm80_xmma_fprop_implicit_gemm_indexed_f16f16_f16f16_f16_nhwckrsc_nhwc_tilesize64x128x32_stage5_warpsize2x2x1_g1_tensor16x8x16 Tactic: 0xafd1e8bf6bd3d638
[04/01/2024-15:04:08] [W] [TRT] Unknown embedded device detected. Using 59656MiB as the allocation cap for memory on embedded devices.
[04/01/2024-15:04:08] [V] [TRT] Tactic: 0xafd1e8bf6bd3d638 Time: 0.293486
[04/01/2024-15:04:08] [V] [TRT] Conv_2 + Relu_3 Set Tactic Name: sm80_xmma_fprop_implicit_gemm_indexed_f16f16_f16f16_f16_nhwckrsc_nhwc_tilesize128x32x32_stage4_warpsize4x1x1_g1_tensor16x8x16 Tactic: 0xf79479a62ea9f901
[04/01/2024-15:04:08] [W] [TRT] Unknown embedded device detected. Using 59656MiB as the allocation cap for memory on embedded devices.
[04/01/2024-15:04:08] [V] [TRT] Tactic: 0xf79479a62ea9f901 Time: 0.400288
[04/01/2024-15:04:08] [V] [TRT] Conv_2 + Relu_3 Set Tactic Name: sm80_xmma_fprop_implicit_gemm_indexed_f16f16_f16f16_f16_nhwckrsc_nhwc_tilesize128x256x32_stage3_warpsize2x4x1_g1_tensor16x8x16 Tactic: 0x7005d10718f6c22d
[04/01/2024-15:04:08] [W] [TRT] Unknown embedded device detected. Using 59656MiB as the allocation cap for memory on embedded devices.
[04/01/2024-15:04:08] [V] [TRT] Tactic: 0x7005d10718f6c22d Time: 0.470811
[04/01/2024-15:04:08] [V] [TRT] Conv_2 + Relu_3 Set Tactic Name: sm80_xmma_fprop_implicit_gemm_indexed_f16f16_f16f16_f16_nhwckrsc_nhwc_tilesize128x128x32_stage4_warpsize2x2x1_g1_tensor16x8x16 Tactic: 0x0e07ff4f4f7c1ac9
[04/01/2024-15:04:08] [W] [TRT] Unknown embedded device detected. Using 59656MiB as the allocation cap for memory on embedded devices.
[04/01/2024-15:04:08] [V] [TRT] Tactic: 0x0e07ff4f4f7c1ac9 Time: 0.261303
[04/01/2024-15:04:08] [V] [TRT] Conv_2 + Relu_3 Set Tactic Name: sm80_xmma_fprop_implicit_gemm_indexed_f16f16_f16f16_f16_nhwckrsc_nhwc_tilesize128x64x64_stage3_warpsize2x2x1_g1_tensor16x8x16 Tactic: 0x21b295c0c8f6c95a
[04/01/2024-15:04:08] [W] [TRT] Unknown embedded device detected. Using 59656MiB as the allocation cap for memory on embedded devices.
[04/01/2024-15:04:08] [V] [TRT] Tactic: 0x21b295c0c8f6c95a Time: 0.36779
[04/01/2024-15:04:08] [V] [TRT] Conv_2 + Relu_3 Set Tactic Name: sm80_xmma_fprop_implicit_gemm_indexed_f16f16_f16f16_f16_nhwckrsc_nhwc_tilesize256x32x32_stage4_warpsize4x1x1_g1_tensor16x8x16 Tactic: 0xdce100b9fe609424
[04/01/2024-15:04:08] [W] [TRT] Unknown embedded device detected. Using 59656MiB as the allocation cap for memory on embedded devices.
[04/01/2024-15:04:08] [V] [TRT] Tactic: 0xdce100b9fe609424 Time: 0.376347
[04/01/2024-15:04:08] [V] [TRT] Conv_2 + Relu_3 Set Tactic Name: sm80_xmma_fprop_implicit_gemm_indexed_f16f16_f16f16_f16_nhwckrsc_nhwc_tilesize256x128x32_stage3_warpsize4x2x1_g1_tensor16x8x16 Tactic: 0xb17d53d15dfbfc9e
[04/01/2024-15:04:08] [W] [TRT] Unknown embedded device detected. Using 59656MiB as the allocation cap for memory on embedded devices.
[04/01/2024-15:04:08] [V] [TRT] Tactic: 0xb17d53d15dfbfc9e Time: 0.334071
[04/01/2024-15:04:08] [V] [TRT] Conv_2 + Relu_3 Set Tactic Name: sm80_xmma_fprop_implicit_gemm_indexed_f16f16_f16f16_f16_nhwckrsc_nhwc_tilesize128x64x32_stage5_warpsize2x2x1_g1_tensor16x8x16 Tactic: 0xc9d24bd069159fa8
[04/01/2024-15:04:08] [W] [TRT] Unknown embedded device detected. Using 59656MiB as the allocation cap for memory on embedded devices.
[04/01/2024-15:04:08] [V] [TRT] Tactic: 0xc9d24bd069159fa8 Time: 0.328544
[04/01/2024-15:04:08] [V] [TRT] Conv_2 + Relu_3 Set Tactic Name: sm80_xmma_fprop_implicit_gemm_f16f16_f16f16_f16_nhwckrsc_nhwc_tilesize128x128x64_stage3_warpsize2x2x1_g1_tensor16x8x16 Tactic: 0x57c9a5ff682354a6
[04/01/2024-15:04:08] [W] [TRT] Unknown embedded device detected. Using 59656MiB as the allocation cap for memory on embedded devices.
[04/01/2024-15:04:08] [V] [TRT] Tactic: 0x57c9a5ff682354a6 Time: 0.355607
[04/01/2024-15:04:08] [V] [TRT] Conv_2 + Relu_3 Set Tactic Name: sm80_xmma_fprop_implicit_gemm_f16f16_f16f16_f16_nhwckrsc_nhwc_tilesize64x128x32_stage5_warpsize2x2x1_g1_tensor16x8x16 Tactic: 0xdb0b80f591d1bb6d
[04/01/2024-15:04:08] [W] [TRT] Unknown embedded device detected. Using 59656MiB as the allocation cap for memory on embedded devices.
[04/01/2024-15:04:08] [V] [TRT] Tactic: 0xdb0b80f591d1bb6d Time: 0.282039
[04/01/2024-15:04:08] [V] [TRT] Conv_2 + Relu_3 Set Tactic Name: ampere_h16816cudnn_64x128_ldg8_relu_exp_stages_64x4_large_nhwc_tn_v1 Tactic: 0xa111596c001b78db
[04/01/2024-15:04:08] [W] [TRT] Unknown embedded device detected. Using 59656MiB as the allocation cap for memory on embedded devices.
[04/01/2024-15:04:08] [V] [TRT] Tactic: 0xa111596c001b78db Time: 0.462199
[04/01/2024-15:04:08] [V] [TRT] Conv_2 + Relu_3 Set Tactic Name: ampere_h16816cudnn_64x128_sliced1x2_ldg8_relu_exp_stages_64x4_medium_nhwc_tn_v1 Tactic: 0xc8a90ff8898200c3
[04/01/2024-15:04:08] [W] [TRT] Unknown embedded device detected. Using 59656MiB as the allocation cap for memory on embedded devices.
[04/01/2024-15:04:08] [V] [TRT] Tactic: 0xc8a90ff8898200c3 Time: 0.44869
[04/01/2024-15:04:08] [V] [TRT] Conv_2 + Relu_3 Set Tactic Name: sm80_xmma_fprop_implicit_gemm_indexed_f16f16_f16f16_f16_nhwckrsc_nhwc_tilesize64x64x64_stage4_warpsize2x2x1_g1_tensor16x8x16 Tactic: 0x4a81ea1e51436a30
[04/01/2024-15:04:08] [W] [TRT] Unknown embedded device detected. Using 59656MiB as the allocation cap for memory on embedded devices.
[04/01/2024-15:04:08] [V] [TRT] Tactic: 0x4a81ea1e51436a30 Time: 0.48459
[04/01/2024-15:04:08] [V] [TRT] Conv_2 + Relu_3 Set Tactic Name: sm80_xmma_fprop_implicit_gemm_indexed_f16f16_f16f16_f16_nhwckrsc_nhwc_tilesize256x64x64_stage3_warpsize4x1x1_g1_tensor16x8x16 Tactic: 0x9fff6e65019cc310
[04/01/2024-15:04:08] [W] [TRT] Unknown embedded device detected. Using 59656MiB as the allocation cap for memory on embedded devices.
[04/01/2024-15:04:08] [V] [TRT] Tactic: 0x9fff6e65019cc310 Time: 0.403081
[04/01/2024-15:04:08] [V] [TRT] Conv_2 + Relu_3 Set Tactic Name: ampere_h16816cudnn_64x64_ldg8_relu_exp_stages_64x6_large_nhwc_tn_v1 Tactic: 0x6af049035146c349
[04/01/2024-15:04:08] [W] [TRT] Unknown embedded device detected. Using 59656MiB as the allocation cap for memory on embedded devices.
[04/01/2024-15:04:08] [V] [TRT] Tactic: 0x6af049035146c349 Time: 0.691474
[04/01/2024-15:04:08] [V] [TRT] Conv_2 + Relu_3 Set Tactic Name: ampere_h16816cudnn_128x128_ldg8_relu_exp_stages_64x3_small_nhwc_tn_v1 Tactic: 0x58816bf2e9c36afb
[04/01/2024-15:04:08] [W] [TRT] Unknown embedded device detected. Using 59656MiB as the allocation cap for memory on embedded devices.
[04/01/2024-15:04:08] [V] [TRT] Tactic: 0x58816bf2e9c36afb Time: 0.367392
[04/01/2024-15:04:08] [V] [TRT] Conv_2 + Relu_3 Set Tactic Name: ampere_h16816cudnn_128x64_ldg8_relu_exp_stages_64x4_medium_nhwc_tn_v1 Tactic: 0x196cbc423a9bb69e
[04/01/2024-15:04:08] [W] [TRT] Unknown embedded device detected. Using 59656MiB as the allocation cap for memory on embedded devices.
[04/01/2024-15:04:08] [V] [TRT] Tactic: 0x196cbc423a9bb69e Time: 0.480704
[04/01/2024-15:04:08] [V] [TRT] Conv_2 + Relu_3 Set Tactic Name: ampere_h16816cudnn_256x128_ldg8_relu_exp_stages_64x3_large_nhwc_tn_v1 Tactic: 0x94576ece6beb35e3
[04/01/2024-15:04:08] [W] [TRT] Unknown embedded device detected. Using 59656MiB as the allocation cap for memory on embedded devices.
[04/01/2024-15:04:08] [V] [TRT] Tactic: 0x94576ece6beb35e3 Time: 0.38624
[04/01/2024-15:04:08] [V] [TRT] Conv_2 + Relu_3 Set Tactic Name: ampere_h1688cudnn_128x128_ldg8_relu_exp_small_nhwc_tn_v1 Tactic: 0x3369260c04f9ad73
[04/01/2024-15:04:08] [W] [TRT] Unknown embedded device detected. Using 59656MiB as the allocation cap for memory on embedded devices.
[04/01/2024-15:04:08] [V] [TRT] Tactic: 0x3369260c04f9ad73 Time: 0.412457
[04/01/2024-15:04:08] [V] [TRT] Conv_2 + Relu_3 Set Tactic Name: ampere_h16816cudnn_64x128_ldg8_relu_exp_stages_64x4_medium_nhwc_tn_v1 Tactic: 0xc82f3f06140e3cbb
[04/01/2024-15:04:08] [W] [TRT] Unknown embedded device detected. Using 59656MiB as the allocation cap for memory on embedded devices.
[04/01/2024-15:04:08] [V] [TRT] Tactic: 0xc82f3f06140e3cbb Time: 0.45984
[04/01/2024-15:04:08] [V] [TRT] Conv_2 + Relu_3 Set Tactic Name: ampere_h16816cudnn_128x128_ldg8_relu_exp_large_nhwc_tn_v1 Tactic: 0x2970ae65966d569d
[04/01/2024-15:04:08] [W] [TRT] Unknown embedded device detected. Using 59656MiB as the allocation cap for memory on embedded devices.
[04/01/2024-15:04:08] [V] [TRT] Tactic: 0x2970ae65966d569d Time: 0.351058
[04/01/2024-15:04:08] [V] [TRT] Conv_2 + Relu_3 Set Tactic Name: sm80_xmma_fprop_implicit_gemm_f16f16_f16f16_f16_nhwckrsc_nhwc_tilesize64x64x64_stage4_warpsize2x2x1_g1_tensor16x8x16_t1r3s3 Tactic: 0x31d93dc22d2af081
[04/01/2024-15:04:08] [W] [TRT] Unknown embedded device detected. Using 59656MiB as the allocation cap for memory on embedded devices.
[04/01/2024-15:04:08] [V] [TRT] Tactic: 0x31d93dc22d2af081 Time: 0.410405
[04/01/2024-15:04:08] [V] [TRT] Conv_2 + Relu_3 Set Tactic Name: sm80_xmma_fprop_implicit_gemm_f16f16_f16f16_f16_nhwckrsc_nhwc_tilesize64x32x64_stage5_warpsize2x2x1_g1_tensor16x8x16_t1r3s3 Tactic: 0xa033e20ae9f412b2
[04/01/2024-15:04:08] [W] [TRT] Unknown embedded device detected. Using 59656MiB as the allocation cap for memory on embedded devices.
[04/01/2024-15:04:08] [V] [TRT] Tactic: 0xa033e20ae9f412b2 Time: 0.512521
[04/01/2024-15:04:08] [V] [TRT] Conv_2 + Relu_3 Set Tactic Name: sm80_xmma_fprop_implicit_gemm_f16f16_f16f16_f16_nhwckrsc_nhwc_tilesize256x64x64_stage3_warpsize4x1x1_g1_tensor16x8x16 Tactic: 0xeb25062ffb9eae45
[04/01/2024-15:04:08] [W] [TRT] Unknown embedded device detected. Using 59656MiB as the allocation cap for memory on embedded devices.
[04/01/2024-15:04:08] [V] [TRT] Tactic: 0xeb25062ffb9eae45 Time: 0.386683
[04/01/2024-15:04:08] [V] [TRT] Conv_2 + Relu_3 Set Tactic Name: ampere_h16816cudnn_256x128_ldg8_relu_exp_stages_64x3_small_nhwc_tn_v1 Tactic: 0x0e199750c30c6928
[04/01/2024-15:04:08] [W] [TRT] Unknown embedded device detected. Using 59656MiB as the allocation cap for memory on embedded devices.
[04/01/2024-15:04:08] [V] [TRT] Tactic: 0x0e199750c30c6928 Time: 0.382688
[04/01/2024-15:04:08] [V] [TRT] Conv_2 + Relu_3 Set Tactic Name: sm80_xmma_fprop_implicit_gemm_f16f16_f16f16_f16_nhwckrsc_nhwc_tilesize128x128x32_stage4_warpsize2x2x1_g1_tensor16x8x16_t1r3s3_aACCESS Tactic: 0x245530c34bd6090f
[04/01/2024-15:04:08] [W] [TRT] Unknown embedded device detected. Using 59656MiB as the allocation cap for memory on embedded devices.
[04/01/2024-15:04:08] [V] [TRT] Tactic: 0x245530c34bd6090f Time: 0.257975
[04/01/2024-15:04:08] [V] [TRT] Conv_2 + Relu_3 Set Tactic Name: ampere_h16816cudnn_64x64_sliced1x2_ldg8_relu_exp_stages_64x6_large_nhwc_tn_v1 Tactic: 0xbeaee7eaad288322
[04/01/2024-15:04:08] [W] [TRT] Unknown embedded device detected. Using 59656MiB as the allocation cap for memory on embedded devices.
[04/01/2024-15:04:08] [V] [TRT] Tactic: 0xbeaee7eaad288322 Time: 0.689211
[04/01/2024-15:04:08] [V] [TRT] Conv_2 + Relu_3 Set Tactic Name: sm80_xmma_fprop_implicit_gemm_indexed_f16f16_f16f16_f16_nhwckrsc_nhwc_tilesize128x128x64_stage3_warpsize2x2x1_g1_tensor16x8x16 Tactic: 0x866e7a5f6401b67f
[04/01/2024-15:04:08] [W] [TRT] Unknown embedded device detected. Using 59656MiB as the allocation cap for memory on embedded devices.
[04/01/2024-15:04:08] [V] [TRT] Tactic: 0x866e7a5f6401b67f Time: 0.352599
[04/01/2024-15:04:08] [V] [TRT] Conv_2 + Relu_3 Set Tactic Name: sm80_xmma_fprop_implicit_gemm_f16f16_f16f16_f16_nhwckrsc_nhwc_tilesize64x64x64_stage4_warpsize2x2x1_g1_tensor16x8x16_t1r3s3_aACCESS Tactic: 0x30e8a8d7a953e5e9
[04/01/2024-15:04:08] [W] [TRT] Unknown embedded device detected. Using 59656MiB as the allocation cap for memory on embedded devices.
[04/01/2024-15:04:08] [V] [TRT] Tactic: 0x30e8a8d7a953e5e9 Time: 0.448361
[04/01/2024-15:04:08] [V] [TRT] Conv_2 + Relu_3 Set Tactic Name: ampere_h16816cudnn_256x128_ldg8_relu_exp_large_nhwc_tn_v1 Tactic: 0xdc796d70e228a1d4
[04/01/2024-15:04:08] [W] [TRT] Unknown embedded device detected. Using 59656MiB as the allocation cap for memory on embedded devices.
[04/01/2024-15:04:08] [V] [TRT] Tactic: 0xdc796d70e228a1d4 Time: 0.415451
[04/01/2024-15:04:08] [V] [TRT] Conv_2 + Relu_3 Set Tactic Name: ampere_h1688cudnn_256x128_ldg8_relu_exp_medium_nhwc_tn_v1 Tactic: 0x30c0f36d0aeeac6a
[04/01/2024-15:04:08] [W] [TRT] Unknown embedded device detected. Using 59656MiB as the allocation cap for memory on embedded devices.
[04/01/2024-15:04:08] [V] [TRT] Tactic: 0x30c0f36d0aeeac6a Time: 0.438363
[04/01/2024-15:04:08] [V] [TRT] Conv_2 + Relu_3 Set Tactic Name: sm80_xmma_fprop_implicit_gemm_indexed_f16f16_f16f16_f16_nhwckrsc_nhwc_tilesize256x64x32_stage3_warpsize4x1x1_g1_tensor16x8x16 Tactic: 0xa570c55d303796ff
[04/01/2024-15:04:08] [W] [TRT] Unknown embedded device detected. Using 59656MiB as the allocation cap for memory on embedded devices.
[04/01/2024-15:04:08] [V] [TRT] Tactic: 0xa570c55d303796ff Time: 0.308009
[04/01/2024-15:04:08] [V] [TRT] Conv_2 + Relu_3 Set Tactic Name: sm80_xmma_fprop_implicit_gemm_f16f16_f16f16_f16_nhwckrsc_nhwc_tilesize256x64x32_stage3_warpsize4x1x1_g1_tensor16x8x16 Tactic: 0xd1aaad17ca35fbaa
[04/01/2024-15:04:08] [W] [TRT] Unknown embedded device detected. Using 59656MiB as the allocation cap for memory on embedded devices.
[04/01/2024-15:04:08] [V] [TRT] Tactic: 0xd1aaad17ca35fbaa Time: 0.303328
[04/01/2024-15:04:08] [V] [TRT] Conv_2 + Relu_3 Set Tactic Name: sm80_xmma_fprop_implicit_gemm_f16f16_f16f16_f16_nhwckrsc_nhwc_tilesize256x64x32_stage3_warpsize4x1x1_g1_tensor16x8x16_t1r3s3_aACCESS Tactic: 0x0866ddee325d07a6
[04/01/2024-15:04:08] [W] [TRT] Unknown embedded device detected. Using 59656MiB as the allocation cap for memory on embedded devices.
[04/01/2024-15:04:08] [V] [TRT] Tactic: 0x0866ddee325d07a6 Time: 0.312352
[04/01/2024-15:04:08] [V] [TRT] Conv_2 + Relu_3 Set Tactic Name: ampere_h16816cudnn_64x64_sliced1x2_ldg8_relu_exp_stages_64x5_large_nhwc_tn_v1 Tactic: 0x8015519605ab9963
[04/01/2024-15:04:08] [W] [TRT] Unknown embedded device detected. Using 59656MiB as the allocation cap for memory on embedded devices.
[04/01/2024-15:04:08] [V] [TRT] Tactic: 0x8015519605ab9963 Time: 0.55755
[04/01/2024-15:04:08] [V] [TRT] Conv_2 + Relu_3 Set Tactic Name: sm80_xmma_fprop_implicit_gemm_f16f16_f16f16_f16_nhwckrsc_nhwc_tilesize64x32x64_stage5_warpsize2x2x1_g1_tensor16x8x16 Tactic: 0x5820b3dda403c4d0
[04/01/2024-15:04:08] [W] [TRT] Unknown embedded device detected. Using 59656MiB as the allocation cap for memory on embedded devices.
[04/01/2024-15:04:08] [V] [TRT] Tactic: 0x5820b3dda403c4d0 Time: 0.524005
[04/01/2024-15:04:08] [V] [TRT] Conv_2 + Relu_3 Set Tactic Name: ampere_h16816cudnn_256x128_ldg8_relu_exp_stages_64x3_medium_nhwc_tn_v1 Tactic: 0xb9171d70ba2eda4b
[04/01/2024-15:04:08] [W] [TRT] Unknown embedded device detected. Using 59656MiB as the allocation cap for memory on embedded devices.
[04/01/2024-15:04:08] [V] [TRT] Tactic: 0xb9171d70ba2eda4b Time: 0.383438
[04/01/2024-15:04:08] [V] [TRT] Conv_2 + Relu_3 Set Tactic Name: sm80_xmma_fprop_implicit_gemm_f16f16_f16f16_f16_nhwckrsc_nhwc_tilesize128x32x32_stage4_warpsize4x1x1_g1_tensor16x8x16_t1r3s3 Tactic: 0x3e7eb35b91b9fa63
[04/01/2024-15:04:08] [W] [TRT] Unknown embedded device detected. Using 59656MiB as the allocation cap for memory on embedded devices.
[04/01/2024-15:04:08] [V] [TRT] Tactic: 0x3e7eb35b91b9fa63 Time: 0.398199
[04/01/2024-15:04:08] [V] [TRT] Conv_2 + Relu_3 Set Tactic Name: sm80_xmma_fprop_implicit_gemm_f16f16_f16f16_f16_nhwckrsc_nhwc_tilesize128x64x64_stage3_warpsize2x2x1_g1_tensor16x8x16 Tactic: 0x5568fd8a32f4a40f
[04/01/2024-15:04:08] [W] [TRT] Unknown embedded device detected. Using 59656MiB as the allocation cap for memory on embedded devices.
[04/01/2024-15:04:08] [V] [TRT] Tactic: 0x5568fd8a32f4a40f Time: 0.33253
[04/01/2024-15:04:08] [V] [TRT] Conv_2 + Relu_3 Set Tactic Name: sm80_xmma_fprop_implicit_gemm_f16f16_f16f16_f16_nhwckrsc_nhwc_tilesize128x64x32_stage5_warpsize2x2x1_g1_tensor16x8x16 Tactic: 0xbd08239a9317f2fd
[04/01/2024-15:04:08] [W] [TRT] Unknown embedded device detected. Using 59656MiB as the allocation cap for memory on embedded devices.
[04/01/2024-15:04:08] [V] [TRT] Tactic: 0xbd08239a9317f2fd Time: 0.317696
[04/01/2024-15:04:08] [V] [TRT] Conv_2 + Relu_3 Set Tactic Name: sm80_xmma_fprop_implicit_gemm_f16f16_f16f16_f16_nhwckrsc_nhwc_tilesize128x64x64_stage3_warpsize2x2x1_g1_tensor16x8x16_t1r3s3 Tactic: 0x05b6220f243edacd
[04/01/2024-15:04:08] [W] [TRT] Unknown embedded device detected. Using 59656MiB as the allocation cap for memory on embedded devices.
[04/01/2024-15:04:08] [V] [TRT] Tactic: 0x05b6220f243edacd Time: 0.327374
[04/01/2024-15:04:08] [V] [TRT] Conv_2 + Relu_3 Set Tactic Name: sm80_xmma_fprop_implicit_gemm_f16f16_f16f16_f16_nhwckrsc_nhwc_tilesize128x256x32_stage3_warpsize2x4x1_g1_tensor16x8x16_t1r3s3 Tactic: 0xa9177bbe4e767df8
[04/01/2024-15:04:08] [W] [TRT] Unknown embedded device detected. Using 59656MiB as the allocation cap for memory on embedded devices.
[04/01/2024-15:04:08] [V] [TRT] Tactic: 0xa9177bbe4e767df8 Time: 0.46629
[04/01/2024-15:04:08] [V] [TRT] Conv_2 + Relu_3 Set Tactic Name: sm80_xmma_fprop_implicit_gemm_f16f16_f16f16_f16_nhwckrsc_nhwc_tilesize256x32x32_stage4_warpsize4x1x1_g1_tensor16x8x16 Tactic: 0xa83b68f30462f971
[04/01/2024-15:04:08] [W] [TRT] Unknown embedded device detected. Using 59656MiB as the allocation cap for memory on embedded devices.
[04/01/2024-15:04:08] [V] [TRT] Tactic: 0xa83b68f30462f971 Time: 0.384178
[04/01/2024-15:04:08] [V] [TRT] Conv_2 + Relu_3 Set Tactic Name: sm80_xmma_fprop_implicit_gemm_f16f16_f16f16_f16_nhwckrsc_nhwc_tilesize64x256x64_stage3_warpsize1x4x1_g1_tensor16x8x16 Tactic: 0x29dc14520e0e4eb6
[04/01/2024-15:04:08] [W] [TRT] Unknown embedded device detected. Using 59656MiB as the allocation cap for memory on embedded devices.
[04/01/2024-15:04:08] [V] [TRT] Tactic: 0x29dc14520e0e4eb6 Time: 0.656059
[04/01/2024-15:04:08] [V] [TRT] Conv_2 + Relu_3 Set Tactic Name: sm80_xmma_fprop_implicit_gemm_f16f16_f16f16_f16_nhwckrsc_nhwc_tilesize64x64x64_stage4_warpsize2x2x1_g1_tensor16x8x16 Tactic: 0xf35e0311fa1cc516
[04/01/2024-15:04:08] [W] [TRT] Unknown embedded device detected. Using 59656MiB as the allocation cap for memory on embedded devices.
[04/01/2024-15:04:08] [V] [TRT] Tactic: 0xf35e0311fa1cc516 Time: 0.417504
[04/01/2024-15:04:08] [V] [TRT] Conv_2 + Relu_3 Set Tactic Name: sm80_xmma_fprop_implicit_gemm_f16f16_f16f16_f16_nhwckrsc_nhwc_tilesize128x64x32_stage5_warpsize2x2x1_g1_tensor16x8x16_t1r3s3 Tactic: 0xb4bec086187edcfc
[04/01/2024-15:04:08] [W] [TRT] Unknown embedded device detected. Using 59656MiB as the allocation cap for memory on embedded devices.
[04/01/2024-15:04:08] [V] [TRT] Tactic: 0xb4bec086187edcfc Time: 0.309833
[04/01/2024-15:04:08] [V] [TRT] Conv_2 + Relu_3 Set Tactic Name: ampere_h1688cudnn_256x64_ldg8_relu_exp_medium_nhwc_tn_v1 Tactic: 0x6426696f872a3b13
[04/01/2024-15:04:08] [W] [TRT] Unknown embedded device detected. Using 59656MiB as the allocation cap for memory on embedded devices.
[04/01/2024-15:04:08] [V] [TRT] Tactic: 0x6426696f872a3b13 Time: 0.416942
[04/01/2024-15:04:08] [V] [TRT] Conv_2 + Relu_3 Set Tactic Name: sm80_xmma_fprop_implicit_gemm_f16f16_f16f16_f16_nhwckrsc_nhwc_tilesize256x64x32_stage3_warpsize4x1x1_g1_tensor16x8x16_t1r3s3 Tactic: 0x529f4431bdae94f5
[04/01/2024-15:04:08] [W] [TRT] Unknown embedded device detected. Using 59656MiB as the allocation cap for memory on embedded devices.
[04/01/2024-15:04:08] [V] [TRT] Tactic: 0x529f4431bdae94f5 Time: 0.303365
[04/01/2024-15:04:08] [V] [TRT] Conv_2 + Relu_3 Set Tactic Name: sm80_xmma_fprop_implicit_gemm_f16f16_f16f16_f16_nhwckrsc_nhwc_tilesize256x128x64_stage3_warpsize4x2x1_g1_tensor16x8x16_t1r3s3 Tactic: 0xd2fca0486ca97266
[04/01/2024-15:04:08] [W] [TRT] Unknown embedded device detected. Using 59656MiB as the allocation cap for memory on embedded devices.
[04/01/2024-15:04:08] [V] [TRT] Tactic: 0xd2fca0486ca97266 Time: 0.373385
[04/01/2024-15:04:08] [V] [TRT] Conv_2 + Relu_3 Set Tactic Name: sm80_xmma_fprop_implicit_gemm_f16f16_f16f16_f16_nhwckrsc_nhwc_tilesize128x128x64_stage3_warpsize2x2x1_g1_tensor16x8x16_t1r3s3 Tactic: 0xc0a02dc6095497cc
[04/01/2024-15:04:08] [W] [TRT] Unknown embedded device detected. Using 59656MiB as the allocation cap for memory on embedded devices.
[04/01/2024-15:04:08] [V] [TRT] Tactic: 0xc0a02dc6095497cc Time: 0.360736
[04/01/2024-15:04:08] [V] [TRT] Conv_2 + Relu_3 Set Tactic Name: sm80_xmma_fprop_implicit_gemm_f16f16_f16f16_f16_nhwckrsc_nhwc_tilesize256x128x32_stage3_warpsize4x2x1_g1_tensor16x8x16_t1r3s3 Tactic: 0x048d6d0400f33439
[04/01/2024-15:04:08] [W] [TRT] Unknown embedded device detected. Using 59656MiB as the allocation cap for memory on embedded devices.
[04/01/2024-15:04:08] [V] [TRT] Tactic: 0x048d6d0400f33439 Time: 0.325577
[04/01/2024-15:04:08] [V] [TRT] Conv_2 + Relu_3 Set Tactic Name: sm80_xmma_fprop_implicit_gemm_f16f16_f16f16_f16_nhwckrsc_nhwc_tilesize256x128x64_stage3_warpsize4x2x1_g1_tensor16x8x16 Tactic: 0x5a55274960724ba8
[04/01/2024-15:04:08] [W] [TRT] Unknown embedded device detected. Using 59656MiB as the allocation cap for memory on embedded devices.
[04/01/2024-15:04:08] [V] [TRT] Tactic: 0x5a55274960724ba8 Time: 0.353202
[04/01/2024-15:04:08] [V] [TRT] Conv_2 + Relu_3 Set Tactic Name: ampere_h16816cudnn_256x64_ldg8_relu_exp_large_nhwc_tn_v1 Tactic: 0x5013c38f55afa9ba
[04/01/2024-15:04:08] [W] [TRT] Unknown embedded device detected. Using 59656MiB as the allocation cap for memory on embedded devices.
[04/01/2024-15:04:08] [V] [TRT] Tactic: 0x5013c38f55afa9ba Time: 0.440325
[04/01/2024-15:04:08] [V] [TRT] Conv_2 + Relu_3 Set Tactic Name: sm80_xmma_fprop_implicit_gemm_f16f16_f16f16_f16_nhwckrsc_nhwc_tilesize128x32x32_stage4_warpsize4x1x1_g1_tensor16x8x16 Tactic: 0x834e11ecd4ab9454
[04/01/2024-15:04:08] [W] [TRT] Unknown embedded device detected. Using 59656MiB as the allocation cap for memory on embedded devices.
[04/01/2024-15:04:08] [V] [TRT] Tactic: 0x834e11ecd4ab9454 Time: 0.399118
[04/01/2024-15:04:08] [V] [TRT] Conv_2 + Relu_3 Set Tactic Name: sm80_xmma_fprop_implicit_gemm_f16f16_f16f16_f16_nhwckrsc_nhwc_tilesize128x128x32_stage4_warpsize2x2x1_g1_tensor16x8x16 Tactic: 0xdfa020ef435ef810
[04/01/2024-15:04:08] [W] [TRT] Unknown embedded device detected. Using 59656MiB as the allocation cap for memory on embedded devices.
[04/01/2024-15:04:08] [V] [TRT] Tactic: 0xdfa020ef435ef810 Time: 0.244256
[04/01/2024-15:04:08] [V] [TRT] Conv_2 + Relu_3 Set Tactic Name: sm80_xmma_fprop_implicit_gemm_f16f16_f16f16_f16_nhwckrsc_nhwc_tilesize128x64x64_stage3_warpsize2x2x1_g1_tensor16x8x16_t1r3s3_aACCESS Tactic: 0x263a38afd75e3a43
[04/01/2024-15:04:08] [W] [TRT] Unknown embedded device detected. Using 59656MiB as the allocation cap for memory on embedded devices.
[04/01/2024-15:04:08] [V] [TRT] Tactic: 0x263a38afd75e3a43 Time: 0.417248
[04/01/2024-15:04:08] [V] [TRT] Conv_2 + Relu_3 Set Tactic Name: sm80_xmma_fprop_implicit_gemm_f16f16_f16f16_f16_nhwckrsc_nhwc_tilesize256x32x32_stage4_warpsize4x1x1_g1_tensor16x8x16_t1r3s3 Tactic: 0xa40cb43c296a36a8
[04/01/2024-15:04:08] [W] [TRT] Unknown embedded device detected. Using 59656MiB as the allocation cap for memory on embedded devices.
[04/01/2024-15:04:08] [V] [TRT] Tactic: 0xa40cb43c296a36a8 Time: 0.381632
[04/01/2024-15:04:08] [V] [TRT] Fastest Tactic: 0x60c3421152ef8e10 Time: 0.241806
[04/01/2024-15:04:08] [V] [TRT] --------------- Timing Runner: Conv_2 + Relu_3 (CaskFlattenConvolution)
[04/01/2024-15:04:08] [V] [TRT] CaskFlattenConvolution has no valid tactics for this config, skipping
[04/01/2024-15:04:08] [V] [TRT] >>>>>>>>>>>>>>> Chose Runner Type: CaskConvolution Tactic: 0x60c3421152ef8e10
[04/01/2024-15:04:08] [V] [TRT] =============== Computing costs for 
[04/01/2024-15:04:08] [V] [TRT] *************** Autotuning format combination: Float(2592000,32400,180,1) -> Float(2592000,32400,180,1) ***************
[04/01/2024-15:04:08] [V] [TRT] --------------- Timing Runner: Conv_4 + Relu_5 (CudaDepthwiseConvolution)
[04/01/2024-15:04:08] [V] [TRT] CudaDepthwiseConvolution has no valid tactics for this config, skipping
[04/01/2024-15:04:08] [V] [TRT] --------------- Timing Runner: Conv_4 + Relu_5 (FusedConvActConvolution)
[04/01/2024-15:04:08] [V] [TRT] FusedConvActConvolution has no valid tactics for this config, skipping
[04/01/2024-15:04:08] [V] [TRT] --------------- Timing Runner: Conv_4 + Relu_5 (CudnnConvolution)
[04/01/2024-15:04:08] [W] [TRT] Unknown embedded device detected. Using 59656MiB as the allocation cap for memory on embedded devices.
[04/01/2024-15:04:08] [V] [TRT] Tactic: 0x0000000000000000 Time: 2.65659
[04/01/2024-15:04:08] [W] [TRT] Unknown embedded device detected. Using 59656MiB as the allocation cap for memory on embedded devices.
[04/01/2024-15:04:08] [V] [TRT] Tactic: 0x0000000000000001 Time: 0.77227
[04/01/2024-15:04:08] [W] [TRT] Unknown embedded device detected. Using 59656MiB as the allocation cap for memory on embedded devices.
[04/01/2024-15:04:08] [V] [TRT] Tactic: 0x0000000000000002 Time: 3.17995
[04/01/2024-15:04:08] [V] [TRT] Tactic: 0x0000000000000004 skipped. Scratch requested: 3424158720, available: 2147483648
[04/01/2024-15:04:08] [W] [TRT] Unknown embedded device detected. Using 59656MiB as the allocation cap for memory on embedded devices.
[04/01/2024-15:04:08] [V] [TRT] Tactic: 0x0000000000000005 Time: 7.22135
[04/01/2024-15:04:08] [W] [TRT] Unknown embedded device detected. Using 59656MiB as the allocation cap for memory on embedded devices.
[04/01/2024-15:04:09] [V] [TRT] Tactic: 0x0000000000000006 Time: 1.20985
[04/01/2024-15:04:09] [W] [TRT] Unknown embedded device detected. Using 59656MiB as the allocation cap for memory on embedded devices.
[04/01/2024-15:04:09] [V] [TRT] Tactic: 0x0000000000000038 Time: 2.65772
[04/01/2024-15:04:09] [W] [TRT] Unknown embedded device detected. Using 59656MiB as the allocation cap for memory on embedded devices.
[04/01/2024-15:04:09] [V] [TRT] Tactic: 0x0000000000000039 Time: 0.76672
[04/01/2024-15:04:09] [W] [TRT] Unknown embedded device detected. Using 59656MiB as the allocation cap for memory on embedded devices.
[04/01/2024-15:04:09] [V] [TRT] Tactic: 0x000000000000003a Time: 3.20996
[04/01/2024-15:04:09] [V] [TRT] Tactic: 0x000000000000003c skipped. Scratch requested: 3424158720, available: 2147483648
[04/01/2024-15:04:09] [W] [TRT] Unknown embedded device detected. Using 59656MiB as the allocation cap for memory on embedded devices.
[04/01/2024-15:04:09] [V] [TRT] Tactic: 0x000000000000003d Time: 7.28358
[04/01/2024-15:04:09] [W] [TRT] Unknown embedded device detected. Using 59656MiB as the allocation cap for memory on embedded devices.
[04/01/2024-15:04:09] [V] [TRT] Tactic: 0x000000000000003e Time: 1.20859
[04/01/2024-15:04:09] [W] [TRT] Unknown embedded device detected. Using 59656MiB as the allocation cap for memory on embedded devices.
[04/01/2024-15:04:09] [V] [TRT] Tactic: 0x0000000000000070 Time: 2.65619
[04/01/2024-15:04:09] [W] [TRT] Unknown embedded device detected. Using 59656MiB as the allocation cap for memory on embedded devices.
[04/01/2024-15:04:09] [V] [TRT] Tactic: 0x0000000000000071 Time: 2.02869
[04/01/2024-15:04:09] [W] [TRT] Unknown embedded device detected. Using 59656MiB as the allocation cap for memory on embedded devices.
[04/01/2024-15:04:09] [V] [TRT] Tactic: 0x0000000000000072 Time: 3.15368
[04/01/2024-15:04:09] [V] [TRT] Tactic: 0x0000000000000074 skipped. Scratch requested: 3424158720, available: 2147483648
[04/01/2024-15:04:09] [W] [TRT] Unknown embedded device detected. Using 59656MiB as the allocation cap for memory on embedded devices.
[04/01/2024-15:04:09] [V] [TRT] Tactic: 0x0000000000000075 Time: 7.22025
[04/01/2024-15:04:09] [W] [TRT] Unknown embedded device detected. Using 59656MiB as the allocation cap for memory on embedded devices.
[04/01/2024-15:04:09] [V] [TRT] Tactic: 0x0000000000000076 Time: 1.20577
[04/01/2024-15:04:09] [I] [TRT] Some tactics do not have sufficient workspace memory to run. Increasing workspace size will enable more tactics, please check verbose output for requested sizes.
[04/01/2024-15:04:09] [V] [TRT] Fastest Tactic: 0x0000000000000039 Time: 0.76672
[04/01/2024-15:04:09] [V] [TRT] Setting workspace to 3424158720enables more tactics for profiling
[04/01/2024-15:04:09] [V] [TRT] --------------- Timing Runner: Conv_4 + Relu_5 (CaskGemmConvolution)
[04/01/2024-15:04:09] [V] [TRT] CaskGemmConvolution has no valid tactics for this config, skipping
[04/01/2024-15:04:09] [V] [TRT] --------------- Timing Runner: Conv_4 + Relu_5 (CaskConvolution)
[04/01/2024-15:04:09] [V] [TRT] Conv_4 + Relu_5 Set Tactic Name: ampere_scudnn_winograd_128x128_ldg1_ldg4_relu_tile148t_nt_v1 Tactic: 0x94119b4c514b211a
[04/01/2024-15:04:09] [W] [TRT] Unknown embedded device detected. Using 59656MiB as the allocation cap for memory on embedded devices.
[04/01/2024-15:04:09] [V] [TRT] Tactic: 0x94119b4c514b211a Time: 0.92368
[04/01/2024-15:04:09] [V] [TRT] Conv_4 + Relu_5 Set Tactic Name: ampere_scudnn_128x32_relu_small_nn_v1 Tactic: 0xa8609adc4e0ceb90
[04/01/2024-15:04:09] [W] [TRT] Unknown embedded device detected. Using 59656MiB as the allocation cap for memory on embedded devices.
[04/01/2024-15:04:09] [V] [TRT] Tactic: 0xa8609adc4e0ceb90 Time: 1.73275
[04/01/2024-15:04:09] [V] [TRT] Conv_4 + Relu_5 Set Tactic Name: ampere_scudnn_128x64_relu_xregs_large_nn_v1 Tactic: 0x5deb29b7a8e275f7
[04/01/2024-15:04:09] [W] [TRT] Unknown embedded device detected. Using 59656MiB as the allocation cap for memory on embedded devices.
[04/01/2024-15:04:09] [V] [TRT] Tactic: 0x5deb29b7a8e275f7 Time: 1.98267
[04/01/2024-15:04:09] [V] [TRT] Conv_4 + Relu_5 Set Tactic Name: ampere_scudnn_128x64_relu_medium_nn_v1 Tactic: 0xf64396b97c889179
[04/01/2024-15:04:09] [W] [TRT] Unknown embedded device detected. Using 59656MiB as the allocation cap for memory on embedded devices.
[04/01/2024-15:04:09] [V] [TRT] Tactic: 0xf64396b97c889179 Time: 2.10796
[04/01/2024-15:04:09] [V] [TRT] Conv_4 + Relu_5 Set Tactic Name: ampere_scudnn_128x128_relu_small_nn_v1 Tactic: 0x503619c69ae500ff
[04/01/2024-15:04:09] [W] [TRT] Unknown embedded device detected. Using 59656MiB as the allocation cap for memory on embedded devices.
[04/01/2024-15:04:09] [V] [TRT] Tactic: 0x503619c69ae500ff Time: 1.82139
[04/01/2024-15:04:09] [V] [TRT] Conv_4 + Relu_5 Set Tactic Name: ampere_scudnn_128x128_relu_xregs_large_nn_v1 Tactic: 0x5403ad713f811a18
[04/01/2024-15:04:09] [W] [TRT] Unknown embedded device detected. Using 59656MiB as the allocation cap for memory on embedded devices.
[04/01/2024-15:04:09] [V] [TRT] Tactic: 0x5403ad713f811a18 Time: 1.95863
[04/01/2024-15:04:09] [V] [TRT] Conv_4 + Relu_5 Set Tactic Name: ampere_scudnn_128x128_relu_medium_nn_v1 Tactic: 0xf067e6205da31c2e
[04/01/2024-15:04:09] [W] [TRT] Unknown embedded device detected. Using 59656MiB as the allocation cap for memory on embedded devices.
[04/01/2024-15:04:09] [V] [TRT] Tactic: 0xf067e6205da31c2e Time: 1.84799
[04/01/2024-15:04:09] [V] [TRT] Conv_4 + Relu_5 Set Tactic Name: sm80_xmma_fprop_implicit_gemm_indexed_f32f32_f32f32_f32_nchwkcrs_nchw_tilesize64x64x8_stage3_warpsize1x4x1_g1_ffma_aligna4_alignc4 Tactic: 0xd828f024626fa982
[04/01/2024-15:04:09] [W] [TRT] Unknown embedded device detected. Using 59656MiB as the allocation cap for memory on embedded devices.
[04/01/2024-15:04:09] [V] [TRT] Tactic: 0xd828f024626fa982 Time: 3.09072
[04/01/2024-15:04:09] [V] [TRT] Conv_4 + Relu_5 Set Tactic Name: sm80_xmma_fprop_implicit_gemm_f32f32_f32f32_f32_nchwkcrs_nchw_tilesize32x32x8_stage3_warpsize1x2x1_g1_ffma_aligna4_alignc4 Tactic: 0xb0bf940d5e0f9f45
[04/01/2024-15:04:09] [W] [TRT] Unknown embedded device detected. Using 59656MiB as the allocation cap for memory on embedded devices.
[04/01/2024-15:04:09] [V] [TRT] Tactic: 0xb0bf940d5e0f9f45 Time: 2.15646
[04/01/2024-15:04:09] [V] [TRT] Conv_4 + Relu_5 Set Tactic Name: ampere_scudnn_128x64_relu_small_nn_v1 Tactic: 0x3f243c490d502deb
[04/01/2024-15:04:09] [W] [TRT] Unknown embedded device detected. Using 59656MiB as the allocation cap for memory on embedded devices.
[04/01/2024-15:04:09] [V] [TRT] Tactic: 0x3f243c490d502deb Time: 2.0679
[04/01/2024-15:04:09] [V] [TRT] Conv_4 + Relu_5 Set Tactic Name: sm80_xmma_fprop_implicit_gemm_f32f32_f32f32_f32_nchwkcrs_nchw_tilesize64x128x8_stage3_warpsize1x4x1_g1_ffma_t1r3s3_aligna4_alignc4 Tactic: 0x01cf8ce2da913006
[04/01/2024-15:04:09] [W] [TRT] Unknown embedded device detected. Using 59656MiB as the allocation cap for memory on embedded devices.
[04/01/2024-15:04:09] [V] [TRT] Tactic: 0x01cf8ce2da913006 Time: 1.82472
[04/01/2024-15:04:09] [V] [TRT] Conv_4 + Relu_5 Set Tactic Name: sm80_xmma_fprop_implicit_gemm_indexed_f32f32_f32f32_f32_nchwkcrs_nchw_tilesize128x16x8_stage3_warpsize4x1x1_g1_ffma_aligna4_alignc4 Tactic: 0x40a12e3938221818
[04/01/2024-15:04:09] [W] [TRT] Unknown embedded device detected. Using 59656MiB as the allocation cap for memory on embedded devices.
[04/01/2024-15:04:09] [V] [TRT] Tactic: 0x40a12e3938221818 Time: 3.76894
[04/01/2024-15:04:09] [V] [TRT] Conv_4 + Relu_5 Set Tactic Name: sm80_xmma_fprop_implicit_gemm_f32f32_f32f32_f32_nchwkcrs_nchw_tilesize32x32x8_stage3_warpsize1x2x1_g1_ffma_t1r3s3_aligna4_alignc4 Tactic: 0x8ad32616b1424be4
[04/01/2024-15:04:09] [W] [TRT] Unknown embedded device detected. Using 59656MiB as the allocation cap for memory on embedded devices.
[04/01/2024-15:04:09] [V] [TRT] Tactic: 0x8ad32616b1424be4 Time: 2.11456
[04/01/2024-15:04:09] [V] [TRT] Conv_4 + Relu_5 Set Tactic Name: sm80_xmma_fprop_implicit_gemm_f32f32_f32f32_f32_nchwkcrs_nchw_tilesize256x128x8_stage3_warpsize4x2x1_g1_ffma_t1r3s3_aligna4_alignc4 Tactic: 0x4efce38acc876f5c
[04/01/2024-15:04:09] [W] [TRT] Unknown embedded device detected. Using 59656MiB as the allocation cap for memory on embedded devices.
[04/01/2024-15:04:09] [V] [TRT] Tactic: 0x4efce38acc876f5c Time: 1.70945
[04/01/2024-15:04:09] [V] [TRT] Conv_4 + Relu_5 Set Tactic Name: sm80_xmma_fprop_implicit_gemm_f32f32_f32f32_f32_nchwkcrs_nchw_tilesize128x16x8_stage3_warpsize4x1x1_g1_ffma_aligna4_alignc4 Tactic: 0x9d9fdb5fd9945f64
[04/01/2024-15:04:09] [W] [TRT] Unknown embedded device detected. Using 59656MiB as the allocation cap for memory on embedded devices.
[04/01/2024-15:04:09] [V] [TRT] Tactic: 0x9d9fdb5fd9945f64 Time: 2.16907
[04/01/2024-15:04:09] [V] [TRT] Conv_4 + Relu_5 Set Tactic Name: sm80_xmma_fprop_implicit_gemm_f32f32_f32f32_f32_nchwkcrs_nchw_tilesize64x64x8_stage3_warpsize1x4x1_g1_ffma_aligna4_alignc4 Tactic: 0xa31d27de74b895ff
[04/01/2024-15:04:09] [W] [TRT] Unknown embedded device detected. Using 59656MiB as the allocation cap for memory on embedded devices.
[04/01/2024-15:04:09] [V] [TRT] Tactic: 0xa31d27de74b895ff Time: 2.12874
[04/01/2024-15:04:09] [V] [TRT] Conv_4 + Relu_5 Set Tactic Name: sm80_xmma_fprop_implicit_gemm_f32f32_f32f32_f32_nchwkcrs_nchw_tilesize64x128x8_stage3_warpsize1x4x1_g1_ffma_aligna4_alignc4 Tactic: 0x5aa723e0481da855
[04/01/2024-15:04:09] [W] [TRT] Unknown embedded device detected. Using 59656MiB as the allocation cap for memory on embedded devices.
[04/01/2024-15:04:09] [V] [TRT] Tactic: 0x5aa723e0481da855 Time: 1.82371
[04/01/2024-15:04:09] [V] [TRT] Conv_4 + Relu_5 Set Tactic Name: sm80_xmma_fprop_implicit_gemm_indexed_f32f32_f32f32_f32_nchwkcrs_nchw_tilesize32x32x8_stage3_warpsize1x2x1_g1_ffma_aligna4_alignc4 Tactic: 0xcb8a43f748d8a338
[04/01/2024-15:04:09] [W] [TRT] Unknown embedded device detected. Using 59656MiB as the allocation cap for memory on embedded devices.
[04/01/2024-15:04:09] [V] [TRT] Tactic: 0xcb8a43f748d8a338 Time: 3.06245
[04/01/2024-15:04:09] [V] [TRT] Conv_4 + Relu_5 Set Tactic Name: sm80_xmma_fprop_implicit_gemm_f32f32_f32f32_f32_nchwkcrs_nchw_tilesize256x128x8_stage3_warpsize4x2x1_g1_ffma_aligna4_alignc4 Tactic: 0xbb8c3889c7eacd30
[04/01/2024-15:04:09] [W] [TRT] Unknown embedded device detected. Using 59656MiB as the allocation cap for memory on embedded devices.
[04/01/2024-15:04:09] [V] [TRT] Tactic: 0xbb8c3889c7eacd30 Time: 1.75373
[04/01/2024-15:04:09] [V] [TRT] Conv_4 + Relu_5 Set Tactic Name: sm80_xmma_fprop_implicit_gemm_indexed_f32f32_f32f32_f32_nchwkcrs_nchw_tilesize128x32x8_stage3_warpsize2x2x1_g1_ffma_aligna4_alignc4 Tactic: 0xa9366041633a5135
[04/01/2024-15:04:09] [W] [TRT] Unknown embedded device detected. Using 59656MiB as the allocation cap for memory on embedded devices.
[04/01/2024-15:04:09] [V] [TRT] Tactic: 0xa9366041633a5135 Time: 3.08535
[04/01/2024-15:04:09] [V] [TRT] Conv_4 + Relu_5 Set Tactic Name: sm80_xmma_fprop_implicit_gemm_f32f32_f32f32_f32_nchwkcrs_nchw_tilesize64x64x8_stage3_warpsize1x4x1_g1_ffma_t1r3s3_aligna4_alignc4 Tactic: 0x4727434768e46395
[04/01/2024-15:04:09] [W] [TRT] Unknown embedded device detected. Using 59656MiB as the allocation cap for memory on embedded devices.
[04/01/2024-15:04:09] [V] [TRT] Tactic: 0x4727434768e46395 Time: 2.10905
[04/01/2024-15:04:09] [V] [TRT] Conv_4 + Relu_5 Set Tactic Name: sm80_xmma_fprop_implicit_gemm_f32f32_f32f32_f32_nchwkcrs_nchw_tilesize128x64x8_stage3_warpsize2x2x1_g1_ffma_aligna4_alignc4 Tactic: 0x12dbf7d94ee3696d
[04/01/2024-15:04:09] [W] [TRT] Unknown embedded device detected. Using 59656MiB as the allocation cap for memory on embedded devices.
[04/01/2024-15:04:09] [V] [TRT] Tactic: 0x12dbf7d94ee3696d Time: 1.9844
[04/01/2024-15:04:09] [V] [TRT] Fastest Tactic: 0x94119b4c514b211a Time: 0.92368
[04/01/2024-15:04:09] [V] [TRT] --------------- Timing Runner: Conv_4 + Relu_5 (CaskFlattenConvolution)
[04/01/2024-15:04:09] [V] [TRT] CaskFlattenConvolution has no valid tactics for this config, skipping
[04/01/2024-15:04:09] [V] [TRT] >>>>>>>>>>>>>>> Chose Runner Type: CudnnConvolution Tactic: 0x0000000000000039
[04/01/2024-15:04:09] [V] [TRT] *************** Autotuning format combination: Float(2592000,1,14400,80) -> Float(2592000,1,14400,80) ***************
[04/01/2024-15:04:09] [V] [TRT] --------------- Timing Runner: Conv_4 + Relu_5 (CaskConvolution)
[04/01/2024-15:04:09] [V] [TRT] Conv_4 + Relu_5 Set Tactic Name: ampere_scudnn_128x128_relu_exp_medium_nhwc_tn_v1 Tactic: 0xd9031472c05adf51
[04/01/2024-15:04:09] [W] [TRT] Unknown embedded device detected. Using 59656MiB as the allocation cap for memory on embedded devices.
[04/01/2024-15:04:09] [V] [TRT] Tactic: 0xd9031472c05adf51 Time: 1.83979
[04/01/2024-15:04:09] [V] [TRT] Conv_4 + Relu_5 Set Tactic Name: ampere_scudnn_128x64_sliced1x2_ldg4_relu_exp_small_nhwc_tn_v1 Tactic: 0x27b316f52c109002
[04/01/2024-15:04:09] [W] [TRT] Unknown embedded device detected. Using 59656MiB as the allocation cap for memory on embedded devices.
[04/01/2024-15:04:09] [V] [TRT] Tactic: 0x27b316f52c109002 Time: 2.04136
[04/01/2024-15:04:09] [V] [TRT] Conv_4 + Relu_5 Set Tactic Name: ampere_scudnn_128x64_sliced1x2_ldg4_relu_exp_medium_nhwc_tn_v1 Tactic: 0x412c44dfeaf9161d
[04/01/2024-15:04:09] [W] [TRT] Unknown embedded device detected. Using 59656MiB as the allocation cap for memory on embedded devices.
[04/01/2024-15:04:09] [V] [TRT] Tactic: 0x412c44dfeaf9161d Time: 2.05368
[04/01/2024-15:04:09] [V] [TRT] Conv_4 + Relu_5 Set Tactic Name: ampere_scudnn_128x32_sliced1x4_ldg4_relu_exp_small_nhwc_tn_v1 Tactic: 0x3e2b881168d9689d
[04/01/2024-15:04:09] [W] [TRT] Unknown embedded device detected. Using 59656MiB as the allocation cap for memory on embedded devices.
[04/01/2024-15:04:09] [V] [TRT] Tactic: 0x3e2b881168d9689d Time: 1.93072
[04/01/2024-15:04:09] [V] [TRT] Conv_4 + Relu_5 Set Tactic Name: ampere_scudnn_128x64_sliced1x2_ldg4_relu_exp_large_nhwc_tn_v1 Tactic: 0xbdfdef6b84f7ccc9
[04/01/2024-15:04:09] [W] [TRT] Unknown embedded device detected. Using 59656MiB as the allocation cap for memory on embedded devices.
[04/01/2024-15:04:09] [V] [TRT] Tactic: 0xbdfdef6b84f7ccc9 Time: 2.02707
[04/01/2024-15:04:09] [V] [TRT] Conv_4 + Relu_5 Set Tactic Name: ampere_scudnn_128x128_ldg4_relu_exp_small_nhwc_tn_v1 Tactic: 0xf90060ce8193b811
[04/01/2024-15:04:09] [W] [TRT] Unknown embedded device detected. Using 59656MiB as the allocation cap for memory on embedded devices.
[04/01/2024-15:04:09] [V] [TRT] Tactic: 0xf90060ce8193b811 Time: 1.76933
[04/01/2024-15:04:09] [V] [TRT] Conv_4 + Relu_5 Set Tactic Name: ampere_scudnn_128x128_ldg4_relu_exp_medium_nhwc_tn_v1 Tactic: 0x7bc32c782b800c48
[04/01/2024-15:04:09] [W] [TRT] Unknown embedded device detected. Using 59656MiB as the allocation cap for memory on embedded devices.
[04/01/2024-15:04:10] [V] [TRT] Tactic: 0x7bc32c782b800c48 Time: 1.77118
[04/01/2024-15:04:10] [V] [TRT] Conv_4 + Relu_5 Set Tactic Name: ampere_scudnn_128x32_sliced1x4_ldg4_relu_exp_medium_nhwc_tn_v1 Tactic: 0x3e191488237fab8f
[04/01/2024-15:04:10] [W] [TRT] Unknown embedded device detected. Using 59656MiB as the allocation cap for memory on embedded devices.
[04/01/2024-15:04:10] [V] [TRT] Tactic: 0x3e191488237fab8f Time: 1.9432
[04/01/2024-15:04:10] [V] [TRT] Conv_4 + Relu_5 Set Tactic Name: sm80_xmma_fprop_implicit_gemm_indexed_f32f32_f32f32_f32_nhwckrsc_nhwc_tilesize32x32x8_stage3_warpsize1x2x1_g1_ffma_aligna4_alignc4 Tactic: 0x0a143be7a52f301a
[04/01/2024-15:04:10] [W] [TRT] Unknown embedded device detected. Using 59656MiB as the allocation cap for memory on embedded devices.
[04/01/2024-15:04:10] [V] [TRT] Tactic: 0x0a143be7a52f301a Time: 2.24923
[04/01/2024-15:04:10] [V] [TRT] Conv_4 + Relu_5 Set Tactic Name: ampere_scudnn_128x128_relu_exp_large_nhwc_tn_v1 Tactic: 0xca7eeb8d9143d738
[04/01/2024-15:04:10] [W] [TRT] Unknown embedded device detected. Using 59656MiB as the allocation cap for memory on embedded devices.
[04/01/2024-15:04:10] [V] [TRT] Tactic: 0xca7eeb8d9143d738 Time: 1.84429
[04/01/2024-15:04:10] [V] [TRT] Conv_4 + Relu_5 Set Tactic Name: ampere_scudnn_128x128_ldg4_relu_exp_large_nhwc_tn_v1 Tactic: 0x634e99502974e4da
[04/01/2024-15:04:10] [W] [TRT] Unknown embedded device detected. Using 59656MiB as the allocation cap for memory on embedded devices.
[04/01/2024-15:04:10] [V] [TRT] Tactic: 0x634e99502974e4da Time: 1.78204
[04/01/2024-15:04:10] [V] [TRT] Conv_4 + Relu_5 Set Tactic Name: sm80_xmma_fprop_implicit_gemm_f32f32_f32f32_f32_nhwckrsc_nhwc_tilesize32x32x8_stage3_warpsize1x2x1_g1_ffma_aligna4_alignc4 Tactic: 0x7121ec1db3f80c67
[04/01/2024-15:04:10] [W] [TRT] Unknown embedded device detected. Using 59656MiB as the allocation cap for memory on embedded devices.
[04/01/2024-15:04:10] [V] [TRT] Tactic: 0x7121ec1db3f80c67 Time: 2.012
[04/01/2024-15:04:10] [V] [TRT] Conv_4 + Relu_5 Set Tactic Name: sm80_xmma_fprop_implicit_gemm_indexed_f32f32_f32f32_f32_nhwckrsc_nhwc_tilesize128x32x8_stage3_warpsize2x2x1_g1_ffma_aligna4_alignc4 Tactic: 0xa6448a1e79f1ca6f
[04/01/2024-15:04:10] [W] [TRT] Unknown embedded device detected. Using 59656MiB as the allocation cap for memory on embedded devices.
[04/01/2024-15:04:10] [V] [TRT] Tactic: 0xa6448a1e79f1ca6f Time: 1.79924
[04/01/2024-15:04:10] [V] [TRT] Conv_4 + Relu_5 Set Tactic Name: sm80_xmma_fprop_implicit_gemm_f32f32_f32f32_f32_nhwckrsc_nhwc_tilesize64x256x8_stage3_warpsize1x4x1_g1_ffma_t1r3s3_aligna4_alignc4 Tactic: 0x3f0c846d6379bc98
[04/01/2024-15:04:10] [W] [TRT] Unknown embedded device detected. Using 59656MiB as the allocation cap for memory on embedded devices.
[04/01/2024-15:04:10] [V] [TRT] Tactic: 0x3f0c846d6379bc98 Time: 3.22992
[04/01/2024-15:04:10] [V] [TRT] Conv_4 + Relu_5 Set Tactic Name: sm80_xmma_fprop_implicit_gemm_indexed_f32f32_f32f32_f32_nhwckrsc_nhwc_tilesize128x16x8_stage3_warpsize4x1x1_g1_ffma_aligna4_alignc4 Tactic: 0x4fd3c46622e98342
[04/01/2024-15:04:10] [W] [TRT] Unknown embedded device detected. Using 59656MiB as the allocation cap for memory on embedded devices.
[04/01/2024-15:04:10] [V] [TRT] Tactic: 0x4fd3c46622e98342 Time: 2.21698
[04/01/2024-15:04:10] [V] [TRT] Conv_4 + Relu_5 Set Tactic Name: sm80_xmma_fprop_implicit_gemm_indexed_f32f32_f32f32_f32_nhwckrsc_nhwc_tilesize64x64x8_stage3_warpsize1x4x1_g1_ffma_aligna4_alignc4 Tactic: 0x19b688348f983aa0
[04/01/2024-15:04:10] [W] [TRT] Unknown embedded device detected. Using 59656MiB as the allocation cap for memory on embedded devices.
[04/01/2024-15:04:10] [V] [TRT] Tactic: 0x19b688348f983aa0 Time: 2.0971
[04/01/2024-15:04:10] [V] [TRT] Conv_4 + Relu_5 Set Tactic Name: sm80_xmma_fprop_implicit_gemm_f32f32_f32f32_f32_nhwckrsc_nhwc_tilesize32x32x8_stage3_warpsize1x2x1_g1_ffma_t1r3s3_aligna4_alignc4 Tactic: 0x5953bec563d26434
[04/01/2024-15:04:10] [W] [TRT] Unknown embedded device detected. Using 59656MiB as the allocation cap for memory on embedded devices.
[04/01/2024-15:04:10] [V] [TRT] Tactic: 0x5953bec563d26434 Time: 2.11205
[04/01/2024-15:04:10] [V] [TRT] Conv_4 + Relu_5 Set Tactic Name: sm80_xmma_fprop_implicit_gemm_f32f32_f32f32_f32_nhwckrsc_nhwc_tilesize256x64x8_stage3_warpsize2x2x1_g1_ffma_aligna4_alignc4 Tactic: 0x8014228ec08b4d49
[04/01/2024-15:04:10] [W] [TRT] Unknown embedded device detected. Using 59656MiB as the allocation cap for memory on embedded devices.
[04/01/2024-15:04:10] [V] [TRT] Tactic: 0x8014228ec08b4d49 Time: 1.63119
[04/01/2024-15:04:10] [V] [TRT] Conv_4 + Relu_5 Set Tactic Name: sm80_xmma_fprop_implicit_gemm_f32f32_f32f32_f32_nhwckrsc_nhwc_tilesize128x16x8_stage3_warpsize4x1x1_g1_ffma_t1r3s3_aligna4_alignc4 Tactic: 0x32059de4888dfdda
[04/01/2024-15:04:10] [W] [TRT] Unknown embedded device detected. Using 59656MiB as the allocation cap for memory on embedded devices.
[04/01/2024-15:04:10] [V] [TRT] Tactic: 0x32059de4888dfdda Time: 1.92065
[04/01/2024-15:04:10] [V] [TRT] Conv_4 + Relu_5 Set Tactic Name: sm80_xmma_fprop_implicit_gemm_f32f32_f32f32_f32_nhwckrsc_nhwc_tilesize64x128x8_stage3_warpsize1x4x1_g1_ffma_t1r3s3_aligna4_alignc4 Tactic: 0xd15dd11d64344e83
[04/01/2024-15:04:10] [W] [TRT] Unknown embedded device detected. Using 59656MiB as the allocation cap for memory on embedded devices.
[04/01/2024-15:04:10] [V] [TRT] Tactic: 0xd15dd11d64344e83 Time: 1.64889
[04/01/2024-15:04:10] [V] [TRT] Conv_4 + Relu_5 Set Tactic Name: ampere_scudnn_128x128_relu_exp_small_nhwc_tn_v1 Tactic: 0x5030121339a48bf3
[04/01/2024-15:04:10] [W] [TRT] Unknown embedded device detected. Using 59656MiB as the allocation cap for memory on embedded devices.
[04/01/2024-15:04:10] [V] [TRT] Tactic: 0x5030121339a48bf3 Time: 1.81507
[04/01/2024-15:04:10] [V] [TRT] Conv_4 + Relu_5 Set Tactic Name: sm80_xmma_fprop_implicit_gemm_f32f32_f32f32_f32_nhwckrsc_nhwc_tilesize128x64x8_stage3_warpsize2x2x1_g1_ffma_t1r3s3_aligna4_alignc4 Tactic: 0xf48db81f02eca9ee
[04/01/2024-15:04:10] [W] [TRT] Unknown embedded device detected. Using 59656MiB as the allocation cap for memory on embedded devices.
[04/01/2024-15:04:10] [V] [TRT] Tactic: 0xf48db81f02eca9ee Time: 1.65866
[04/01/2024-15:04:10] [V] [TRT] Conv_4 + Relu_5 Set Tactic Name: sm80_xmma_fprop_implicit_gemm_f32f32_f32f32_f32_nhwckrsc_nhwc_tilesize128x16x8_stage3_warpsize4x1x1_g1_ffma_aligna4_alignc4 Tactic: 0x92ed3100c35fc43e
[04/01/2024-15:04:10] [W] [TRT] Unknown embedded device detected. Using 59656MiB as the allocation cap for memory on embedded devices.
[04/01/2024-15:04:10] [V] [TRT] Tactic: 0x92ed3100c35fc43e Time: 1.83164
[04/01/2024-15:04:10] [V] [TRT] Conv_4 + Relu_5 Set Tactic Name: sm80_xmma_fprop_implicit_gemm_f32f32_f32f32_f32_nhwckrsc_nhwc_tilesize128x64x8_stage3_warpsize2x2x1_g1_ffma_aligna4_alignc4 Tactic: 0x1da91d865428f237
[04/01/2024-15:04:10] [W] [TRT] Unknown embedded device detected. Using 59656MiB as the allocation cap for memory on embedded devices.
[04/01/2024-15:04:10] [V] [TRT] Tactic: 0x1da91d865428f237 Time: 1.66551
[04/01/2024-15:04:10] [V] [TRT] Conv_4 + Relu_5 Set Tactic Name: sm80_xmma_fprop_implicit_gemm_f32f32_f32f32_f32_nhwckrsc_nhwc_tilesize64x64x8_stage3_warpsize1x4x1_g1_ffma_aligna4_alignc4 Tactic: 0x62835fce994f06dd
[04/01/2024-15:04:10] [W] [TRT] Unknown embedded device detected. Using 59656MiB as the allocation cap for memory on embedded devices.
[04/01/2024-15:04:10] [V] [TRT] Tactic: 0x62835fce994f06dd Time: 1.82548
[04/01/2024-15:04:10] [V] [TRT] Conv_4 + Relu_5 Set Tactic Name: sm80_xmma_fprop_implicit_gemm_f32f32_f32f32_f32_nhwckrsc_nhwc_tilesize64x64x8_stage3_warpsize1x4x1_g1_ffma_t1r3s3_aligna4_alignc4 Tactic: 0x94a7db94ba744c45
[04/01/2024-15:04:10] [W] [TRT] Unknown embedded device detected. Using 59656MiB as the allocation cap for memory on embedded devices.
[04/01/2024-15:04:10] [V] [TRT] Tactic: 0x94a7db94ba744c45 Time: 1.79528
[04/01/2024-15:04:10] [V] [TRT] Fastest Tactic: 0x8014228ec08b4d49 Time: 1.63119
[04/01/2024-15:04:10] [V] [TRT] --------------- Timing Runner: Conv_4 + Relu_5 (CaskFlattenConvolution)
[04/01/2024-15:04:10] [V] [TRT] CaskFlattenConvolution has no valid tactics for this config, skipping
[04/01/2024-15:04:10] [V] [TRT] >>>>>>>>>>>>>>> Chose Runner Type: CaskConvolution Tactic: 0x8014228ec08b4d49
[04/01/2024-15:04:10] [V] [TRT] *************** Autotuning format combination: Float(648000,1:4,3600,20) -> Float(648000,1:4,3600,20) ***************
[04/01/2024-15:04:10] [V] [TRT] --------------- Timing Runner: Conv_4 + Relu_5 (CudaDepthwiseConvolution)
[04/01/2024-15:04:10] [V] [TRT] CudaDepthwiseConvolution has no valid tactics for this config, skipping
[04/01/2024-15:04:10] [V] [TRT] --------------- Timing Runner: Conv_4 + Relu_5 (CaskGemmConvolution)
[04/01/2024-15:04:10] [V] [TRT] CaskGemmConvolution has no valid tactics for this config, skipping
[04/01/2024-15:04:10] [V] [TRT] --------------- Timing Runner: Conv_4 + Relu_5 (CaskConvolution)
[04/01/2024-15:04:10] [V] [TRT] Conv_4 + Relu_5 Set Tactic Name: sm80_xmma_fprop_implicit_gemm_f32f32_tf32f32_f32_nhwckrsc_nhwc_tilesize128x256x32_stage3_warpsize2x4x1_g1_tensor16x8x8 Tactic: 0x998c97842e775a17
[04/01/2024-15:04:10] [W] [TRT] Unknown embedded device detected. Using 59656MiB as the allocation cap for memory on embedded devices.
[04/01/2024-15:04:10] [V] [TRT] Tactic: 0x998c97842e775a17 Time: 0.872146
[04/01/2024-15:04:10] [V] [TRT] Conv_4 + Relu_5 Set Tactic Name: sm80_xmma_fprop_implicit_gemm_f32f32_tf32f32_f32_nhwckrsc_nhwc_tilesize128x256x32_stage3_warpsize2x4x1_g1_tensor16x8x8_t1r3s3 Tactic: 0x614e89f7852edbc3
[04/01/2024-15:04:10] [W] [TRT] Unknown embedded device detected. Using 59656MiB as the allocation cap for memory on embedded devices.
[04/01/2024-15:04:10] [V] [TRT] Tactic: 0x614e89f7852edbc3 Time: 0.837998
[04/01/2024-15:04:10] [V] [TRT] Conv_4 + Relu_5 Set Tactic Name: sm80_xmma_fprop_implicit_gemm_f32f32_tf32f32_f32_nhwckrsc_nhwc_tilesize64x32x64_stage5_warpsize2x2x1_g1_tensor16x8x8_t1r3s3 Tactic: 0x679a281f7660c436
[04/01/2024-15:04:10] [W] [TRT] Unknown embedded device detected. Using 59656MiB as the allocation cap for memory on embedded devices.
[04/01/2024-15:04:10] [V] [TRT] Tactic: 0x679a281f7660c436 Time: 1.29517
[04/01/2024-15:04:10] [V] [TRT] Conv_4 + Relu_5 Set Tactic Name: sm80_xmma_fprop_implicit_gemm_indexed_f32f32_tf32f32_f32_nhwckrsc_nhwc_tilesize64x32x64_stage5_warpsize2x2x1_g1_tensor16x8x8 Tactic: 0xd7f5d575d49a4bc7
[04/01/2024-15:04:10] [W] [TRT] Unknown embedded device detected. Using 59656MiB as the allocation cap for memory on embedded devices.
[04/01/2024-15:04:10] [V] [TRT] Tactic: 0xd7f5d575d49a4bc7 Time: 1.52485
[04/01/2024-15:04:10] [V] [TRT] Conv_4 + Relu_5 Set Tactic Name: sm80_xmma_fprop_implicit_gemm_indexed_f32f32_tf32f32_f32_nhwckrsc_nhwc_tilesize256x128x32_stage3_warpsize4x2x1_g1_tensor16x8x8 Tactic: 0x36303f399d3ee4fd
[04/01/2024-15:04:10] [W] [TRT] Unknown embedded device detected. Using 59656MiB as the allocation cap for memory on embedded devices.
[04/01/2024-15:04:10] [V] [TRT] Tactic: 0x36303f399d3ee4fd Time: 0.598053
[04/01/2024-15:04:10] [V] [TRT] Conv_4 + Relu_5 Set Tactic Name: sm80_xmma_fprop_implicit_gemm_indexed_f32f32_tf32f32_f32_nhwckrsc_nhwc_tilesize64x64x64_stage4_warpsize2x2x1_g1_tensor16x8x8 Tactic: 0x385bfab9332b1413
[04/01/2024-15:04:10] [W] [TRT] Unknown embedded device detected. Using 59656MiB as the allocation cap for memory on embedded devices.
[04/01/2024-15:04:10] [V] [TRT] Tactic: 0x385bfab9332b1413 Time: 1.28472
[04/01/2024-15:04:10] [V] [TRT] Conv_4 + Relu_5 Set Tactic Name: sm80_xmma_fprop_implicit_gemm_indexed_f32f32_tf32f32_f32_nhwckrsc_nhwc_tilesize128x128x16_stage4_warpsize2x2x1_g1_tensor16x8x8 Tactic: 0x65e41d81f093b482
[04/01/2024-15:04:10] [W] [TRT] Unknown embedded device detected. Using 59656MiB as the allocation cap for memory on embedded devices.
[04/01/2024-15:04:10] [V] [TRT] Tactic: 0x65e41d81f093b482 Time: 0.441495
[04/01/2024-15:04:10] [V] [TRT] Conv_4 + Relu_5 Set Tactic Name: sm80_xmma_fprop_implicit_gemm_f32f32_tf32f32_f32_nhwckrsc_nhwc_tilesize128x64x32_stage5_warpsize2x2x1_g1_tensor16x8x8 Tactic: 0x6716429226d146f7
[04/01/2024-15:04:10] [W] [TRT] Unknown embedded device detected. Using 59656MiB as the allocation cap for memory on embedded devices.
[04/01/2024-15:04:10] [V] [TRT] Tactic: 0x6716429226d146f7 Time: 0.698126
[04/01/2024-15:04:10] [V] [TRT] Conv_4 + Relu_5 Set Tactic Name: sm80_xmma_fprop_implicit_gemm_indexed_f32f32_tf32f32_f32_nhwckrsc_nhwc_tilesize256x64x32_stage3_warpsize4x2x1_g1_tensor16x8x8 Tactic: 0xba0185279ccb2b85
[04/01/2024-15:04:10] [W] [TRT] Unknown embedded device detected. Using 59656MiB as the allocation cap for memory on embedded devices.
[04/01/2024-15:04:10] [V] [TRT] Tactic: 0xba0185279ccb2b85 Time: 0.653477
[04/01/2024-15:04:10] [V] [TRT] Conv_4 + Relu_5 Set Tactic Name: sm80_xmma_fprop_implicit_gemm_indexed_f32f32_tf32f32_f32_nhwckrsc_nhwc_tilesize64x128x32_stage5_warpsize2x2x1_g1_tensor16x8x8 Tactic: 0x112d7e4d280f396d
[04/01/2024-15:04:10] [W] [TRT] Unknown embedded device detected. Using 59656MiB as the allocation cap for memory on embedded devices.
[04/01/2024-15:04:10] [V] [TRT] Tactic: 0x112d7e4d280f396d Time: 0.726167
[04/01/2024-15:04:10] [V] [TRT] Conv_4 + Relu_5 Set Tactic Name: sm80_xmma_fprop_implicit_gemm_indexed_f32f32_tf32f32_f32_nhwckrsc_nhwc_tilesize128x64x64_stage3_warpsize2x2x1_g1_tensor16x8x8 Tactic: 0xb47d7d926de02dee
[04/01/2024-15:04:10] [W] [TRT] Unknown embedded device detected. Using 59656MiB as the allocation cap for memory on embedded devices.
[04/01/2024-15:04:10] [V] [TRT] Tactic: 0xb47d7d926de02dee Time: 0.941861
[04/01/2024-15:04:10] [V] [TRT] Conv_4 + Relu_5 Set Tactic Name: sm80_xmma_fprop_implicit_gemm_indexed_f32f32_tf32f32_f32_nhwckrsc_nhwc_tilesize128x256x32_stage3_warpsize2x4x1_g1_tensor16x8x8 Tactic: 0x482b48242255b8ce
[04/01/2024-15:04:10] [W] [TRT] Unknown embedded device detected. Using 59656MiB as the allocation cap for memory on embedded devices.
[04/01/2024-15:04:10] [V] [TRT] Tactic: 0x482b48242255b8ce Time: 0.856992
[04/01/2024-15:04:10] [V] [TRT] Conv_4 + Relu_5 Set Tactic Name: sm80_xmma_fprop_implicit_gemm_indexed_f32f32_tf32f32_f32_nhwckrsc_nhwc_tilesize128x128x32_stage4_warpsize2x2x1_g1_tensor16x8x8 Tactic: 0xf4156675c5f728d4
[04/01/2024-15:04:10] [W] [TRT] Unknown embedded device detected. Using 59656MiB as the allocation cap for memory on embedded devices.
[04/01/2024-15:04:10] [V] [TRT] Tactic: 0xf4156675c5f728d4 Time: 0.818875
[04/01/2024-15:04:10] [V] [TRT] Conv_4 + Relu_5 Set Tactic Name: sm80_xmma_fprop_implicit_gemm_f32f32_tf32f32_f32_nhwckrsc_nhwc_tilesize128x64x64_stage3_warpsize2x2x1_g1_tensor16x8x8 Tactic: 0xc0a715d897e240bb
[04/01/2024-15:04:10] [W] [TRT] Unknown embedded device detected. Using 59656MiB as the allocation cap for memory on embedded devices.
[04/01/2024-15:04:10] [V] [TRT] Tactic: 0xc0a715d897e240bb Time: 0.915099
[04/01/2024-15:04:10] [V] [TRT] Conv_4 + Relu_5 Set Tactic Name: sm80_xmma_fprop_implicit_gemm_f32f32_tf32f32_f32_nhwckrsc_nhwc_tilesize64x128x32_stage5_warpsize2x2x1_g1_tensor16x8x8_t1r3s3 Tactic: 0xd4428a7355769d7d
[04/01/2024-15:04:10] [W] [TRT] Unknown embedded device detected. Using 59656MiB as the allocation cap for memory on embedded devices.
[04/01/2024-15:04:10] [V] [TRT] Tactic: 0xd4428a7355769d7d Time: 0.65365
[04/01/2024-15:04:10] [V] [TRT] Conv_4 + Relu_5 Set Tactic Name: sm80_xmma_fprop_implicit_gemm_f32f32_tf32f32_f32_nhwckrsc_nhwc_tilesize64x32x64_stage5_warpsize2x2x1_g1_tensor16x8x8 Tactic: 0x6e2a3c7a7fc5e4e1
[04/01/2024-15:04:10] [W] [TRT] Unknown embedded device detected. Using 59656MiB as the allocation cap for memory on embedded devices.
[04/01/2024-15:04:10] [V] [TRT] Tactic: 0x6e2a3c7a7fc5e4e1 Time: 1.34079
[04/01/2024-15:04:10] [V] [TRT] Conv_4 + Relu_5 Set Tactic Name: sm80_xmma_fprop_implicit_gemm_f32f32_tf32f32_f32_nhwckrsc_nhwc_tilesize128x128x16_stage4_warpsize2x2x1_g1_tensor16x8x8_t1r3s3 Tactic: 0x999e005e3b016ea6
[04/01/2024-15:04:10] [W] [TRT] Unknown embedded device detected. Using 59656MiB as the allocation cap for memory on embedded devices.
[04/01/2024-15:04:10] [V] [TRT] Tactic: 0x999e005e3b016ea6 Time: 0.415058
[04/01/2024-15:04:10] [V] [TRT] Conv_4 + Relu_5 Set Tactic Name: sm80_xmma_fprop_implicit_gemm_f32f32_tf32f32_f32_nhwckrsc_nhwc_tilesize128x64x64_stage3_warpsize2x2x1_g1_tensor16x8x8_t1r3s3 Tactic: 0xeb65d4c1e8fa2294
[04/01/2024-15:04:10] [W] [TRT] Unknown embedded device detected. Using 59656MiB as the allocation cap for memory on embedded devices.
[04/01/2024-15:04:10] [V] [TRT] Tactic: 0xeb65d4c1e8fa2294 Time: 0.866519
[04/01/2024-15:04:10] [V] [TRT] Conv_4 + Relu_5 Set Tactic Name: sm80_xmma_fprop_implicit_gemm_f32f32_tf32f32_f32_nhwckrsc_nhwc_tilesize256x64x32_stage3_warpsize4x2x1_g1_tensor16x8x8 Tactic: 0xcedbed6d66c946d0
[04/01/2024-15:04:10] [W] [TRT] Unknown embedded device detected. Using 59656MiB as the allocation cap for memory on embedded devices.
[04/01/2024-15:04:10] [V] [TRT] Tactic: 0xcedbed6d66c946d0 Time: 0.590231
[04/01/2024-15:04:10] [V] [TRT] Conv_4 + Relu_5 Set Tactic Name: sm80_xmma_fprop_implicit_gemm_f32f32_tf32f32_f32_nhwckrsc_nhwc_tilesize256x128x32_stage3_warpsize4x2x1_g1_tensor16x8x8 Tactic: 0xe797e099911c0624
[04/01/2024-15:04:10] [W] [TRT] Unknown embedded device detected. Using 59656MiB as the allocation cap for memory on embedded devices.
[04/01/2024-15:04:10] [V] [TRT] Tactic: 0xe797e099911c0624 Time: 0.496302
[04/01/2024-15:04:10] [V] [TRT] Conv_4 + Relu_5 Set Tactic Name: sm80_xmma_fprop_implicit_gemm_f32f32_tf32f32_f32_nhwckrsc_nhwc_tilesize128x128x32_stage4_warpsize2x2x1_g1_tensor16x8x8 Tactic: 0x25b2b9d5c9d5ca0d
[04/01/2024-15:04:10] [W] [TRT] Unknown embedded device detected. Using 59656MiB as the allocation cap for memory on embedded devices.
[04/01/2024-15:04:10] [V] [TRT] Tactic: 0x25b2b9d5c9d5ca0d Time: 0.513536
[04/01/2024-15:04:10] [V] [TRT] Conv_4 + Relu_5 Set Tactic Name: sm80_xmma_fprop_implicit_gemm_indexed_f32f32_tf32f32_f32_nhwckrsc_nhwc_tilesize128x64x32_stage5_warpsize2x2x1_g1_tensor16x8x8 Tactic: 0x13cc2ad8dcd32ba2
[04/01/2024-15:04:10] [W] [TRT] Unknown embedded device detected. Using 59656MiB as the allocation cap for memory on embedded devices.
[04/01/2024-15:04:10] [V] [TRT] Tactic: 0x13cc2ad8dcd32ba2 Time: 0.778651
[04/01/2024-15:04:10] [V] [TRT] Conv_4 + Relu_5 Set Tactic Name: sm80_xmma_fprop_implicit_gemm_f32f32_tf32f32_f32_nhwckrsc_nhwc_tilesize128x64x32_stage5_warpsize2x2x1_g1_tensor16x8x8_t1r3s3 Tactic: 0x7aa21282feb15f1a
[04/01/2024-15:04:10] [W] [TRT] Unknown embedded device detected. Using 59656MiB as the allocation cap for memory on embedded devices.
[04/01/2024-15:04:10] [V] [TRT] Tactic: 0x7aa21282feb15f1a Time: 0.658094
[04/01/2024-15:04:10] [V] [TRT] Conv_4 + Relu_5 Set Tactic Name: sm80_xmma_fprop_implicit_gemm_f32f32_tf32f32_f32_nhwckrsc_nhwc_tilesize256x128x32_stage3_warpsize4x2x1_g1_tensor16x8x8_t1r3s3 Tactic: 0x21246c8544eff903
[04/01/2024-15:04:10] [W] [TRT] Unknown embedded device detected. Using 59656MiB as the allocation cap for memory on embedded devices.
[04/01/2024-15:04:10] [V] [TRT] Tactic: 0x21246c8544eff903 Time: 0.469248
[04/01/2024-15:04:10] [V] [TRT] Conv_4 + Relu_5 Set Tactic Name: sm80_xmma_fprop_implicit_gemm_f32f32_tf32f32_f32_nhwckrsc_nhwc_tilesize128x128x32_stage4_warpsize2x2x1_g1_tensor16x8x8_t1r3s3 Tactic: 0xd920b33c9bd27143
[04/01/2024-15:04:10] [W] [TRT] Unknown embedded device detected. Using 59656MiB as the allocation cap for memory on embedded devices.
[04/01/2024-15:04:10] [V] [TRT] Tactic: 0xd920b33c9bd27143 Time: 0.542514
[04/01/2024-15:04:10] [V] [TRT] Conv_4 + Relu_5 Set Tactic Name: sm80_xmma_fprop_implicit_gemm_f32f32_tf32f32_f32_nhwckrsc_nhwc_tilesize128x128x16_stage4_warpsize2x2x1_g1_tensor16x8x8 Tactic: 0xb443c221fcb1565b
[04/01/2024-15:04:10] [W] [TRT] Unknown embedded device detected. Using 59656MiB as the allocation cap for memory on embedded devices.
[04/01/2024-15:04:10] [V] [TRT] Tactic: 0xb443c221fcb1565b Time: 0.425038
[04/01/2024-15:04:10] [V] [TRT] Conv_4 + Relu_5 Set Tactic Name: sm80_xmma_fprop_implicit_gemm_f32f32_tf32f32_f32_nhwckrsc_nhwc_tilesize256x64x32_stage3_warpsize4x2x1_g1_tensor16x8x8_t1r3s3 Tactic: 0xa9a06d0633580c0c
[04/01/2024-15:04:10] [W] [TRT] Unknown embedded device detected. Using 59656MiB as the allocation cap for memory on embedded devices.
[04/01/2024-15:04:10] [V] [TRT] Tactic: 0xa9a06d0633580c0c Time: 0.560091
[04/01/2024-15:04:10] [V] [TRT] Conv_4 + Relu_5 Set Tactic Name: sm80_xmma_fprop_implicit_gemm_f32f32_tf32f32_f32_nhwckrsc_nhwc_tilesize64x64x64_stage4_warpsize2x2x1_g1_tensor16x8x8 Tactic: 0x818413b69874bb35
[04/01/2024-15:04:10] [W] [TRT] Unknown embedded device detected. Using 59656MiB as the allocation cap for memory on embedded devices.
[04/01/2024-15:04:10] [V] [TRT] Tactic: 0x818413b69874bb35 Time: 1.17338
[04/01/2024-15:04:10] [V] [TRT] Conv_4 + Relu_5 Set Tactic Name: sm80_xmma_fprop_implicit_gemm_f32f32_tf32f32_f32_nhwckrsc_nhwc_tilesize64x128x32_stage5_warpsize2x2x1_g1_tensor16x8x8 Tactic: 0x65f71607d20d5438
[04/01/2024-15:04:10] [W] [TRT] Unknown embedded device detected. Using 59656MiB as the allocation cap for memory on embedded devices.
[04/01/2024-15:04:10] [V] [TRT] Tactic: 0x65f71607d20d5438 Time: 0.670519
[04/01/2024-15:04:10] [V] [TRT] Conv_4 + Relu_5 Set Tactic Name: sm80_xmma_fprop_implicit_gemm_f32f32_tf32f32_f32_nhwckrsc_nhwc_tilesize64x64x64_stage4_warpsize2x2x1_g1_tensor16x8x8_t1r3s3 Tactic: 0x2d80d2b384ab13f1
[04/01/2024-15:04:10] [W] [TRT] Unknown embedded device detected. Using 59656MiB as the allocation cap for memory on embedded devices.
[04/01/2024-15:04:10] [V] [TRT] Tactic: 0x2d80d2b384ab13f1 Time: 1.11558
[04/01/2024-15:04:10] [V] [TRT] Fastest Tactic: 0x999e005e3b016ea6 Time: 0.415058
[04/01/2024-15:04:10] [V] [TRT] --------------- Timing Runner: Conv_4 + Relu_5 (CaskFlattenConvolution)
[04/01/2024-15:04:10] [V] [TRT] CaskFlattenConvolution has no valid tactics for this config, skipping
[04/01/2024-15:04:10] [V] [TRT] >>>>>>>>>>>>>>> Chose Runner Type: CaskConvolution Tactic: 0x999e005e3b016ea6
[04/01/2024-15:04:10] [V] [TRT] *************** Autotuning format combination: Half(2592000,32400,180,1) -> Half(2592000,32400,180,1) ***************
[04/01/2024-15:04:10] [V] [TRT] --------------- Timing Runner: Conv_4 + Relu_5 (CudnnConvolution)
[04/01/2024-15:04:10] [W] [TRT] Unknown embedded device detected. Using 59656MiB as the allocation cap for memory on embedded devices.
[04/01/2024-15:04:10] [V] [TRT] Tactic: 0x0000000000000000 Time: 2.62323
[04/01/2024-15:04:10] [W] [TRT] Unknown embedded device detected. Using 59656MiB as the allocation cap for memory on embedded devices.
[04/01/2024-15:04:10] [V] [TRT] Tactic: 0x0000000000000001 Time: 2.02352
[04/01/2024-15:04:10] [W] [TRT] Unknown embedded device detected. Using 59656MiB as the allocation cap for memory on embedded devices.
[04/01/2024-15:04:10] [V] [TRT] Tactic: 0x0000000000000002 Time: 2.88712
[04/01/2024-15:04:10] [V] [TRT] Tactic: 0x0000000000000004 skipped. Scratch requested: 3424158720, available: 2147483648
[04/01/2024-15:04:10] [W] [TRT] Unknown embedded device detected. Using 59656MiB as the allocation cap for memory on embedded devices.
[04/01/2024-15:04:10] [V] [TRT] Tactic: 0x0000000000000005 Time: 7.01863
[04/01/2024-15:04:10] [W] [TRT] Unknown embedded device detected. Using 59656MiB as the allocation cap for memory on embedded devices.
[04/01/2024-15:04:10] [V] [TRT] Tactic: 0x0000000000000006 Time: 1.58499
[04/01/2024-15:04:10] [W] [TRT] Unknown embedded device detected. Using 59656MiB as the allocation cap for memory on embedded devices.
[04/01/2024-15:04:10] [V] [TRT] Tactic: 0x0000000000000038 Time: 2.6434
[04/01/2024-15:04:10] [W] [TRT] Unknown embedded device detected. Using 59656MiB as the allocation cap for memory on embedded devices.
[04/01/2024-15:04:10] [V] [TRT] Tactic: 0x000000000000003a Time: 2.87536
[04/01/2024-15:04:10] [V] [TRT] Tactic: 0x000000000000003c skipped. Scratch requested: 3424158720, available: 2147483648
[04/01/2024-15:04:10] [W] [TRT] Unknown embedded device detected. Using 59656MiB as the allocation cap for memory on embedded devices.
[04/01/2024-15:04:11] [V] [TRT] Tactic: 0x000000000000003d Time: 7.11982
[04/01/2024-15:04:11] [W] [TRT] Unknown embedded device detected. Using 59656MiB as the allocation cap for memory on embedded devices.
[04/01/2024-15:04:11] [V] [TRT] Tactic: 0x000000000000003e Time: 1.57218
[04/01/2024-15:04:11] [V] [TRT] Fastest Tactic: 0x000000000000003e Time: 1.57218
[04/01/2024-15:04:11] [V] [TRT] Setting workspace to 3424158720enables more tactics for profiling
[04/01/2024-15:04:11] [V] [TRT] --------------- Timing Runner: Conv_4 + Relu_5 (CaskGemmConvolution)
[04/01/2024-15:04:11] [V] [TRT] CaskGemmConvolution has no valid tactics for this config, skipping
[04/01/2024-15:04:11] [V] [TRT] --------------- Timing Runner: Conv_4 + Relu_5 (CaskConvolution)
[04/01/2024-15:04:11] [V] [TRT] CaskConvolution has no valid tactics for this config, skipping
[04/01/2024-15:04:11] [V] [TRT] --------------- Timing Runner: Conv_4 + Relu_5 (CaskFlattenConvolution)
[04/01/2024-15:04:11] [V] [TRT] CaskFlattenConvolution has no valid tactics for this config, skipping
[04/01/2024-15:04:11] [V] [TRT] >>>>>>>>>>>>>>> Chose Runner Type: CudnnConvolution Tactic: 0x000000000000003e
[04/01/2024-15:04:11] [V] [TRT] *************** Autotuning format combination: Half(1296000,32400:2,180,1) -> Half(1296000,32400:2,180,1) ***************
[04/01/2024-15:04:11] [V] [TRT] --------------- Timing Runner: Conv_4 + Relu_5 (FusedConvActConvolution)
[04/01/2024-15:04:11] [V] [TRT] FusedConvActConvolution has no valid tactics for this config, skipping
[04/01/2024-15:04:11] [V] [TRT] --------------- Timing Runner: Conv_4 + Relu_5 (CaskConvolution)
[04/01/2024-15:04:11] [V] [TRT] CaskConvolution has no valid tactics for this config, skipping
[04/01/2024-15:04:11] [V] [TRT] --------------- Timing Runner: Conv_4 + Relu_5 (CaskFlattenConvolution)
[04/01/2024-15:04:11] [V] [TRT] CaskFlattenConvolution has no valid tactics for this config, skipping
[04/01/2024-15:04:11] [V] [TRT] *************** Autotuning format combination: Half(648000,1:4,3600,20) -> Half(648000,1:4,3600,20) ***************
[04/01/2024-15:04:11] [V] [TRT] --------------- Timing Runner: Conv_4 + Relu_5 (CaskConvolution)
[04/01/2024-15:04:11] [V] [TRT] CaskConvolution has no valid tactics for this config, skipping
[04/01/2024-15:04:11] [V] [TRT] --------------- Timing Runner: Conv_4 + Relu_5 (CaskFlattenConvolution)
[04/01/2024-15:04:11] [V] [TRT] CaskFlattenConvolution has no valid tactics for this config, skipping
[04/01/2024-15:04:11] [V] [TRT] *************** Autotuning format combination: Half(324000,1:8,1800,10) -> Float(2592000,32400,180,1) ***************
[04/01/2024-15:04:11] [V] [TRT] --------------- Timing Runner: Conv_4 + Relu_5 (CaskConvolution)
[04/01/2024-15:04:11] [V] [TRT] CaskConvolution has no valid tactics for this config, skipping
[04/01/2024-15:04:11] [V] [TRT] --------------- Timing Runner: Conv_4 + Relu_5 (CaskFlattenConvolution)
[04/01/2024-15:04:11] [V] [TRT] CaskFlattenConvolution has no valid tactics for this config, skipping
[04/01/2024-15:04:11] [V] [TRT] *************** Autotuning format combination: Half(324000,1:8,1800,10) -> Half(324000,1:8,1800,10) ***************
[04/01/2024-15:04:11] [V] [TRT] --------------- Timing Runner: Conv_4 + Relu_5 (CudaDepthwiseConvolution)
[04/01/2024-15:04:11] [V] [TRT] CudaDepthwiseConvolution has no valid tactics for this config, skipping
[04/01/2024-15:04:11] [V] [TRT] --------------- Timing Runner: Conv_4 + Relu_5 (CaskGemmConvolution)
[04/01/2024-15:04:11] [V] [TRT] CaskGemmConvolution has no valid tactics for this config, skipping
[04/01/2024-15:04:11] [V] [TRT] --------------- Timing Runner: Conv_4 + Relu_5 (CaskConvolution)
[04/01/2024-15:04:11] [V] [TRT] Conv_4 + Relu_5 Set Tactic Name: ampere_h1688cudnn_128x128_ldg8_relu_exp_large_nhwc_tn_v1 Tactic: 0xa927df92ac1ef1b8
[04/01/2024-15:04:11] [W] [TRT] Unknown embedded device detected. Using 59656MiB as the allocation cap for memory on embedded devices.
[04/01/2024-15:04:11] [V] [TRT] Tactic: 0xa927df92ac1ef1b8 Time: 0.391538
[04/01/2024-15:04:11] [V] [TRT] Conv_4 + Relu_5 Set Tactic Name: ampere_h1688cudnn_256x64_sliced1x2_ldg8_relu_exp_large_nhwc_tn_v1 Tactic: 0xd0a3e0c815f7fb5e
[04/01/2024-15:04:11] [W] [TRT] Unknown embedded device detected. Using 59656MiB as the allocation cap for memory on embedded devices.
[04/01/2024-15:04:11] [V] [TRT] Tactic: 0xd0a3e0c815f7fb5e Time: 0.51088
[04/01/2024-15:04:11] [V] [TRT] Conv_4 + Relu_5 Set Tactic Name: ampere_h16816cudnn_128x64_ldg8_relu_exp_stages_64x3_medium_nhwc_tn_v1 Tactic: 0x699be152cfb6d6ff
[04/01/2024-15:04:11] [W] [TRT] Unknown embedded device detected. Using 59656MiB as the allocation cap for memory on embedded devices.
[04/01/2024-15:04:11] [V] [TRT] Tactic: 0x699be152cfb6d6ff Time: 0.398523
[04/01/2024-15:04:11] [V] [TRT] Conv_4 + Relu_5 Set Tactic Name: ampere_h16816cudnn_64x128_ldg8_relu_exp_stages_64x3_medium_nhwc_tn_v1 Tactic: 0xb8d86216e1235cda
[04/01/2024-15:04:11] [W] [TRT] Unknown embedded device detected. Using 59656MiB as the allocation cap for memory on embedded devices.
[04/01/2024-15:04:11] [V] [TRT] Tactic: 0xb8d86216e1235cda Time: 0.387397
[04/01/2024-15:04:11] [V] [TRT] Conv_4 + Relu_5 Set Tactic Name: ampere_h16816cudnn_128x64_sliced1x2_ldg8_relu_exp_stages_64x4_small_nhwc_tn_v1 Tactic: 0x7163d33a4d8ce8d7
[04/01/2024-15:04:11] [W] [TRT] Unknown embedded device detected. Using 59656MiB as the allocation cap for memory on embedded devices.
[04/01/2024-15:04:11] [V] [TRT] Tactic: 0x7163d33a4d8ce8d7 Time: 0.431767
[04/01/2024-15:04:11] [V] [TRT] Conv_4 + Relu_5 Set Tactic Name: ampere_h16816cudnn_128x64_sliced1x2_ldg8_relu_exp_stages_64x4_large_nhwc_tn_v1 Tactic: 0xeb2d2aa4e56bb41c
[04/01/2024-15:04:11] [W] [TRT] Unknown embedded device detected. Using 59656MiB as the allocation cap for memory on embedded devices.
[04/01/2024-15:04:11] [V] [TRT] Tactic: 0xeb2d2aa4e56bb41c Time: 0.459333
[04/01/2024-15:04:11] [V] [TRT] Conv_4 + Relu_5 Set Tactic Name: ampere_h16816cudnn_64x64_sliced1x2_ldg8_relu_exp_stages_64x5_medium_nhwc_tn_v1 Tactic: 0x706f08da35c795a5
[04/01/2024-15:04:11] [W] [TRT] Unknown embedded device detected. Using 59656MiB as the allocation cap for memory on embedded devices.
[04/01/2024-15:04:11] [V] [TRT] Tactic: 0x706f08da35c795a5 Time: 0.48992
[04/01/2024-15:04:11] [V] [TRT] Conv_4 + Relu_5 Set Tactic Name: ampere_h16816cudnn_128x128_ldg8_relu_exp_medium_nhwc_tn_v1 Tactic: 0x234580e8a194335c
[04/01/2024-15:04:11] [W] [TRT] Unknown embedded device detected. Using 59656MiB as the allocation cap for memory on embedded devices.
[04/01/2024-15:04:11] [V] [TRT] Tactic: 0x234580e8a194335c Time: 0.311282
[04/01/2024-15:04:11] [V] [TRT] Conv_4 + Relu_5 Set Tactic Name: ampere_h16816cudnn_128x64_ldg8_relu_exp_stages_64x3_large_nhwc_tn_v1 Tactic: 0x59762bd684092b33
[04/01/2024-15:04:11] [W] [TRT] Unknown embedded device detected. Using 59656MiB as the allocation cap for memory on embedded devices.
[04/01/2024-15:04:11] [V] [TRT] Tactic: 0x59762bd684092b33 Time: 0.395305
[04/01/2024-15:04:11] [V] [TRT] Conv_4 + Relu_5 Set Tactic Name: ampere_h16816cudnn_64x64_sliced1x2_ldg8_relu_exp_stages_64x6_medium_nhwc_tn_v1 Tactic: 0xa7c9d418a10bce71
[04/01/2024-15:04:11] [W] [TRT] Unknown embedded device detected. Using 59656MiB as the allocation cap for memory on embedded devices.
[04/01/2024-15:04:11] [V] [TRT] Tactic: 0xa7c9d418a10bce71 Time: 0.667954
[04/01/2024-15:04:11] [V] [TRT] Conv_4 + Relu_5 Set Tactic Name: ampere_h16816cudnn_64x128_ldg8_relu_exp_stages_64x3_small_nhwc_tn_v1 Tactic: 0x53be5e206184e6ad
[04/01/2024-15:04:11] [W] [TRT] Unknown embedded device detected. Using 59656MiB as the allocation cap for memory on embedded devices.
[04/01/2024-15:04:11] [V] [TRT] Tactic: 0x53be5e206184e6ad Time: 0.387232
[04/01/2024-15:04:11] [V] [TRT] Conv_4 + Relu_5 Set Tactic Name: ampere_h1688cudnn_256x64_ldg8_relu_exp_small_nhwc_tn_v1 Tactic: 0x7aad3976677d7155
[04/01/2024-15:04:11] [W] [TRT] Unknown embedded device detected. Using 59656MiB as the allocation cap for memory on embedded devices.
[04/01/2024-15:04:11] [V] [TRT] Tactic: 0x7aad3976677d7155 Time: 0.345925
[04/01/2024-15:04:11] [V] [TRT] Conv_4 + Relu_5 Set Tactic Name: ampere_h16816cudnn_128x128_ldg8_relu_exp_small_nhwc_tn_v1 Tactic: 0xb33e57fb3e8a0a56
[04/01/2024-15:04:11] [W] [TRT] Unknown embedded device detected. Using 59656MiB as the allocation cap for memory on embedded devices.
[04/01/2024-15:04:11] [V] [TRT] Tactic: 0xb33e57fb3e8a0a56 Time: 0.307013
[04/01/2024-15:04:11] [V] [TRT] Conv_4 + Relu_5 Set Tactic Name: ampere_h16816cudnn_256x64_sliced1x2_ldg8_relu_exp_medium_nhwc_tn_v1 Tactic: 0x82f8a2214b0b4178
[04/01/2024-15:04:11] [W] [TRT] Unknown embedded device detected. Using 59656MiB as the allocation cap for memory on embedded devices.
[04/01/2024-15:04:11] [V] [TRT] Tactic: 0x82f8a2214b0b4178 Time: 0.460517
[04/01/2024-15:04:11] [V] [TRT] Conv_4 + Relu_5 Set Tactic Name: ampere_h16816cudnn_64x64_sliced1x2_ldg8_relu_exp_stages_64x5_small_nhwc_tn_v1 Tactic: 0x1a5ba808ad4cc5a8
[04/01/2024-15:04:11] [W] [TRT] Unknown embedded device detected. Using 59656MiB as the allocation cap for memory on embedded devices.
[04/01/2024-15:04:11] [V] [TRT] Tactic: 0x1a5ba808ad4cc5a8 Time: 0.494725
[04/01/2024-15:04:11] [V] [TRT] Conv_4 + Relu_5 Set Tactic Name: ampere_h16816cudnn_256x64_sliced1x2_ldg8_relu_exp_large_nhwc_tn_v1 Tactic: 0xd8eb41ee35e76575
[04/01/2024-15:04:11] [W] [TRT] Unknown embedded device detected. Using 59656MiB as the allocation cap for memory on embedded devices.
[04/01/2024-15:04:11] [V] [TRT] Tactic: 0xd8eb41ee35e76575 Time: 0.46336
[04/01/2024-15:04:11] [V] [TRT] Conv_4 + Relu_5 Set Tactic Name: ampere_h16816cudnn_128x64_sliced1x2_ldg8_relu_exp_stages_64x3_small_nhwc_tn_v1 Tactic: 0x19822de884f42a6a
[04/01/2024-15:04:11] [W] [TRT] Unknown embedded device detected. Using 59656MiB as the allocation cap for memory on embedded devices.
[04/01/2024-15:04:11] [V] [TRT] Tactic: 0x19822de884f42a6a Time: 0.356343
[04/01/2024-15:04:11] [V] [TRT] Conv_4 + Relu_5 Set Tactic Name: ampere_h16816cudnn_64x128_sliced1x2_ldg8_relu_exp_stages_64x4_large_nhwc_tn_v1 Tactic: 0x2721a7f18c2700db
[04/01/2024-15:04:11] [W] [TRT] Unknown embedded device detected. Using 59656MiB as the allocation cap for memory on embedded devices.
[04/01/2024-15:04:11] [V] [TRT] Tactic: 0x2721a7f18c2700db Time: 0.446299
[04/01/2024-15:04:11] [V] [TRT] Conv_4 + Relu_5 Set Tactic Name: ampere_h16816cudnn_64x64_ldg8_relu_exp_stages_64x6_medium_nhwc_tn_v1 Tactic: 0x88971eec55aba850
[04/01/2024-15:04:11] [W] [TRT] Unknown embedded device detected. Using 59656MiB as the allocation cap for memory on embedded devices.
[04/01/2024-15:04:11] [V] [TRT] Tactic: 0x88971eec55aba850 Time: 0.668142
[04/01/2024-15:04:11] [V] [TRT] Conv_4 + Relu_5 Set Tactic Name: ampere_h16816cudnn_64x128_sliced1x2_ldg8_relu_exp_stages_64x3_large_nhwc_tn_v1 Tactic: 0x4fc05923455fc266
[04/01/2024-15:04:11] [W] [TRT] Unknown embedded device detected. Using 59656MiB as the allocation cap for memory on embedded devices.
[04/01/2024-15:04:11] [V] [TRT] Tactic: 0x4fc05923455fc266 Time: 0.352219
[04/01/2024-15:04:11] [V] [TRT] Conv_4 + Relu_5 Set Tactic Name: ampere_h16816cudnn_64x128_ldg8_relu_exp_stages_64x3_large_nhwc_tn_v1 Tactic: 0xc9f0a7bec963ba66
[04/01/2024-15:04:11] [W] [TRT] Unknown embedded device detected. Using 59656MiB as the allocation cap for memory on embedded devices.
[04/01/2024-15:04:11] [V] [TRT] Tactic: 0xc9f0a7bec963ba66 Time: 0.387232
[04/01/2024-15:04:11] [V] [TRT] Conv_4 + Relu_5 Set Tactic Name: ampere_h1688cudnn_256x128_ldg8_relu_exp_large_nhwc_tn_v1 Tactic: 0x5c2e1c87d85b06f1
[04/01/2024-15:04:11] [W] [TRT] Unknown embedded device detected. Using 59656MiB as the allocation cap for memory on embedded devices.
[04/01/2024-15:04:11] [V] [TRT] Tactic: 0x5c2e1c87d85b06f1 Time: 0.402263
[04/01/2024-15:04:11] [V] [TRT] Conv_4 + Relu_5 Set Tactic Name: ampere_h16816cudnn_128x64_sliced1x2_ldg8_relu_exp_stages_64x3_large_nhwc_tn_v1 Tactic: 0x83ccd4762c1376a1
[04/01/2024-15:04:11] [W] [TRT] Unknown embedded device detected. Using 59656MiB as the allocation cap for memory on embedded devices.
[04/01/2024-15:04:11] [V] [TRT] Tactic: 0x83ccd4762c1376a1 Time: 0.361198
[04/01/2024-15:04:11] [V] [TRT] Conv_4 + Relu_5 Set Tactic Name: ampere_h1688cudnn_256x64_sliced1x2_ldg8_relu_exp_medium_nhwc_tn_v1 Tactic: 0xc9cc55109bb4de26
[04/01/2024-15:04:11] [W] [TRT] Unknown embedded device detected. Using 59656MiB as the allocation cap for memory on embedded devices.
[04/01/2024-15:04:11] [V] [TRT] Tactic: 0xc9cc55109bb4de26 Time: 0.505925
[04/01/2024-15:04:11] [V] [TRT] Conv_4 + Relu_5 Set Tactic Name: ampere_h16816cudnn_64x64_ldg8_relu_exp_stages_64x6_small_nhwc_tn_v1 Tactic: 0xf0beb09df9a19f82
[04/01/2024-15:04:11] [W] [TRT] Unknown embedded device detected. Using 59656MiB as the allocation cap for memory on embedded devices.
[04/01/2024-15:04:11] [V] [TRT] Tactic: 0xf0beb09df9a19f82 Time: 0.638775
[04/01/2024-15:04:11] [V] [TRT] Conv_4 + Relu_5 Set Tactic Name: ampere_h16816cudnn_64x64_ldg8_relu_exp_stages_64x5_large_nhwc_tn_v1 Tactic: 0x544bff7ff9c5d908
[04/01/2024-15:04:11] [W] [TRT] Unknown embedded device detected. Using 59656MiB as the allocation cap for memory on embedded devices.
[04/01/2024-15:04:11] [V] [TRT] Tactic: 0x544bff7ff9c5d908 Time: 0.532366
[04/01/2024-15:04:11] [V] [TRT] Conv_4 + Relu_5 Set Tactic Name: ampere_h1688cudnn_256x128_ldg8_relu_exp_small_nhwc_tn_v1 Tactic: 0xc660e51970bc5a3a
[04/01/2024-15:04:11] [W] [TRT] Unknown embedded device detected. Using 59656MiB as the allocation cap for memory on embedded devices.
[04/01/2024-15:04:11] [V] [TRT] Tactic: 0xc660e51970bc5a3a Time: 0.375927
[04/01/2024-15:04:11] [V] [TRT] Conv_4 + Relu_5 Set Tactic Name: ampere_h16816cudnn_64x128_sliced1x2_ldg8_relu_exp_stages_64x3_medium_nhwc_tn_v1 Tactic: 0xb85e52e87caf60a2
[04/01/2024-15:04:11] [W] [TRT] Unknown embedded device detected. Using 59656MiB as the allocation cap for memory on embedded devices.
[04/01/2024-15:04:11] [V] [TRT] Tactic: 0xb85e52e87caf60a2 Time: 0.350688
[04/01/2024-15:04:11] [V] [TRT] Conv_4 + Relu_5 Set Tactic Name: ampere_h16816cudnn_256x64_ldg8_relu_exp_stages_64x3_large_nhwc_tn_v1 Tactic: 0x2cb4a662694e89d3
[04/01/2024-15:04:11] [W] [TRT] Unknown embedded device detected. Using 59656MiB as the allocation cap for memory on embedded devices.
[04/01/2024-15:04:11] [V] [TRT] Tactic: 0x2cb4a662694e89d3 Time: 0.360809
[04/01/2024-15:04:11] [V] [TRT] Conv_4 + Relu_5 Set Tactic Name: ampere_h16816cudnn_64x128_sliced1x2_ldg8_relu_exp_stages_64x3_small_nhwc_tn_v1 Tactic: 0xd58ea0bdedb89ead
[04/01/2024-15:04:11] [W] [TRT] Unknown embedded device detected. Using 59656MiB as the allocation cap for memory on embedded devices.
[04/01/2024-15:04:11] [V] [TRT] Tactic: 0xd58ea0bdedb89ead Time: 0.353211
[04/01/2024-15:04:11] [V] [TRT] Conv_4 + Relu_5 Set Tactic Name: ampere_h16816cudnn_256x64_sliced1x2_ldg8_relu_exp_small_nhwc_tn_v1 Tactic: 0x42a5b8709d0039be
[04/01/2024-15:04:11] [W] [TRT] Unknown embedded device detected. Using 59656MiB as the allocation cap for memory on embedded devices.
[04/01/2024-15:04:11] [V] [TRT] Tactic: 0x42a5b8709d0039be Time: 0.409769
[04/01/2024-15:04:11] [V] [TRT] Conv_4 + Relu_5 Set Tactic Name: ampere_h16816cudnn_256x64_ldg8_relu_exp_stages_64x3_medium_nhwc_tn_v1 Tactic: 0x3f031df0e579d52c
[04/01/2024-15:04:11] [W] [TRT] Unknown embedded device detected. Using 59656MiB as the allocation cap for memory on embedded devices.
[04/01/2024-15:04:11] [V] [TRT] Tactic: 0x3f031df0e579d52c Time: 0.361678
[04/01/2024-15:04:11] [V] [TRT] Conv_4 + Relu_5 Set Tactic Name: ampere_h1688cudnn_256x64_sliced1x2_ldg8_relu_exp_small_nhwc_tn_v1 Tactic: 0x4aed1956bd10a795
[04/01/2024-15:04:11] [W] [TRT] Unknown embedded device detected. Using 59656MiB as the allocation cap for memory on embedded devices.
[04/01/2024-15:04:11] [V] [TRT] Tactic: 0x4aed1956bd10a795 Time: 0.467506
[04/01/2024-15:04:11] [V] [TRT] Conv_4 + Relu_5 Set Tactic Name: ampere_h16816cudnn_64x64_ldg8_relu_exp_stages_64x5_small_nhwc_tn_v1 Tactic: 0xce0506e1512285c3
[04/01/2024-15:04:11] [W] [TRT] Unknown embedded device detected. Using 59656MiB as the allocation cap for memory on embedded devices.
[04/01/2024-15:04:11] [V] [TRT] Tactic: 0xce0506e1512285c3 Time: 0.553358
[04/01/2024-15:04:11] [V] [TRT] Conv_4 + Relu_5 Set Tactic Name: ampere_h16816cudnn_256x64_ldg8_relu_exp_small_nhwc_tn_v1 Tactic: 0xca5d3a11fd48f571
[04/01/2024-15:04:11] [W] [TRT] Unknown embedded device detected. Using 59656MiB as the allocation cap for memory on embedded devices.
[04/01/2024-15:04:11] [V] [TRT] Tactic: 0xca5d3a11fd48f571 Time: 0.358533
[04/01/2024-15:04:11] [V] [TRT] Conv_4 + Relu_5 Set Tactic Name: ampere_h16816cudnn_128x128_ldg8_relu_exp_stages_64x3_medium_nhwc_tn_v1 Tactic: 0x2eaa2202de9404d6
[04/01/2024-15:04:11] [W] [TRT] Unknown embedded device detected. Using 59656MiB as the allocation cap for memory on embedded devices.
[04/01/2024-15:04:11] [V] [TRT] Tactic: 0x2eaa2202de9404d6 Time: 0.346459
[04/01/2024-15:04:11] [V] [TRT] Conv_4 + Relu_5 Set Tactic Name: ampere_h16816cudnn_64x128_ldg8_relu_exp_stages_64x4_small_nhwc_tn_v1 Tactic: 0x3b5fa0f2a8fc2410
[04/01/2024-15:04:11] [W] [TRT] Unknown embedded device detected. Using 59656MiB as the allocation cap for memory on embedded devices.
[04/01/2024-15:04:11] [V] [TRT] Tactic: 0x3b5fa0f2a8fc2410 Time: 0.437321
[04/01/2024-15:04:11] [V] [TRT] Conv_4 + Relu_5 Set Tactic Name: ampere_h16816cudnn_256x128_ldg8_relu_exp_medium_nhwc_tn_v1 Tactic: 0x03896956a39a1203
[04/01/2024-15:04:11] [W] [TRT] Unknown embedded device detected. Using 59656MiB as the allocation cap for memory on embedded devices.
[04/01/2024-15:04:11] [V] [TRT] Tactic: 0x03896956a39a1203 Time: 0.329024
[04/01/2024-15:04:11] [V] [TRT] Conv_4 + Relu_5 Set Tactic Name: ampere_h16816cudnn_64x64_ldg8_relu_exp_stages_64x5_medium_nhwc_tn_v1 Tactic: 0x5f31c22ec167f384
[04/01/2024-15:04:11] [W] [TRT] Unknown embedded device detected. Using 59656MiB as the allocation cap for memory on embedded devices.
[04/01/2024-15:04:11] [V] [TRT] Tactic: 0x5f31c22ec167f384 Time: 0.545623
[04/01/2024-15:04:11] [V] [TRT] Conv_4 + Relu_5 Set Tactic Name: ampere_h16816cudnn_128x64_sliced1x2_ldg8_relu_exp_stages_64x3_medium_nhwc_tn_v1 Tactic: 0x29329b5741ea05f2
[04/01/2024-15:04:11] [W] [TRT] Unknown embedded device detected. Using 59656MiB as the allocation cap for memory on embedded devices.
[04/01/2024-15:04:11] [V] [TRT] Tactic: 0x29329b5741ea05f2 Time: 0.359026
[04/01/2024-15:04:11] [V] [TRT] Conv_4 + Relu_5 Set Tactic Name: ampere_h16816cudnn_128x64_ldg8_relu_exp_stages_64x4_small_nhwc_tn_v1 Tactic: 0xabd92c9ae596b545
[04/01/2024-15:04:11] [W] [TRT] Unknown embedded device detected. Using 59656MiB as the allocation cap for memory on embedded devices.
[04/01/2024-15:04:11] [V] [TRT] Tactic: 0xabd92c9ae596b545 Time: 0.456389
[04/01/2024-15:04:11] [V] [TRT] Conv_4 + Relu_5 Set Tactic Name: ampere_h16816cudnn_64x128_sliced1x2_ldg8_relu_exp_stages_64x4_small_nhwc_tn_v1 Tactic: 0xbd6f5e6f24c05c10
[04/01/2024-15:04:11] [W] [TRT] Unknown embedded device detected. Using 59656MiB as the allocation cap for memory on embedded devices.
[04/01/2024-15:04:11] [V] [TRT] Tactic: 0xbd6f5e6f24c05c10 Time: 0.432123
[04/01/2024-15:04:11] [V] [TRT] Conv_4 + Relu_5 Set Tactic Name: ampere_h1688cudnn_256x64_ldg8_relu_exp_large_nhwc_tn_v1 Tactic: 0xe0e3c0e8cf9a2d9e
[04/01/2024-15:04:11] [W] [TRT] Unknown embedded device detected. Using 59656MiB as the allocation cap for memory on embedded devices.
[04/01/2024-15:04:11] [V] [TRT] Tactic: 0xe0e3c0e8cf9a2d9e Time: 0.369522
[04/01/2024-15:04:11] [V] [TRT] Conv_4 + Relu_5 Set Tactic Name: ampere_h16816cudnn_128x128_ldg8_relu_exp_stages_64x3_large_nhwc_tn_v1 Tactic: 0xc2cf926c41243630
[04/01/2024-15:04:11] [W] [TRT] Unknown embedded device detected. Using 59656MiB as the allocation cap for memory on embedded devices.
[04/01/2024-15:04:11] [V] [TRT] Tactic: 0xc2cf926c41243630 Time: 0.347854
[04/01/2024-15:04:11] [V] [TRT] Conv_4 + Relu_5 Set Tactic Name: ampere_h16816cudnn_256x128_ldg8_relu_exp_small_nhwc_tn_v1 Tactic: 0x463794ee4acffd1f
[04/01/2024-15:04:11] [W] [TRT] Unknown embedded device detected. Using 59656MiB as the allocation cap for memory on embedded devices.
[04/01/2024-15:04:11] [V] [TRT] Tactic: 0x463794ee4acffd1f Time: 0.328603
[04/01/2024-15:04:11] [V] [TRT] Conv_4 + Relu_5 Set Tactic Name: ampere_h16816cudnn_128x64_ldg8_relu_exp_stages_64x3_small_nhwc_tn_v1 Tactic: 0xc338d2482cee77f8
[04/01/2024-15:04:11] [W] [TRT] Unknown embedded device detected. Using 59656MiB as the allocation cap for memory on embedded devices.
[04/01/2024-15:04:11] [V] [TRT] Tactic: 0xc338d2482cee77f8 Time: 0.394025
[04/01/2024-15:04:11] [V] [TRT] Conv_4 + Relu_5 Set Tactic Name: sm80_xmma_fprop_implicit_gemm_f16f16_f16f16_f16_nhwckrsc_nhwc_tilesize256x64x64_stage3_warpsize4x1x1_g1_tensor16x8x16_t1r3s3 Tactic: 0x84ee897dd1f4d2aa
[04/01/2024-15:04:11] [W] [TRT] Unknown embedded device detected. Using 59656MiB as the allocation cap for memory on embedded devices.
[04/01/2024-15:04:11] [V] [TRT] Tactic: 0x84ee897dd1f4d2aa Time: 0.357536
[04/01/2024-15:04:11] [V] [TRT] Conv_4 + Relu_5 Set Tactic Name: ampere_h16816cudnn_128x64_ldg8_relu_exp_stages_64x4_large_nhwc_tn_v1 Tactic: 0x3197d5044d71e98e
[04/01/2024-15:04:11] [W] [TRT] Unknown embedded device detected. Using 59656MiB as the allocation cap for memory on embedded devices.
[04/01/2024-15:04:11] [V] [TRT] Tactic: 0x3197d5044d71e98e Time: 0.472791
[04/01/2024-15:04:11] [V] [TRT] Conv_4 + Relu_5 Set Tactic Name: sm80_xmma_fprop_implicit_gemm_indexed_f16f16_f16f16_f16_nhwckrsc_nhwc_tilesize64x256x64_stage3_warpsize1x4x1_g1_tensor16x8x16 Tactic: 0x5d067c18f40c23e3
[04/01/2024-15:04:11] [W] [TRT] Unknown embedded device detected. Using 59656MiB as the allocation cap for memory on embedded devices.
[04/01/2024-15:04:11] [V] [TRT] Tactic: 0x5d067c18f40c23e3 Time: 0.657527
[04/01/2024-15:04:11] [V] [TRT] Conv_4 + Relu_5 Set Tactic Name: sm80_xmma_fprop_implicit_gemm_f16f16_f16f16_f16_nhwckrsc_nhwc_tilesize256x128x32_stage3_warpsize4x2x1_g1_tensor16x8x16 Tactic: 0x60da8c7151d91e47
[04/01/2024-15:04:11] [W] [TRT] Unknown embedded device detected. Using 59656MiB as the allocation cap for memory on embedded devices.
[04/01/2024-15:04:11] [V] [TRT] Tactic: 0x60da8c7151d91e47 Time: 0.244567
[04/01/2024-15:04:11] [V] [TRT] Conv_4 + Relu_5 Set Tactic Name: ampere_h16816cudnn_64x64_sliced1x2_ldg8_relu_exp_stages_64x6_small_nhwc_tn_v1 Tactic: 0x24e01e7405cfdfe9
[04/01/2024-15:04:11] [W] [TRT] Unknown embedded device detected. Using 59656MiB as the allocation cap for memory on embedded devices.
[04/01/2024-15:04:11] [V] [TRT] Tactic: 0x24e01e7405cfdfe9 Time: 0.624306
[04/01/2024-15:04:11] [V] [TRT] Conv_4 + Relu_5 Set Tactic Name: sm80_xmma_fprop_implicit_gemm_f16f16_f16f16_f16_nhwckrsc_nhwc_tilesize128x256x32_stage3_warpsize2x4x1_g1_tensor16x8x16 Tactic: 0xa1a20ea714d420f4
[04/01/2024-15:04:11] [W] [TRT] Unknown embedded device detected. Using 59656MiB as the allocation cap for memory on embedded devices.
[04/01/2024-15:04:11] [V] [TRT] Tactic: 0xa1a20ea714d420f4 Time: 0.450939
[04/01/2024-15:04:11] [V] [TRT] Conv_4 + Relu_5 Set Tactic Name: ampere_h1688cudnn_128x128_ldg8_relu_exp_medium_nhwc_tn_v1 Tactic: 0x100c1ad308e08d35
[04/01/2024-15:04:11] [W] [TRT] Unknown embedded device detected. Using 59656MiB as the allocation cap for memory on embedded devices.
[04/01/2024-15:04:11] [V] [TRT] Tactic: 0x100c1ad308e08d35 Time: 0.389961
[04/01/2024-15:04:11] [V] [TRT] Conv_4 + Relu_5 Set Tactic Name: sm80_xmma_fprop_implicit_gemm_f16f16_f16f16_f16_nhwckrsc_nhwc_tilesize64x128x32_stage5_warpsize2x2x1_g1_tensor16x8x16_t1r3s3 Tactic: 0x17ebf0c9f418f10a
[04/01/2024-15:04:11] [W] [TRT] Unknown embedded device detected. Using 59656MiB as the allocation cap for memory on embedded devices.
[04/01/2024-15:04:11] [V] [TRT] Tactic: 0x17ebf0c9f418f10a Time: 0.273792
[04/01/2024-15:04:11] [V] [TRT] Conv_4 + Relu_5 Set Tactic Name: sm80_xmma_fprop_implicit_gemm_f16f16_f16f16_f16_nhwckrsc_nhwc_tilesize128x128x32_stage4_warpsize2x2x1_g1_tensor16x8x16_t1r3s3 Tactic: 0x60c3421152ef8e10
[04/01/2024-15:04:11] [W] [TRT] Unknown embedded device detected. Using 59656MiB as the allocation cap for memory on embedded devices.
[04/01/2024-15:04:11] [V] [TRT] Tactic: 0x60c3421152ef8e10 Time: 0.216887
[04/01/2024-15:04:11] [V] [TRT] Conv_4 + Relu_5 Set Tactic Name: ampere_h16816cudnn_256x64_ldg8_relu_exp_stages_64x3_small_nhwc_tn_v1 Tactic: 0xb6fa5ffcc1a9d518
[04/01/2024-15:04:11] [W] [TRT] Unknown embedded device detected. Using 59656MiB as the allocation cap for memory on embedded devices.
[04/01/2024-15:04:11] [V] [TRT] Tactic: 0xb6fa5ffcc1a9d518 Time: 0.357925
[04/01/2024-15:04:11] [V] [TRT] Conv_4 + Relu_5 Set Tactic Name: sm80_xmma_fprop_implicit_gemm_f16f16_f16f16_f16_nhwckrsc_nhwc_tilesize64x256x64_stage3_warpsize1x4x1_g1_tensor16x8x16_t1r3s3 Tactic: 0xd7c261fa01db2af9
[04/01/2024-15:04:11] [W] [TRT] Unknown embedded device detected. Using 59656MiB as the allocation cap for memory on embedded devices.
[04/01/2024-15:04:11] [V] [TRT] Tactic: 0xd7c261fa01db2af9 Time: 0.634153
[04/01/2024-15:04:11] [V] [TRT] Conv_4 + Relu_5 Set Tactic Name: ampere_h16816cudnn_256x64_ldg8_relu_exp_medium_nhwc_tn_v1 Tactic: 0xe4711898bd599c36
[04/01/2024-15:04:11] [W] [TRT] Unknown embedded device detected. Using 59656MiB as the allocation cap for memory on embedded devices.
[04/01/2024-15:04:11] [V] [TRT] Tactic: 0xe4711898bd599c36 Time: 0.369563
[04/01/2024-15:04:11] [V] [TRT] Conv_4 + Relu_5 Set Tactic Name: ampere_h16816cudnn_128x64_sliced1x2_ldg8_relu_exp_stages_64x4_medium_nhwc_tn_v1 Tactic: 0x59c5c647b4c76593
[04/01/2024-15:04:11] [W] [TRT] Unknown embedded device detected. Using 59656MiB as the allocation cap for memory on embedded devices.
[04/01/2024-15:04:11] [V] [TRT] Tactic: 0x59c5c647b4c76593 Time: 0.446587
[04/01/2024-15:04:11] [V] [TRT] Conv_4 + Relu_5 Set Tactic Name: sm80_xmma_fprop_implicit_gemm_indexed_f16f16_f16f16_f16_nhwckrsc_nhwc_tilesize256x128x64_stage3_warpsize4x2x1_g1_tensor16x8x16 Tactic: 0x8bf2f8e96c50a971
[04/01/2024-15:04:11] [W] [TRT] Unknown embedded device detected. Using 59656MiB as the allocation cap for memory on embedded devices.
[04/01/2024-15:04:11] [V] [TRT] Tactic: 0x8bf2f8e96c50a971 Time: 0.306944
[04/01/2024-15:04:11] [V] [TRT] Conv_4 + Relu_5 Set Tactic Name: sm80_xmma_fprop_implicit_gemm_indexed_f16f16_f16f16_f16_nhwckrsc_nhwc_tilesize64x32x64_stage5_warpsize2x2x1_g1_tensor16x8x16 Tactic: 0xe1ff5ad20f5c6bf6
[04/01/2024-15:04:11] [W] [TRT] Unknown embedded device detected. Using 59656MiB as the allocation cap for memory on embedded devices.
[04/01/2024-15:04:11] [V] [TRT] Tactic: 0xe1ff5ad20f5c6bf6 Time: 0.535424
[04/01/2024-15:04:11] [V] [TRT] Conv_4 + Relu_5 Set Tactic Name: sm80_xmma_fprop_implicit_gemm_indexed_f16f16_f16f16_f16_nhwckrsc_nhwc_tilesize64x128x32_stage5_warpsize2x2x1_g1_tensor16x8x16 Tactic: 0xafd1e8bf6bd3d638
[04/01/2024-15:04:11] [W] [TRT] Unknown embedded device detected. Using 59656MiB as the allocation cap for memory on embedded devices.
[04/01/2024-15:04:11] [V] [TRT] Tactic: 0xafd1e8bf6bd3d638 Time: 0.279232
[04/01/2024-15:04:11] [V] [TRT] Conv_4 + Relu_5 Set Tactic Name: sm80_xmma_fprop_implicit_gemm_indexed_f16f16_f16f16_f16_nhwckrsc_nhwc_tilesize128x32x32_stage4_warpsize4x1x1_g1_tensor16x8x16 Tactic: 0xf79479a62ea9f901
[04/01/2024-15:04:11] [W] [TRT] Unknown embedded device detected. Using 59656MiB as the allocation cap for memory on embedded devices.
[04/01/2024-15:04:11] [V] [TRT] Tactic: 0xf79479a62ea9f901 Time: 0.383072
[04/01/2024-15:04:11] [V] [TRT] Conv_4 + Relu_5 Set Tactic Name: sm80_xmma_fprop_implicit_gemm_indexed_f16f16_f16f16_f16_nhwckrsc_nhwc_tilesize128x256x32_stage3_warpsize2x4x1_g1_tensor16x8x16 Tactic: 0x7005d10718f6c22d
[04/01/2024-15:04:11] [W] [TRT] Unknown embedded device detected. Using 59656MiB as the allocation cap for memory on embedded devices.
[04/01/2024-15:04:11] [V] [TRT] Tactic: 0x7005d10718f6c22d Time: 0.450318
[04/01/2024-15:04:11] [V] [TRT] Conv_4 + Relu_5 Set Tactic Name: sm80_xmma_fprop_implicit_gemm_indexed_f16f16_f16f16_f16_nhwckrsc_nhwc_tilesize128x128x32_stage4_warpsize2x2x1_g1_tensor16x8x16 Tactic: 0x0e07ff4f4f7c1ac9
[04/01/2024-15:04:11] [W] [TRT] Unknown embedded device detected. Using 59656MiB as the allocation cap for memory on embedded devices.
[04/01/2024-15:04:11] [V] [TRT] Tactic: 0x0e07ff4f4f7c1ac9 Time: 0.237463
[04/01/2024-15:04:11] [V] [TRT] Conv_4 + Relu_5 Set Tactic Name: sm80_xmma_fprop_implicit_gemm_indexed_f16f16_f16f16_f16_nhwckrsc_nhwc_tilesize128x64x64_stage3_warpsize2x2x1_g1_tensor16x8x16 Tactic: 0x21b295c0c8f6c95a
[04/01/2024-15:04:11] [W] [TRT] Unknown embedded device detected. Using 59656MiB as the allocation cap for memory on embedded devices.
[04/01/2024-15:04:11] [V] [TRT] Tactic: 0x21b295c0c8f6c95a Time: 0.359387
[04/01/2024-15:04:11] [V] [TRT] Conv_4 + Relu_5 Set Tactic Name: sm80_xmma_fprop_implicit_gemm_indexed_f16f16_f16f16_f16_nhwckrsc_nhwc_tilesize256x32x32_stage4_warpsize4x1x1_g1_tensor16x8x16 Tactic: 0xdce100b9fe609424
[04/01/2024-15:04:11] [W] [TRT] Unknown embedded device detected. Using 59656MiB as the allocation cap for memory on embedded devices.
[04/01/2024-15:04:11] [V] [TRT] Tactic: 0xdce100b9fe609424 Time: 0.354738
[04/01/2024-15:04:11] [V] [TRT] Conv_4 + Relu_5 Set Tactic Name: sm80_xmma_fprop_implicit_gemm_indexed_f16f16_f16f16_f16_nhwckrsc_nhwc_tilesize256x128x32_stage3_warpsize4x2x1_g1_tensor16x8x16 Tactic: 0xb17d53d15dfbfc9e
[04/01/2024-15:04:11] [W] [TRT] Unknown embedded device detected. Using 59656MiB as the allocation cap for memory on embedded devices.
[04/01/2024-15:04:11] [V] [TRT] Tactic: 0xb17d53d15dfbfc9e Time: 0.247648
[04/01/2024-15:04:11] [V] [TRT] Conv_4 + Relu_5 Set Tactic Name: sm80_xmma_fprop_implicit_gemm_indexed_f16f16_f16f16_f16_nhwckrsc_nhwc_tilesize128x64x32_stage5_warpsize2x2x1_g1_tensor16x8x16 Tactic: 0xc9d24bd069159fa8
[04/01/2024-15:04:11] [W] [TRT] Unknown embedded device detected. Using 59656MiB as the allocation cap for memory on embedded devices.
[04/01/2024-15:04:11] [V] [TRT] Tactic: 0xc9d24bd069159fa8 Time: 0.309554
[04/01/2024-15:04:11] [V] [TRT] Conv_4 + Relu_5 Set Tactic Name: sm80_xmma_fprop_implicit_gemm_f16f16_f16f16_f16_nhwckrsc_nhwc_tilesize128x128x64_stage3_warpsize2x2x1_g1_tensor16x8x16 Tactic: 0x57c9a5ff682354a6
[04/01/2024-15:04:11] [W] [TRT] Unknown embedded device detected. Using 59656MiB as the allocation cap for memory on embedded devices.
[04/01/2024-15:04:11] [V] [TRT] Tactic: 0x57c9a5ff682354a6 Time: 0.338011
[04/01/2024-15:04:11] [V] [TRT] Conv_4 + Relu_5 Set Tactic Name: sm80_xmma_fprop_implicit_gemm_f16f16_f16f16_f16_nhwckrsc_nhwc_tilesize64x128x32_stage5_warpsize2x2x1_g1_tensor16x8x16 Tactic: 0xdb0b80f591d1bb6d
[04/01/2024-15:04:11] [W] [TRT] Unknown embedded device detected. Using 59656MiB as the allocation cap for memory on embedded devices.
[04/01/2024-15:04:11] [V] [TRT] Tactic: 0xdb0b80f591d1bb6d Time: 0.265431
[04/01/2024-15:04:11] [V] [TRT] Conv_4 + Relu_5 Set Tactic Name: ampere_h16816cudnn_64x128_ldg8_relu_exp_stages_64x4_large_nhwc_tn_v1 Tactic: 0xa111596c001b78db
[04/01/2024-15:04:11] [W] [TRT] Unknown embedded device detected. Using 59656MiB as the allocation cap for memory on embedded devices.
[04/01/2024-15:04:11] [V] [TRT] Tactic: 0xa111596c001b78db Time: 0.443547
[04/01/2024-15:04:11] [V] [TRT] Conv_4 + Relu_5 Set Tactic Name: ampere_h16816cudnn_64x128_sliced1x2_ldg8_relu_exp_stages_64x4_medium_nhwc_tn_v1 Tactic: 0xc8a90ff8898200c3
[04/01/2024-15:04:11] [W] [TRT] Unknown embedded device detected. Using 59656MiB as the allocation cap for memory on embedded devices.
[04/01/2024-15:04:11] [V] [TRT] Tactic: 0xc8a90ff8898200c3 Time: 0.431474
[04/01/2024-15:04:11] [V] [TRT] Conv_4 + Relu_5 Set Tactic Name: sm80_xmma_fprop_implicit_gemm_indexed_f16f16_f16f16_f16_nhwckrsc_nhwc_tilesize64x64x64_stage4_warpsize2x2x1_g1_tensor16x8x16 Tactic: 0x4a81ea1e51436a30
[04/01/2024-15:04:11] [W] [TRT] Unknown embedded device detected. Using 59656MiB as the allocation cap for memory on embedded devices.
[04/01/2024-15:04:11] [V] [TRT] Tactic: 0x4a81ea1e51436a30 Time: 0.479849
[04/01/2024-15:04:11] [V] [TRT] Conv_4 + Relu_5 Set Tactic Name: sm80_xmma_fprop_implicit_gemm_indexed_f16f16_f16f16_f16_nhwckrsc_nhwc_tilesize256x64x64_stage3_warpsize4x1x1_g1_tensor16x8x16 Tactic: 0x9fff6e65019cc310
[04/01/2024-15:04:11] [W] [TRT] Unknown embedded device detected. Using 59656MiB as the allocation cap for memory on embedded devices.
[04/01/2024-15:04:11] [V] [TRT] Tactic: 0x9fff6e65019cc310 Time: 0.373449
[04/01/2024-15:04:11] [V] [TRT] Conv_4 + Relu_5 Set Tactic Name: ampere_h16816cudnn_64x64_ldg8_relu_exp_stages_64x6_large_nhwc_tn_v1 Tactic: 0x6af049035146c349
[04/01/2024-15:04:11] [W] [TRT] Unknown embedded device detected. Using 59656MiB as the allocation cap for memory on embedded devices.
[04/01/2024-15:04:11] [V] [TRT] Tactic: 0x6af049035146c349 Time: 0.677463
[04/01/2024-15:04:11] [V] [TRT] Conv_4 + Relu_5 Set Tactic Name: ampere_h16816cudnn_128x128_ldg8_relu_exp_stages_64x3_small_nhwc_tn_v1 Tactic: 0x58816bf2e9c36afb
[04/01/2024-15:04:11] [W] [TRT] Unknown embedded device detected. Using 59656MiB as the allocation cap for memory on embedded devices.
[04/01/2024-15:04:11] [V] [TRT] Tactic: 0x58816bf2e9c36afb Time: 0.34795
[04/01/2024-15:04:11] [V] [TRT] Conv_4 + Relu_5 Set Tactic Name: ampere_h16816cudnn_128x64_ldg8_relu_exp_stages_64x4_medium_nhwc_tn_v1 Tactic: 0x196cbc423a9bb69e
[04/01/2024-15:04:11] [W] [TRT] Unknown embedded device detected. Using 59656MiB as the allocation cap for memory on embedded devices.
[04/01/2024-15:04:11] [V] [TRT] Tactic: 0x196cbc423a9bb69e Time: 0.460878
[04/01/2024-15:04:11] [V] [TRT] Conv_4 + Relu_5 Set Tactic Name: ampere_h16816cudnn_256x128_ldg8_relu_exp_stages_64x3_large_nhwc_tn_v1 Tactic: 0x94576ece6beb35e3
[04/01/2024-15:04:11] [W] [TRT] Unknown embedded device detected. Using 59656MiB as the allocation cap for memory on embedded devices.
[04/01/2024-15:04:11] [V] [TRT] Tactic: 0x94576ece6beb35e3 Time: 0.328462
[04/01/2024-15:04:11] [V] [TRT] Conv_4 + Relu_5 Set Tactic Name: ampere_h1688cudnn_128x128_ldg8_relu_exp_small_nhwc_tn_v1 Tactic: 0x3369260c04f9ad73
[04/01/2024-15:04:11] [W] [TRT] Unknown embedded device detected. Using 59656MiB as the allocation cap for memory on embedded devices.
[04/01/2024-15:04:11] [V] [TRT] Tactic: 0x3369260c04f9ad73 Time: 0.37275
[04/01/2024-15:04:11] [V] [TRT] Conv_4 + Relu_5 Set Tactic Name: ampere_h16816cudnn_64x128_ldg8_relu_exp_stages_64x4_medium_nhwc_tn_v1 Tactic: 0xc82f3f06140e3cbb
[04/01/2024-15:04:11] [W] [TRT] Unknown embedded device detected. Using 59656MiB as the allocation cap for memory on embedded devices.
[04/01/2024-15:04:11] [V] [TRT] Tactic: 0xc82f3f06140e3cbb Time: 0.440581
[04/01/2024-15:04:11] [V] [TRT] Conv_4 + Relu_5 Set Tactic Name: ampere_h16816cudnn_128x128_ldg8_relu_exp_large_nhwc_tn_v1 Tactic: 0x2970ae65966d569d
[04/01/2024-15:04:11] [W] [TRT] Unknown embedded device detected. Using 59656MiB as the allocation cap for memory on embedded devices.
[04/01/2024-15:04:11] [V] [TRT] Tactic: 0x2970ae65966d569d Time: 0.315456
[04/01/2024-15:04:11] [V] [TRT] Conv_4 + Relu_5 Set Tactic Name: sm80_xmma_fprop_implicit_gemm_f16f16_f16f16_f16_nhwckrsc_nhwc_tilesize64x64x64_stage4_warpsize2x2x1_g1_tensor16x8x16_t1r3s3 Tactic: 0x31d93dc22d2af081
[04/01/2024-15:04:11] [W] [TRT] Unknown embedded device detected. Using 59656MiB as the allocation cap for memory on embedded devices.
[04/01/2024-15:04:11] [V] [TRT] Tactic: 0x31d93dc22d2af081 Time: 0.403863
[04/01/2024-15:04:11] [V] [TRT] Conv_4 + Relu_5 Set Tactic Name: sm80_xmma_fprop_implicit_gemm_f16f16_f16f16_f16_nhwckrsc_nhwc_tilesize64x32x64_stage5_warpsize2x2x1_g1_tensor16x8x16_t1r3s3 Tactic: 0xa033e20ae9f412b2
[04/01/2024-15:04:11] [W] [TRT] Unknown embedded device detected. Using 59656MiB as the allocation cap for memory on embedded devices.
[04/01/2024-15:04:11] [V] [TRT] Tactic: 0xa033e20ae9f412b2 Time: 0.505294
[04/01/2024-15:04:11] [V] [TRT] Conv_4 + Relu_5 Set Tactic Name: sm80_xmma_fprop_implicit_gemm_f16f16_f16f16_f16_nhwckrsc_nhwc_tilesize256x64x64_stage3_warpsize4x1x1_g1_tensor16x8x16 Tactic: 0xeb25062ffb9eae45
[04/01/2024-15:04:11] [W] [TRT] Unknown embedded device detected. Using 59656MiB as the allocation cap for memory on embedded devices.
[04/01/2024-15:04:11] [V] [TRT] Tactic: 0xeb25062ffb9eae45 Time: 0.360101
[04/01/2024-15:04:11] [V] [TRT] Conv_4 + Relu_5 Set Tactic Name: ampere_h16816cudnn_256x128_ldg8_relu_exp_stages_64x3_small_nhwc_tn_v1 Tactic: 0x0e199750c30c6928
[04/01/2024-15:04:11] [W] [TRT] Unknown embedded device detected. Using 59656MiB as the allocation cap for memory on embedded devices.
[04/01/2024-15:04:11] [V] [TRT] Tactic: 0x0e199750c30c6928 Time: 0.321042
[04/01/2024-15:04:11] [V] [TRT] Conv_4 + Relu_5 Set Tactic Name: sm80_xmma_fprop_implicit_gemm_f16f16_f16f16_f16_nhwckrsc_nhwc_tilesize128x128x32_stage4_warpsize2x2x1_g1_tensor16x8x16_t1r3s3_aACCESS Tactic: 0x245530c34bd6090f
[04/01/2024-15:04:11] [W] [TRT] Unknown embedded device detected. Using 59656MiB as the allocation cap for memory on embedded devices.
[04/01/2024-15:04:11] [V] [TRT] Tactic: 0x245530c34bd6090f Time: 0.218697
[04/01/2024-15:04:11] [V] [TRT] Conv_4 + Relu_5 Set Tactic Name: ampere_h16816cudnn_64x64_sliced1x2_ldg8_relu_exp_stages_64x6_large_nhwc_tn_v1 Tactic: 0xbeaee7eaad288322
[04/01/2024-15:04:11] [W] [TRT] Unknown embedded device detected. Using 59656MiB as the allocation cap for memory on embedded devices.
[04/01/2024-15:04:11] [V] [TRT] Tactic: 0xbeaee7eaad288322 Time: 0.667397
[04/01/2024-15:04:11] [V] [TRT] Conv_4 + Relu_5 Set Tactic Name: sm80_xmma_fprop_implicit_gemm_indexed_f16f16_f16f16_f16_nhwckrsc_nhwc_tilesize128x128x64_stage3_warpsize2x2x1_g1_tensor16x8x16 Tactic: 0x866e7a5f6401b67f
[04/01/2024-15:04:11] [W] [TRT] Unknown embedded device detected. Using 59656MiB as the allocation cap for memory on embedded devices.
[04/01/2024-15:04:11] [V] [TRT] Tactic: 0x866e7a5f6401b67f Time: 0.335758
[04/01/2024-15:04:11] [V] [TRT] Conv_4 + Relu_5 Set Tactic Name: sm80_xmma_fprop_implicit_gemm_f16f16_f16f16_f16_nhwckrsc_nhwc_tilesize64x64x64_stage4_warpsize2x2x1_g1_tensor16x8x16_t1r3s3_aACCESS Tactic: 0x30e8a8d7a953e5e9
[04/01/2024-15:04:11] [W] [TRT] Unknown embedded device detected. Using 59656MiB as the allocation cap for memory on embedded devices.
[04/01/2024-15:04:11] [V] [TRT] Tactic: 0x30e8a8d7a953e5e9 Time: 0.424283
[04/01/2024-15:04:11] [V] [TRT] Conv_4 + Relu_5 Set Tactic Name: ampere_h16816cudnn_256x128_ldg8_relu_exp_large_nhwc_tn_v1 Tactic: 0xdc796d70e228a1d4
[04/01/2024-15:04:11] [W] [TRT] Unknown embedded device detected. Using 59656MiB as the allocation cap for memory on embedded devices.
[04/01/2024-15:04:11] [V] [TRT] Tactic: 0xdc796d70e228a1d4 Time: 0.331296
[04/01/2024-15:04:11] [V] [TRT] Conv_4 + Relu_5 Set Tactic Name: ampere_h1688cudnn_256x128_ldg8_relu_exp_medium_nhwc_tn_v1 Tactic: 0x30c0f36d0aeeac6a
[04/01/2024-15:04:11] [W] [TRT] Unknown embedded device detected. Using 59656MiB as the allocation cap for memory on embedded devices.
[04/01/2024-15:04:11] [V] [TRT] Tactic: 0x30c0f36d0aeeac6a Time: 0.39621
[04/01/2024-15:04:11] [V] [TRT] Conv_4 + Relu_5 Set Tactic Name: sm80_xmma_fprop_implicit_gemm_indexed_f16f16_f16f16_f16_nhwckrsc_nhwc_tilesize256x64x32_stage3_warpsize4x1x1_g1_tensor16x8x16 Tactic: 0xa570c55d303796ff
[04/01/2024-15:04:11] [W] [TRT] Unknown embedded device detected. Using 59656MiB as the allocation cap for memory on embedded devices.
[04/01/2024-15:04:11] [V] [TRT] Tactic: 0xa570c55d303796ff Time: 0.265285
[04/01/2024-15:04:11] [V] [TRT] Conv_4 + Relu_5 Set Tactic Name: sm80_xmma_fprop_implicit_gemm_f16f16_f16f16_f16_nhwckrsc_nhwc_tilesize256x64x32_stage3_warpsize4x1x1_g1_tensor16x8x16 Tactic: 0xd1aaad17ca35fbaa
[04/01/2024-15:04:11] [W] [TRT] Unknown embedded device detected. Using 59656MiB as the allocation cap for memory on embedded devices.
[04/01/2024-15:04:11] [V] [TRT] Tactic: 0xd1aaad17ca35fbaa Time: 0.260791
[04/01/2024-15:04:11] [V] [TRT] Conv_4 + Relu_5 Set Tactic Name: sm80_xmma_fprop_implicit_gemm_f16f16_f16f16_f16_nhwckrsc_nhwc_tilesize256x64x32_stage3_warpsize4x1x1_g1_tensor16x8x16_t1r3s3_aACCESS Tactic: 0x0866ddee325d07a6
[04/01/2024-15:04:11] [W] [TRT] Unknown embedded device detected. Using 59656MiB as the allocation cap for memory on embedded devices.
[04/01/2024-15:04:11] [V] [TRT] Tactic: 0x0866ddee325d07a6 Time: 0.256965
[04/01/2024-15:04:11] [V] [TRT] Conv_4 + Relu_5 Set Tactic Name: ampere_h16816cudnn_64x64_sliced1x2_ldg8_relu_exp_stages_64x5_large_nhwc_tn_v1 Tactic: 0x8015519605ab9963
[04/01/2024-15:04:11] [W] [TRT] Unknown embedded device detected. Using 59656MiB as the allocation cap for memory on embedded devices.
[04/01/2024-15:04:11] [V] [TRT] Tactic: 0x8015519605ab9963 Time: 0.48603
[04/01/2024-15:04:11] [V] [TRT] Conv_4 + Relu_5 Set Tactic Name: sm80_xmma_fprop_implicit_gemm_f16f16_f16f16_f16_nhwckrsc_nhwc_tilesize64x32x64_stage5_warpsize2x2x1_g1_tensor16x8x16 Tactic: 0x5820b3dda403c4d0
[04/01/2024-15:04:11] [W] [TRT] Unknown embedded device detected. Using 59656MiB as the allocation cap for memory on embedded devices.
[04/01/2024-15:04:11] [V] [TRT] Tactic: 0x5820b3dda403c4d0 Time: 0.514245
[04/01/2024-15:04:11] [V] [TRT] Conv_4 + Relu_5 Set Tactic Name: ampere_h16816cudnn_256x128_ldg8_relu_exp_stages_64x3_medium_nhwc_tn_v1 Tactic: 0xb9171d70ba2eda4b
[04/01/2024-15:04:11] [W] [TRT] Unknown embedded device detected. Using 59656MiB as the allocation cap for memory on embedded devices.
[04/01/2024-15:04:11] [V] [TRT] Tactic: 0xb9171d70ba2eda4b Time: 0.324096
[04/01/2024-15:04:11] [V] [TRT] Conv_4 + Relu_5 Set Tactic Name: sm80_xmma_fprop_implicit_gemm_f16f16_f16f16_f16_nhwckrsc_nhwc_tilesize128x32x32_stage4_warpsize4x1x1_g1_tensor16x8x16_t1r3s3 Tactic: 0x3e7eb35b91b9fa63
[04/01/2024-15:04:11] [W] [TRT] Unknown embedded device detected. Using 59656MiB as the allocation cap for memory on embedded devices.
[04/01/2024-15:04:11] [V] [TRT] Tactic: 0x3e7eb35b91b9fa63 Time: 0.379931
[04/01/2024-15:04:11] [V] [TRT] Conv_4 + Relu_5 Set Tactic Name: sm80_xmma_fprop_implicit_gemm_f16f16_f16f16_f16_nhwckrsc_nhwc_tilesize128x64x64_stage3_warpsize2x2x1_g1_tensor16x8x16 Tactic: 0x5568fd8a32f4a40f
[04/01/2024-15:04:11] [W] [TRT] Unknown embedded device detected. Using 59656MiB as the allocation cap for memory on embedded devices.
[04/01/2024-15:04:11] [V] [TRT] Tactic: 0x5568fd8a32f4a40f Time: 0.325193
[04/01/2024-15:04:11] [V] [TRT] Conv_4 + Relu_5 Set Tactic Name: sm80_xmma_fprop_implicit_gemm_f16f16_f16f16_f16_nhwckrsc_nhwc_tilesize128x64x32_stage5_warpsize2x2x1_g1_tensor16x8x16 Tactic: 0xbd08239a9317f2fd
[04/01/2024-15:04:11] [W] [TRT] Unknown embedded device detected. Using 59656MiB as the allocation cap for memory on embedded devices.
[04/01/2024-15:04:11] [V] [TRT] Tactic: 0xbd08239a9317f2fd Time: 0.303095
[04/01/2024-15:04:11] [V] [TRT] Conv_4 + Relu_5 Set Tactic Name: sm80_xmma_fprop_implicit_gemm_f16f16_f16f16_f16_nhwckrsc_nhwc_tilesize128x64x64_stage3_warpsize2x2x1_g1_tensor16x8x16_t1r3s3 Tactic: 0x05b6220f243edacd
[04/01/2024-15:04:11] [W] [TRT] Unknown embedded device detected. Using 59656MiB as the allocation cap for memory on embedded devices.
[04/01/2024-15:04:11] [V] [TRT] Tactic: 0x05b6220f243edacd Time: 0.319694
[04/01/2024-15:04:11] [V] [TRT] Conv_4 + Relu_5 Set Tactic Name: sm80_xmma_fprop_implicit_gemm_f16f16_f16f16_f16_nhwckrsc_nhwc_tilesize128x256x32_stage3_warpsize2x4x1_g1_tensor16x8x16_t1r3s3 Tactic: 0xa9177bbe4e767df8
[04/01/2024-15:04:11] [W] [TRT] Unknown embedded device detected. Using 59656MiB as the allocation cap for memory on embedded devices.
[04/01/2024-15:04:11] [V] [TRT] Tactic: 0xa9177bbe4e767df8 Time: 0.445221
[04/01/2024-15:04:11] [V] [TRT] Conv_4 + Relu_5 Set Tactic Name: sm80_xmma_fprop_implicit_gemm_f16f16_f16f16_f16_nhwckrsc_nhwc_tilesize256x32x32_stage4_warpsize4x1x1_g1_tensor16x8x16 Tactic: 0xa83b68f30462f971
[04/01/2024-15:04:11] [W] [TRT] Unknown embedded device detected. Using 59656MiB as the allocation cap for memory on embedded devices.
[04/01/2024-15:04:11] [V] [TRT] Tactic: 0xa83b68f30462f971 Time: 0.361678
[04/01/2024-15:04:11] [V] [TRT] Conv_4 + Relu_5 Set Tactic Name: sm80_xmma_fprop_implicit_gemm_f16f16_f16f16_f16_nhwckrsc_nhwc_tilesize64x256x64_stage3_warpsize1x4x1_g1_tensor16x8x16 Tactic: 0x29dc14520e0e4eb6
[04/01/2024-15:04:11] [W] [TRT] Unknown embedded device detected. Using 59656MiB as the allocation cap for memory on embedded devices.
[04/01/2024-15:04:11] [V] [TRT] Tactic: 0x29dc14520e0e4eb6 Time: 0.651077
[04/01/2024-15:04:11] [V] [TRT] Conv_4 + Relu_5 Set Tactic Name: sm80_xmma_fprop_implicit_gemm_f16f16_f16f16_f16_nhwckrsc_nhwc_tilesize64x64x64_stage4_warpsize2x2x1_g1_tensor16x8x16 Tactic: 0xf35e0311fa1cc516
[04/01/2024-15:04:11] [W] [TRT] Unknown embedded device detected. Using 59656MiB as the allocation cap for memory on embedded devices.
[04/01/2024-15:04:11] [V] [TRT] Tactic: 0xf35e0311fa1cc516 Time: 0.409143
[04/01/2024-15:04:11] [V] [TRT] Conv_4 + Relu_5 Set Tactic Name: sm80_xmma_fprop_implicit_gemm_f16f16_f16f16_f16_nhwckrsc_nhwc_tilesize128x64x32_stage5_warpsize2x2x1_g1_tensor16x8x16_t1r3s3 Tactic: 0xb4bec086187edcfc
[04/01/2024-15:04:11] [W] [TRT] Unknown embedded device detected. Using 59656MiB as the allocation cap for memory on embedded devices.
[04/01/2024-15:04:11] [V] [TRT] Tactic: 0xb4bec086187edcfc Time: 0.289449
[04/01/2024-15:04:11] [V] [TRT] Conv_4 + Relu_5 Set Tactic Name: ampere_h1688cudnn_256x64_ldg8_relu_exp_medium_nhwc_tn_v1 Tactic: 0x6426696f872a3b13
[04/01/2024-15:04:11] [W] [TRT] Unknown embedded device detected. Using 59656MiB as the allocation cap for memory on embedded devices.
[04/01/2024-15:04:11] [V] [TRT] Tactic: 0x6426696f872a3b13 Time: 0.37184
[04/01/2024-15:04:11] [V] [TRT] Conv_4 + Relu_5 Set Tactic Name: sm80_xmma_fprop_implicit_gemm_f16f16_f16f16_f16_nhwckrsc_nhwc_tilesize256x64x32_stage3_warpsize4x1x1_g1_tensor16x8x16_t1r3s3 Tactic: 0x529f4431bdae94f5
[04/01/2024-15:04:11] [W] [TRT] Unknown embedded device detected. Using 59656MiB as the allocation cap for memory on embedded devices.
[04/01/2024-15:04:11] [V] [TRT] Tactic: 0x529f4431bdae94f5 Time: 0.258775
[04/01/2024-15:04:11] [V] [TRT] Conv_4 + Relu_5 Set Tactic Name: sm80_xmma_fprop_implicit_gemm_f16f16_f16f16_f16_nhwckrsc_nhwc_tilesize256x128x64_stage3_warpsize4x2x1_g1_tensor16x8x16_t1r3s3 Tactic: 0xd2fca0486ca97266
[04/01/2024-15:04:11] [W] [TRT] Unknown embedded device detected. Using 59656MiB as the allocation cap for memory on embedded devices.
[04/01/2024-15:04:11] [V] [TRT] Tactic: 0xd2fca0486ca97266 Time: 0.316027
[04/01/2024-15:04:11] [V] [TRT] Conv_4 + Relu_5 Set Tactic Name: sm80_xmma_fprop_implicit_gemm_f16f16_f16f16_f16_nhwckrsc_nhwc_tilesize128x128x64_stage3_warpsize2x2x1_g1_tensor16x8x16_t1r3s3 Tactic: 0xc0a02dc6095497cc
[04/01/2024-15:04:11] [W] [TRT] Unknown embedded device detected. Using 59656MiB as the allocation cap for memory on embedded devices.
[04/01/2024-15:04:11] [V] [TRT] Tactic: 0xc0a02dc6095497cc Time: 0.338551
[04/01/2024-15:04:11] [V] [TRT] Conv_4 + Relu_5 Set Tactic Name: sm80_xmma_fprop_implicit_gemm_f16f16_f16f16_f16_nhwckrsc_nhwc_tilesize256x128x32_stage3_warpsize4x2x1_g1_tensor16x8x16_t1r3s3 Tactic: 0x048d6d0400f33439
[04/01/2024-15:04:11] [W] [TRT] Unknown embedded device detected. Using 59656MiB as the allocation cap for memory on embedded devices.
[04/01/2024-15:04:11] [V] [TRT] Tactic: 0x048d6d0400f33439 Time: 0.242647
[04/01/2024-15:04:11] [V] [TRT] Conv_4 + Relu_5 Set Tactic Name: sm80_xmma_fprop_implicit_gemm_f16f16_f16f16_f16_nhwckrsc_nhwc_tilesize256x128x64_stage3_warpsize4x2x1_g1_tensor16x8x16 Tactic: 0x5a55274960724ba8
[04/01/2024-15:04:11] [W] [TRT] Unknown embedded device detected. Using 59656MiB as the allocation cap for memory on embedded devices.
[04/01/2024-15:04:11] [V] [TRT] Tactic: 0x5a55274960724ba8 Time: 0.310825
[04/01/2024-15:04:11] [V] [TRT] Conv_4 + Relu_5 Set Tactic Name: ampere_h16816cudnn_256x64_ldg8_relu_exp_large_nhwc_tn_v1 Tactic: 0x5013c38f55afa9ba
[04/01/2024-15:04:11] [W] [TRT] Unknown embedded device detected. Using 59656MiB as the allocation cap for memory on embedded devices.
[04/01/2024-15:04:11] [V] [TRT] Tactic: 0x5013c38f55afa9ba Time: 0.374912
[04/01/2024-15:04:11] [V] [TRT] Conv_4 + Relu_5 Set Tactic Name: sm80_xmma_fprop_implicit_gemm_f16f16_f16f16_f16_nhwckrsc_nhwc_tilesize128x32x32_stage4_warpsize4x1x1_g1_tensor16x8x16 Tactic: 0x834e11ecd4ab9454
[04/01/2024-15:04:11] [W] [TRT] Unknown embedded device detected. Using 59656MiB as the allocation cap for memory on embedded devices.
[04/01/2024-15:04:11] [V] [TRT] Tactic: 0x834e11ecd4ab9454 Time: 0.381307
[04/01/2024-15:04:11] [V] [TRT] Conv_4 + Relu_5 Set Tactic Name: sm80_xmma_fprop_implicit_gemm_f16f16_f16f16_f16_nhwckrsc_nhwc_tilesize128x128x32_stage4_warpsize2x2x1_g1_tensor16x8x16 Tactic: 0xdfa020ef435ef810
[04/01/2024-15:04:11] [W] [TRT] Unknown embedded device detected. Using 59656MiB as the allocation cap for memory on embedded devices.
[04/01/2024-15:04:11] [V] [TRT] Tactic: 0xdfa020ef435ef810 Time: 0.218194
[04/01/2024-15:04:11] [V] [TRT] Conv_4 + Relu_5 Set Tactic Name: sm80_xmma_fprop_implicit_gemm_f16f16_f16f16_f16_nhwckrsc_nhwc_tilesize128x64x64_stage3_warpsize2x2x1_g1_tensor16x8x16_t1r3s3_aACCESS Tactic: 0x263a38afd75e3a43
[04/01/2024-15:04:11] [W] [TRT] Unknown embedded device detected. Using 59656MiB as the allocation cap for memory on embedded devices.
[04/01/2024-15:04:11] [V] [TRT] Tactic: 0x263a38afd75e3a43 Time: 0.363817
[04/01/2024-15:04:11] [V] [TRT] Conv_4 + Relu_5 Set Tactic Name: sm80_xmma_fprop_implicit_gemm_f16f16_f16f16_f16_nhwckrsc_nhwc_tilesize256x32x32_stage4_warpsize4x1x1_g1_tensor16x8x16_t1r3s3 Tactic: 0xa40cb43c296a36a8
[04/01/2024-15:04:11] [W] [TRT] Unknown embedded device detected. Using 59656MiB as the allocation cap for memory on embedded devices.
[04/01/2024-15:04:11] [V] [TRT] Tactic: 0xa40cb43c296a36a8 Time: 0.359186
[04/01/2024-15:04:11] [V] [TRT] Fastest Tactic: 0x60c3421152ef8e10 Time: 0.216887
[04/01/2024-15:04:11] [V] [TRT] --------------- Timing Runner: Conv_4 + Relu_5 (CaskFlattenConvolution)
[04/01/2024-15:04:11] [V] [TRT] CaskFlattenConvolution has no valid tactics for this config, skipping
[04/01/2024-15:04:11] [V] [TRT] >>>>>>>>>>>>>>> Chose Runner Type: CaskConvolution Tactic: 0x60c3421152ef8e10
[04/01/2024-15:04:11] [V] [TRT] Adding reformat layer: Reformatted Input Tensor 0 to Conv_0 + Relu_1 (feat_in) from Half(10368000,129600,360,1) to Half(1296000,1:8,3600,10)
[04/01/2024-15:04:11] [V] [TRT] Adding reformat layer: Reformatted Output Tensor 0 to Conv_4 + Relu_5 (feat_out) from Half(324000,1:8,1800,10) to Half(2592000,32400,180,1)
[04/01/2024-15:04:11] [V] [TRT] Formats and tactics selection completed in 19.8729 seconds.
[04/01/2024-15:04:11] [V] [TRT] After reformat layers: 5 layers
[04/01/2024-15:04:11] [V] [TRT] Total number of blocks in pre-optimized block assignment: 5
[04/01/2024-15:04:11] [I] [TRT] Total Activation Memory: 2199323648
[04/01/2024-15:04:11] [I] [TRT] Detected 1 inputs and 1 output network tensors.
[04/01/2024-15:04:11] [V] [TRT] Conv_0 + Relu_1 Set Tactic Name: sm80_xmma_fprop_implicit_gemm_f16f16_f16f16_f16_nhwckrsc_nhwc_tilesize128x128x32_stage4_warpsize2x2x1_g1_tensor16x8x16_t1r3s3 Tactic: 0x60c3421152ef8e10
[04/01/2024-15:04:11] [V] [TRT] Conv_2 + Relu_3 Set Tactic Name: sm80_xmma_fprop_implicit_gemm_f16f16_f16f16_f16_nhwckrsc_nhwc_tilesize128x128x32_stage4_warpsize2x2x1_g1_tensor16x8x16_t1r3s3 Tactic: 0x60c3421152ef8e10
[04/01/2024-15:04:11] [V] [TRT] Conv_4 + Relu_5 Set Tactic Name: sm80_xmma_fprop_implicit_gemm_f16f16_f16f16_f16_nhwckrsc_nhwc_tilesize128x128x32_stage4_warpsize2x2x1_g1_tensor16x8x16_t1r3s3 Tactic: 0x60c3421152ef8e10
[04/01/2024-15:04:11] [V] [TRT] Layer: Conv_0 + Relu_1 Host Persistent: 3264 Device Persistent: 0 Scratch Memory: 0
[04/01/2024-15:04:11] [V] [TRT] Layer: Conv_2 + Relu_3 Host Persistent: 3264 Device Persistent: 0 Scratch Memory: 0
[04/01/2024-15:04:11] [V] [TRT] Layer: Conv_4 + Relu_5 Host Persistent: 3264 Device Persistent: 0 Scratch Memory: 0
[04/01/2024-15:04:11] [V] [TRT] Skipped printing memory information for 2 layers with 0 memory size i.e. Host Persistent + Device Persistent + Scratch Memory == 0.
[04/01/2024-15:04:11] [I] [TRT] Total Host Persistent Memory: 9792
[04/01/2024-15:04:11] [I] [TRT] Total Device Persistent Memory: 0
[04/01/2024-15:04:11] [I] [TRT] Total Scratch Memory: 0
[04/01/2024-15:04:11] [I] [TRT] [MemUsageStats] Peak memory usage of TRT CPU/GPU memory allocators: CPU 0 MiB, GPU 439 MiB
[04/01/2024-15:04:11] [I] [TRT] [BlockAssignment] Started assigning block shifts. This will take 4 steps to complete.
[04/01/2024-15:04:11] [I] [TRT] [BlockAssignment] Algorithm ShiftNTopDown took 0.024512ms to assign 2 blocks to 4 nodes requiring 41472000 bytes.
[04/01/2024-15:04:11] [V] [TRT] Total number of blocks in optimized block assignment: 2
[04/01/2024-15:04:11] [I] [TRT] Total Activation Memory: 41472000
[04/01/2024-15:04:11] [V] [TRT] Finalize: Conv_0 + Relu_1 Set kernel index: 0
[04/01/2024-15:04:11] [V] [TRT] Finalize: Conv_2 + Relu_3 Set kernel index: 0
[04/01/2024-15:04:11] [V] [TRT] Finalize: Conv_4 + Relu_5 Set kernel index: 0
[04/01/2024-15:04:11] [V] [TRT] Total number of generated kernels selected for the engine: 1
[04/01/2024-15:04:11] [V] [TRT] Kernel: 0 CASK_STATIC
[04/01/2024-15:04:11] [V] [TRT] Disabling unused tactic source: CUDNN
[04/01/2024-15:04:11] [V] [TRT] Disabling unused tactic source: CUBLAS, CUBLAS_LT
[04/01/2024-15:04:11] [V] [TRT] Disabling unused tactic source: JIT_CONVOLUTIONS
[04/01/2024-15:04:11] [V] [TRT] Engine generation completed in 20.8287 seconds.
[04/01/2024-15:04:11] [W] [TRT] TensorRT encountered issues when converting weights between types and that could affect accuracy.
[04/01/2024-15:04:11] [W] [TRT] If this is not the desired behavior, please modify the weights or retrain with regularization to adjust the magnitude of the weights.
[04/01/2024-15:04:11] [W] [TRT] Check verbose logs for the list of affected weights.
[04/01/2024-15:04:11] [W] [TRT] - 3 weights are affected by this issue: Detected subnormal FP16 values.
[04/01/2024-15:04:11] [V] [TRT]   List of affected weights: Conv_0 + Relu_1.weight, Conv_2 + Relu_3.weight, Conv_4 + Relu_5.weight
[04/01/2024-15:04:11] [V] [TRT] Deleting timing cache: 105 entries, served 6 hits since creation.
[04/01/2024-15:04:11] [V] [TRT] Engine Layer Information:
Layer(Reformat): Reformatting CopyNode for Input Tensor 0 to Conv_0 + Relu_1, Tactic: 0x00000000000003ea, feat_in (Half[1,80,360,360]) -> Reformatted Input Tensor 0 to Conv_0 + Relu_1 (Half[1,80:8,360,360])
Layer(CaskConvolution): Conv_0 + Relu_1, Tactic: 0x60c3421152ef8e10, Reformatted Input Tensor 0 to Conv_0 + Relu_1 (Half[1,80:8,360,360]) -> 8 (Half[1,80:8,360,360])
Layer(CaskConvolution): Conv_2 + Relu_3, Tactic: 0x60c3421152ef8e10, 8 (Half[1,80:8,360,360]) -> 10 (Half[1,80:8,180,180])
Layer(CaskConvolution): Conv_4 + Relu_5, Tactic: 0x60c3421152ef8e10, 10 (Half[1,80:8,180,180]) -> Reformatted Output Tensor 0 to Conv_4 + Relu_5 (Half[1,80:8,180,180])
Layer(Reformat): Reformatting CopyNode for Output Tensor 0 to Conv_4 + Relu_5, Tactic: 0x0000000000000000, Reformatted Output Tensor 0 to Conv_4 + Relu_5 (Half[1,80:8,180,180]) -> feat_out (Half[1,80,180,180])
[04/01/2024-15:04:11] [I] [TRT] [MemUsageChange] TensorRT-managed allocation in building engine: CPU +0, GPU +4, now: CPU 0, GPU 4 (MiB)
[04/01/2024-15:04:11] [I] Engine built in 22.8656 sec.
[04/01/2024-15:04:11] [I] [TRT] Loaded engine size: 0 MiB
[04/01/2024-15:04:11] [V] [TRT] Deserialization required 4023 microseconds.
[04/01/2024-15:04:11] [I] [TRT] [MemUsageChange] TensorRT-managed allocation in engine deserialization: CPU +0, GPU +0, now: CPU 0, GPU 0 (MiB)
[04/01/2024-15:04:11] [I] Engine deserialized in 0.0043453 sec.
[04/01/2024-15:04:11] [V] [TRT] Total per-runner device persistent memory is 0
[04/01/2024-15:04:11] [V] [TRT] Total per-runner host persistent memory is 9792
[04/01/2024-15:04:11] [V] [TRT] Allocated activation device memory of size 41472000
[04/01/2024-15:04:11] [I] [TRT] [MemUsageChange] TensorRT-managed allocation in IExecutionContext creation: CPU +0, GPU +39, now: CPU 0, GPU 39 (MiB)
[04/01/2024-15:04:11] [I] Setting persistentCacheLimit to 0 bytes.
[04/01/2024-15:04:11] [V] Using enqueueV3.
[04/01/2024-15:04:11] [I] Using random values for input feat_in
[04/01/2024-15:04:12] [I] Created input binding for feat_in with dimensions 1x80x360x360
[04/01/2024-15:04:12] [I] Using random values for output feat_out
[04/01/2024-15:04:12] [I] Created output binding for feat_out with dimensions 1x80x180x180
[04/01/2024-15:04:12] [I] Layer Information:
[04/01/2024-15:04:12] [I] Layers:
Name: Reformatting CopyNode for Input Tensor 0 to Conv_0 + Relu_1, LayerType: Reformat, Inputs: [ { Name: feat_in, Location: Device, Dimensions: [1,80,360,360], Format/Datatype: Row major linear FP16 format }], Outputs: [ { Name: Reformatted Input Tensor 0 to Conv_0 + Relu_1, Location: Device, Dimensions: [1,80,360,360], Format/Datatype: Channel major FP16 format where channel % 8 == 0 }], ParameterType: Reformat, Origin: REFORMAT, TacticValue: 0x00000000000003ea
Name: Conv_0 + Relu_1, LayerType: CaskConvolution, Inputs: [ { Name: Reformatted Input Tensor 0 to Conv_0 + Relu_1, Location: Device, Dimensions: [1,80,360,360], Format/Datatype: Channel major FP16 format where channel % 8 == 0 }], Outputs: [ { Name: 8, Location: Device, Dimensions: [1,80,360,360], Format/Datatype: Channel major FP16 format where channel % 8 == 0 }], ParameterType: Convolution, Kernel: [3,3], PaddingMode: kEXPLICIT_ROUND_DOWN, PrePadding: [1,1], PostPadding: [1,1], Stride: [1,1], Dilation: [1,1], OutMaps: 80, Groups: 1, Weights: {"Type": "Half", "Count": 57600}, Bias: {"Type": "Half", "Count": 80}, HasSparseWeights: 0, HasDynamicFilter: 0, HasDynamicBias: 0, HasResidual: 0, ConvXAsActInputIdx: -1, BiasAsActInputIdx: -1, ResAsActInputIdx: -1, Activation: RELU, HasBias: 1, HasReLU: 1, TacticName: sm80_xmma_fprop_implicit_gemm_f16f16_f16f16_f16_nhwckrsc_nhwc_tilesize128x128x32_stage4_warpsize2x2x1_g1_tensor16x8x16_t1r3s3, TacticValue: 0x60c3421152ef8e10
Name: Conv_2 + Relu_3, LayerType: CaskConvolution, Inputs: [ { Name: 8, Location: Device, Dimensions: [1,80,360,360], Format/Datatype: Channel major FP16 format where channel % 8 == 0 }], Outputs: [ { Name: 10, Location: Device, Dimensions: [1,80,180,180], Format/Datatype: Channel major FP16 format where channel % 8 == 0 }], ParameterType: Convolution, Kernel: [3,3], PaddingMode: kEXPLICIT_ROUND_DOWN, PrePadding: [1,1], PostPadding: [1,1], Stride: [2,2], Dilation: [1,1], OutMaps: 80, Groups: 1, Weights: {"Type": "Half", "Count": 57600}, Bias: {"Type": "Half", "Count": 80}, HasSparseWeights: 0, HasDynamicFilter: 0, HasDynamicBias: 0, HasResidual: 0, ConvXAsActInputIdx: -1, BiasAsActInputIdx: -1, ResAsActInputIdx: -1, Activation: RELU, HasBias: 1, HasReLU: 1, TacticName: sm80_xmma_fprop_implicit_gemm_f16f16_f16f16_f16_nhwckrsc_nhwc_tilesize128x128x32_stage4_warpsize2x2x1_g1_tensor16x8x16_t1r3s3, TacticValue: 0x60c3421152ef8e10
Name: Conv_4 + Relu_5, LayerType: CaskConvolution, Inputs: [ { Name: 10, Location: Device, Dimensions: [1,80,180,180], Format/Datatype: Channel major FP16 format where channel % 8 == 0 }], Outputs: [ { Name: Reformatted Output Tensor 0 to Conv_4 + Relu_5, Location: Device, Dimensions: [1,80,180,180], Format/Datatype: Channel major FP16 format where channel % 8 == 0 }], ParameterType: Convolution, Kernel: [3,3], PaddingMode: kEXPLICIT_ROUND_DOWN, PrePadding: [1,1], PostPadding: [1,1], Stride: [1,1], Dilation: [1,1], OutMaps: 80, Groups: 1, Weights: {"Type": "Half", "Count": 57600}, Bias: {"Type": "Half", "Count": 80}, HasSparseWeights: 0, HasDynamicFilter: 0, HasDynamicBias: 0, HasResidual: 0, ConvXAsActInputIdx: -1, BiasAsActInputIdx: -1, ResAsActInputIdx: -1, Activation: RELU, HasBias: 1, HasReLU: 1, TacticName: sm80_xmma_fprop_implicit_gemm_f16f16_f16f16_f16_nhwckrsc_nhwc_tilesize128x128x32_stage4_warpsize2x2x1_g1_tensor16x8x16_t1r3s3, TacticValue: 0x60c3421152ef8e10
Name: Reformatting CopyNode for Output Tensor 0 to Conv_4 + Relu_5, LayerType: Reformat, Inputs: [ { Name: Reformatted Output Tensor 0 to Conv_4 + Relu_5, Location: Device, Dimensions: [1,80,180,180], Format/Datatype: Channel major FP16 format where channel % 8 == 0 }], Outputs: [ { Name: feat_out, Location: Device, Dimensions: [1,80,180,180], Format/Datatype: Row major linear FP16 format }], ParameterType: Reformat, Origin: REFORMAT, TacticValue: 0x0000000000000000

Bindings:
feat_in
feat_out
[04/01/2024-15:04:12] [I] Starting inference
[04/01/2024-15:04:15] [I] Warmup completed 121 queries over 200 ms
[04/01/2024-15:04:15] [I] Timing trace has 1815 queries over 3.00446 s
[04/01/2024-15:04:15] [I] 
[04/01/2024-15:04:15] [I] === Trace details ===
[04/01/2024-15:04:15] [I] Trace averages of 10 runs:
[04/01/2024-15:04:15] [I] Average on 10 runs - GPU latency: 1.63662 ms - Host latency: 2.93674 ms (enqueue 0.127173 ms)
[04/01/2024-15:04:15] [I] Average on 10 runs - GPU latency: 1.67941 ms - Host latency: 2.96392 ms (enqueue 0.151102 ms)
[04/01/2024-15:04:15] [I] Average on 10 runs - GPU latency: 1.63671 ms - Host latency: 2.93445 ms (enqueue 0.12184 ms)
[04/01/2024-15:04:15] [I] Average on 10 runs - GPU latency: 1.64677 ms - Host latency: 2.9567 ms (enqueue 0.159616 ms)
[04/01/2024-15:04:15] [I] Average on 10 runs - GPU latency: 1.63685 ms - Host latency: 2.93673 ms (enqueue 0.123962 ms)
[04/01/2024-15:04:15] [I] Average on 10 runs - GPU latency: 1.68054 ms - Host latency: 2.98365 ms (enqueue 0.14498 ms)
[04/01/2024-15:04:15] [I] Average on 10 runs - GPU latency: 1.63536 ms - Host latency: 2.92977 ms (enqueue 0.127002 ms)
[04/01/2024-15:04:15] [I] Average on 10 runs - GPU latency: 1.64716 ms - Host latency: 2.96728 ms (enqueue 0.142538 ms)
[04/01/2024-15:04:15] [I] Average on 10 runs - GPU latency: 1.6359 ms - Host latency: 2.93532 ms (enqueue 0.122348 ms)
[04/01/2024-15:04:15] [I] Average on 10 runs - GPU latency: 1.64437 ms - Host latency: 2.95157 ms (enqueue 0.150507 ms)
[04/01/2024-15:04:15] [I] Average on 10 runs - GPU latency: 1.63577 ms - Host latency: 2.92833 ms (enqueue 0.120425 ms)
[04/01/2024-15:04:15] [I] Average on 10 runs - GPU latency: 1.64123 ms - Host latency: 2.90128 ms (enqueue 0.174875 ms)
[04/01/2024-15:04:15] [I] Average on 10 runs - GPU latency: 1.63296 ms - Host latency: 2.92151 ms (enqueue 0.135233 ms)
[04/01/2024-15:04:15] [I] Average on 10 runs - GPU latency: 1.67656 ms - Host latency: 2.96878 ms (enqueue 0.142337 ms)
[04/01/2024-15:04:15] [I] Average on 10 runs - GPU latency: 1.63582 ms - Host latency: 2.93465 ms (enqueue 0.116956 ms)
[04/01/2024-15:04:15] [I] Average on 10 runs - GPU latency: 1.64265 ms - Host latency: 2.95006 ms (enqueue 0.140399 ms)
[04/01/2024-15:04:15] [I] Average on 10 runs - GPU latency: 1.63812 ms - Host latency: 2.93625 ms (enqueue 0.130975 ms)
[04/01/2024-15:04:15] [I] Average on 10 runs - GPU latency: 1.67248 ms - Host latency: 2.95862 ms (enqueue 0.132251 ms)
[04/01/2024-15:04:15] [I] Average on 10 runs - GPU latency: 1.63713 ms - Host latency: 2.94246 ms (enqueue 0.11828 ms)
[04/01/2024-15:04:15] [I] Average on 10 runs - GPU latency: 1.64157 ms - Host latency: 2.94946 ms (enqueue 0.134125 ms)
[04/01/2024-15:04:15] [I] Average on 10 runs - GPU latency: 1.63877 ms - Host latency: 2.94185 ms (enqueue 0.118091 ms)
[04/01/2024-15:04:15] [I] Average on 10 runs - GPU latency: 1.67385 ms - Host latency: 2.9728 ms (enqueue 0.136023 ms)
[04/01/2024-15:04:15] [I] Average on 10 runs - GPU latency: 1.63923 ms - Host latency: 2.94467 ms (enqueue 0.119354 ms)
[04/01/2024-15:04:15] [I] Average on 10 runs - GPU latency: 1.63634 ms - Host latency: 2.93133 ms (enqueue 0.136786 ms)
[04/01/2024-15:04:15] [I] Average on 10 runs - GPU latency: 1.67745 ms - Host latency: 2.96187 ms (enqueue 0.12981 ms)
[04/01/2024-15:04:15] [I] Average on 10 runs - GPU latency: 1.63667 ms - Host latency: 2.93552 ms (enqueue 0.11955 ms)
[04/01/2024-15:04:15] [I] Average on 10 runs - GPU latency: 1.64503 ms - Host latency: 2.96279 ms (enqueue 0.115997 ms)
[04/01/2024-15:04:15] [I] Average on 10 runs - GPU latency: 1.63831 ms - Host latency: 2.94016 ms (enqueue 0.127899 ms)
[04/01/2024-15:04:15] [I] Average on 10 runs - GPU latency: 1.6426 ms - Host latency: 2.94299 ms (enqueue 0.121741 ms)
[04/01/2024-15:04:15] [I] Average on 10 runs - GPU latency: 1.63572 ms - Host latency: 2.92908 ms (enqueue 0.124316 ms)
[04/01/2024-15:04:15] [I] Average on 10 runs - GPU latency: 1.64229 ms - Host latency: 2.94799 ms (enqueue 0.139368 ms)
[04/01/2024-15:04:15] [I] Average on 10 runs - GPU latency: 1.63602 ms - Host latency: 2.9295 ms (enqueue 0.143127 ms)
[04/01/2024-15:04:15] [I] Average on 10 runs - GPU latency: 1.67941 ms - Host latency: 2.98883 ms (enqueue 0.127161 ms)
[04/01/2024-15:04:15] [I] Average on 10 runs - GPU latency: 1.63403 ms - Host latency: 2.92524 ms (enqueue 0.137183 ms)
[04/01/2024-15:04:15] [I] Average on 10 runs - GPU latency: 1.67816 ms - Host latency: 2.97705 ms (enqueue 0.125391 ms)
[04/01/2024-15:04:15] [I] Average on 10 runs - GPU latency: 1.63813 ms - Host latency: 2.9394 ms (enqueue 0.118182 ms)
[04/01/2024-15:04:15] [I] Average on 10 runs - GPU latency: 1.64513 ms - Host latency: 2.95668 ms (enqueue 0.130206 ms)
[04/01/2024-15:04:15] [I] Average on 10 runs - GPU latency: 1.63942 ms - Host latency: 2.94099 ms (enqueue 0.117444 ms)
[04/01/2024-15:04:15] [I] Average on 10 runs - GPU latency: 1.82599 ms - Host latency: 3.09553 ms (enqueue 0.355554 ms)
[04/01/2024-15:04:15] [I] Average on 10 runs - GPU latency: 1.63416 ms - Host latency: 2.92949 ms (enqueue 0.156671 ms)
[04/01/2024-15:04:15] [I] Average on 10 runs - GPU latency: 1.64164 ms - Host latency: 2.94764 ms (enqueue 0.143915 ms)
[04/01/2024-15:04:15] [I] Average on 10 runs - GPU latency: 1.63441 ms - Host latency: 2.9347 ms (enqueue 0.118268 ms)
[04/01/2024-15:04:15] [I] Average on 10 runs - GPU latency: 1.67662 ms - Host latency: 2.9761 ms (enqueue 0.137958 ms)
[04/01/2024-15:04:15] [I] Average on 10 runs - GPU latency: 1.63922 ms - Host latency: 2.94412 ms (enqueue 0.121143 ms)
[04/01/2024-15:04:15] [I] Average on 10 runs - GPU latency: 1.67617 ms - Host latency: 2.94308 ms (enqueue 0.128082 ms)
[04/01/2024-15:04:15] [I] Average on 10 runs - GPU latency: 1.64213 ms - Host latency: 2.94022 ms (enqueue 0.106415 ms)
[04/01/2024-15:04:15] [I] Average on 10 runs - GPU latency: 1.67205 ms - Host latency: 2.96507 ms (enqueue 0.0908569 ms)
[04/01/2024-15:04:15] [I] Average on 10 runs - GPU latency: 1.65811 ms - Host latency: 2.97313 ms (enqueue 0.0898132 ms)
[04/01/2024-15:04:15] [I] Average on 10 runs - GPU latency: 1.66031 ms - Host latency: 2.96788 ms (enqueue 0.109741 ms)
[04/01/2024-15:04:15] [I] Average on 10 runs - GPU latency: 1.68127 ms - Host latency: 3.01076 ms (enqueue 0.0837708 ms)
[04/01/2024-15:04:15] [I] Average on 10 runs - GPU latency: 1.63636 ms - Host latency: 2.95487 ms (enqueue 0.0711914 ms)
[04/01/2024-15:04:15] [I] Average on 10 runs - GPU latency: 1.64181 ms - Host latency: 2.97483 ms (enqueue 0.0745239 ms)
[04/01/2024-15:04:15] [I] Average on 10 runs - GPU latency: 1.6361 ms - Host latency: 2.94711 ms (enqueue 0.0961304 ms)
[04/01/2024-15:04:15] [I] Average on 10 runs - GPU latency: 1.64244 ms - Host latency: 2.95466 ms (enqueue 0.1297 ms)
[04/01/2024-15:04:15] [I] Average on 10 runs - GPU latency: 1.63599 ms - Host latency: 2.91641 ms (enqueue 0.154944 ms)
[04/01/2024-15:04:15] [I] Average on 10 runs - GPU latency: 1.67887 ms - Host latency: 2.96962 ms (enqueue 0.18042 ms)
[04/01/2024-15:04:15] [I] Average on 10 runs - GPU latency: 1.63525 ms - Host latency: 2.92012 ms (enqueue 0.155688 ms)
[04/01/2024-15:04:15] [I] Average on 10 runs - GPU latency: 1.64327 ms - Host latency: 2.92832 ms (enqueue 0.18031 ms)
[04/01/2024-15:04:15] [I] Average on 10 runs - GPU latency: 1.63257 ms - Host latency: 2.92802 ms (enqueue 0.122241 ms)
[04/01/2024-15:04:15] [I] Average on 10 runs - GPU latency: 1.64469 ms - Host latency: 2.95181 ms (enqueue 0.137769 ms)
[04/01/2024-15:04:15] [I] Average on 10 runs - GPU latency: 1.63437 ms - Host latency: 2.92787 ms (enqueue 0.122461 ms)
[04/01/2024-15:04:15] [I] Average on 10 runs - GPU latency: 1.68076 ms - Host latency: 2.98361 ms (enqueue 0.137048 ms)
[04/01/2024-15:04:15] [I] Average on 10 runs - GPU latency: 1.63547 ms - Host latency: 2.93612 ms (enqueue 0.117139 ms)
[04/01/2024-15:04:15] [I] Average on 10 runs - GPU latency: 1.67667 ms - Host latency: 2.98051 ms (enqueue 0.126465 ms)
[04/01/2024-15:04:15] [I] Average on 10 runs - GPU latency: 1.63441 ms - Host latency: 2.93502 ms (enqueue 0.116711 ms)
[04/01/2024-15:04:15] [I] Average on 10 runs - GPU latency: 1.64885 ms - Host latency: 2.96827 ms (enqueue 0.142383 ms)
[04/01/2024-15:04:15] [I] Average on 10 runs - GPU latency: 1.63727 ms - Host latency: 2.92664 ms (enqueue 0.144604 ms)
[04/01/2024-15:04:15] [I] Average on 10 runs - GPU latency: 1.64397 ms - Host latency: 2.95052 ms (enqueue 0.144897 ms)
[04/01/2024-15:04:15] [I] Average on 10 runs - GPU latency: 1.63478 ms - Host latency: 2.92247 ms (enqueue 0.130603 ms)
[04/01/2024-15:04:15] [I] Average on 10 runs - GPU latency: 1.64314 ms - Host latency: 2.95228 ms (enqueue 0.139111 ms)
[04/01/2024-15:04:15] [I] Average on 10 runs - GPU latency: 1.63575 ms - Host latency: 2.94083 ms (enqueue 0.115613 ms)
[04/01/2024-15:04:15] [I] Average on 10 runs - GPU latency: 1.67546 ms - Host latency: 2.96356 ms (enqueue 0.141992 ms)
[04/01/2024-15:04:15] [I] Average on 10 runs - GPU latency: 1.63545 ms - Host latency: 2.93508 ms (enqueue 0.118213 ms)
[04/01/2024-15:04:15] [I] Average on 10 runs - GPU latency: 1.64358 ms - Host latency: 2.95004 ms (enqueue 0.138513 ms)
[04/01/2024-15:04:15] [I] Average on 10 runs - GPU latency: 1.63787 ms - Host latency: 2.948 ms (enqueue 0.117175 ms)
[04/01/2024-15:04:15] [I] Average on 10 runs - GPU latency: 1.68158 ms - Host latency: 2.98492 ms (enqueue 0.146301 ms)
[04/01/2024-15:04:15] [I] Average on 10 runs - GPU latency: 1.65729 ms - Host latency: 2.94463 ms (enqueue 0.13009 ms)
[04/01/2024-15:04:15] [I] Average on 10 runs - GPU latency: 1.65525 ms - Host latency: 2.95146 ms (enqueue 0.144226 ms)
[04/01/2024-15:04:15] [I] Average on 10 runs - GPU latency: 1.64161 ms - Host latency: 2.95375 ms (enqueue 0.111609 ms)
[04/01/2024-15:04:15] [I] Average on 10 runs - GPU latency: 1.63911 ms - Host latency: 2.93163 ms (enqueue 0.152319 ms)
[04/01/2024-15:04:15] [I] Average on 10 runs - GPU latency: 1.64027 ms - Host latency: 2.9457 ms (enqueue 0.133875 ms)
[04/01/2024-15:04:15] [I] Average on 10 runs - GPU latency: 1.6764 ms - Host latency: 2.96312 ms (enqueue 0.158716 ms)
[04/01/2024-15:04:15] [I] Average on 10 runs - GPU latency: 1.67622 ms - Host latency: 2.97107 ms (enqueue 0.124097 ms)
[04/01/2024-15:04:15] [I] Average on 10 runs - GPU latency: 1.63582 ms - Host latency: 2.92194 ms (enqueue 0.14386 ms)
[04/01/2024-15:04:15] [I] Average on 10 runs - GPU latency: 1.64351 ms - Host latency: 2.95658 ms (enqueue 0.126392 ms)
[04/01/2024-15:04:15] [I] Average on 10 runs - GPU latency: 1.63437 ms - Host latency: 2.92292 ms (enqueue 0.130188 ms)
[04/01/2024-15:04:15] [I] Average on 10 runs - GPU latency: 1.67899 ms - Host latency: 2.98629 ms (enqueue 0.132092 ms)
[04/01/2024-15:04:15] [I] Average on 10 runs - GPU latency: 1.63462 ms - Host latency: 2.93107 ms (enqueue 0.130298 ms)
[04/01/2024-15:04:15] [I] Average on 10 runs - GPU latency: 1.67629 ms - Host latency: 2.93275 ms (enqueue 0.147168 ms)
[04/01/2024-15:04:15] [I] Average on 10 runs - GPU latency: 1.63417 ms - Host latency: 2.93434 ms (enqueue 0.115979 ms)
[04/01/2024-15:04:15] [I] Average on 10 runs - GPU latency: 1.6446 ms - Host latency: 2.94301 ms (enqueue 0.151941 ms)
[04/01/2024-15:04:15] [I] Average on 10 runs - GPU latency: 1.63347 ms - Host latency: 2.93261 ms (enqueue 0.12229 ms)
[04/01/2024-15:04:15] [I] Average on 10 runs - GPU latency: 1.6436 ms - Host latency: 2.94443 ms (enqueue 0.138037 ms)
[04/01/2024-15:04:15] [I] Average on 10 runs - GPU latency: 1.63633 ms - Host latency: 2.92843 ms (enqueue 0.135266 ms)
[04/01/2024-15:04:15] [I] Average on 10 runs - GPU latency: 1.68182 ms - Host latency: 2.98215 ms (enqueue 0.154285 ms)
[04/01/2024-15:04:15] [I] Average on 10 runs - GPU latency: 1.63475 ms - Host latency: 2.92906 ms (enqueue 0.125513 ms)
[04/01/2024-15:04:15] [I] Average on 10 runs - GPU latency: 1.67441 ms - Host latency: 2.95808 ms (enqueue 0.14502 ms)
[04/01/2024-15:04:15] [I] Average on 10 runs - GPU latency: 1.63385 ms - Host latency: 2.92913 ms (enqueue 0.117529 ms)
[04/01/2024-15:04:15] [I] Average on 10 runs - GPU latency: 1.64395 ms - Host latency: 2.92402 ms (enqueue 0.212158 ms)
[04/01/2024-15:04:15] [I] Average on 10 runs - GPU latency: 1.63496 ms - Host latency: 2.90714 ms (enqueue 0.167957 ms)
[04/01/2024-15:04:15] [I] Average on 10 runs - GPU latency: 1.64729 ms - Host latency: 2.94646 ms (enqueue 0.175378 ms)
[04/01/2024-15:04:15] [I] Average on 10 runs - GPU latency: 1.63314 ms - Host latency: 2.91677 ms (enqueue 0.152087 ms)
[04/01/2024-15:04:15] [I] Average on 10 runs - GPU latency: 1.64503 ms - Host latency: 2.93444 ms (enqueue 0.174866 ms)
[04/01/2024-15:04:15] [I] Average on 10 runs - GPU latency: 1.63602 ms - Host latency: 2.92073 ms (enqueue 0.16095 ms)
[04/01/2024-15:04:15] [I] Average on 10 runs - GPU latency: 1.64146 ms - Host latency: 2.91563 ms (enqueue 0.17511 ms)
[04/01/2024-15:04:15] [I] Average on 10 runs - GPU latency: 1.64028 ms - Host latency: 2.9356 ms (enqueue 0.159497 ms)
[04/01/2024-15:04:15] [I] Average on 10 runs - GPU latency: 1.63887 ms - Host latency: 2.87236 ms (enqueue 0.163892 ms)
[04/01/2024-15:04:15] [I] Average on 10 runs - GPU latency: 1.64269 ms - Host latency: 2.93892 ms (enqueue 0.165527 ms)
[04/01/2024-15:04:15] [I] Average on 10 runs - GPU latency: 1.64025 ms - Host latency: 2.92185 ms (enqueue 0.172424 ms)
[04/01/2024-15:04:15] [I] Average on 10 runs - GPU latency: 1.67854 ms - Host latency: 2.96715 ms (enqueue 0.154785 ms)
[04/01/2024-15:04:15] [I] Average on 10 runs - GPU latency: 1.64257 ms - Host latency: 2.93942 ms (enqueue 0.148755 ms)
[04/01/2024-15:04:15] [I] Average on 10 runs - GPU latency: 1.64238 ms - Host latency: 2.97067 ms (enqueue 0.0753418 ms)
[04/01/2024-15:04:15] [I] Average on 10 runs - GPU latency: 1.63479 ms - Host latency: 2.95593 ms (enqueue 0.0716797 ms)
[04/01/2024-15:04:15] [I] Average on 10 runs - GPU latency: 1.67839 ms - Host latency: 3.0064 ms (enqueue 0.0835205 ms)
[04/01/2024-15:04:15] [I] Average on 10 runs - GPU latency: 1.6355 ms - Host latency: 2.94092 ms (enqueue 0.104175 ms)
[04/01/2024-15:04:15] [I] Average on 10 runs - GPU latency: 1.67761 ms - Host latency: 2.98013 ms (enqueue 0.13064 ms)
[04/01/2024-15:04:15] [I] Average on 10 runs - GPU latency: 1.63479 ms - Host latency: 2.91428 ms (enqueue 0.156152 ms)
[04/01/2024-15:04:15] [I] Average on 10 runs - GPU latency: 1.64534 ms - Host latency: 2.94219 ms (enqueue 0.170874 ms)
[04/01/2024-15:04:15] [I] Average on 10 runs - GPU latency: 1.63401 ms - Host latency: 2.91008 ms (enqueue 0.160938 ms)
[04/01/2024-15:04:15] [I] Average on 10 runs - GPU latency: 1.677 ms - Host latency: 2.9564 ms (enqueue 0.173779 ms)
[04/01/2024-15:04:15] [I] Average on 10 runs - GPU latency: 1.6342 ms - Host latency: 2.91228 ms (enqueue 0.158423 ms)
[04/01/2024-15:04:15] [I] Average on 10 runs - GPU latency: 1.67815 ms - Host latency: 2.95425 ms (enqueue 0.177393 ms)
[04/01/2024-15:04:15] [I] Average on 10 runs - GPU latency: 1.63447 ms - Host latency: 2.90776 ms (enqueue 0.162988 ms)
[04/01/2024-15:04:15] [I] Average on 10 runs - GPU latency: 1.64536 ms - Host latency: 2.94397 ms (enqueue 0.168726 ms)
[04/01/2024-15:04:15] [I] Average on 10 runs - GPU latency: 1.63596 ms - Host latency: 2.91709 ms (enqueue 0.16228 ms)
[04/01/2024-15:04:15] [I] Average on 10 runs - GPU latency: 1.67803 ms - Host latency: 2.96477 ms (enqueue 0.174829 ms)
[04/01/2024-15:04:15] [I] Average on 10 runs - GPU latency: 1.63411 ms - Host latency: 2.91421 ms (enqueue 0.15979 ms)
[04/01/2024-15:04:15] [I] Average on 10 runs - GPU latency: 1.64351 ms - Host latency: 2.87971 ms (enqueue 0.181567 ms)
[04/01/2024-15:04:15] [I] Average on 10 runs - GPU latency: 1.63452 ms - Host latency: 2.90855 ms (enqueue 0.168945 ms)
[04/01/2024-15:04:15] [I] Average on 10 runs - GPU latency: 1.64414 ms - Host latency: 2.93213 ms (enqueue 0.181665 ms)
[04/01/2024-15:04:15] [I] Average on 10 runs - GPU latency: 1.63489 ms - Host latency: 2.91707 ms (enqueue 0.157227 ms)
[04/01/2024-15:04:15] [I] Average on 10 runs - GPU latency: 1.67385 ms - Host latency: 2.94006 ms (enqueue 0.181958 ms)
[04/01/2024-15:04:15] [I] Average on 10 runs - GPU latency: 1.63472 ms - Host latency: 2.91904 ms (enqueue 0.154395 ms)
[04/01/2024-15:04:15] [I] Average on 10 runs - GPU latency: 1.63977 ms - Host latency: 2.92654 ms (enqueue 0.174463 ms)
[04/01/2024-15:04:15] [I] Average on 10 runs - GPU latency: 1.63831 ms - Host latency: 2.9304 ms (enqueue 0.158887 ms)
[04/01/2024-15:04:15] [I] Average on 10 runs - GPU latency: 1.64568 ms - Host latency: 2.93862 ms (enqueue 0.16875 ms)
[04/01/2024-15:04:15] [I] Average on 10 runs - GPU latency: 1.64031 ms - Host latency: 2.93123 ms (enqueue 0.155615 ms)
[04/01/2024-15:04:15] [I] Average on 10 runs - GPU latency: 1.63765 ms - Host latency: 2.91931 ms (enqueue 0.180127 ms)
[04/01/2024-15:04:15] [I] Average on 10 runs - GPU latency: 1.64031 ms - Host latency: 2.93142 ms (enqueue 0.155591 ms)
[04/01/2024-15:04:15] [I] Average on 10 runs - GPU latency: 1.63945 ms - Host latency: 2.91899 ms (enqueue 0.171118 ms)
[04/01/2024-15:04:15] [I] Average on 10 runs - GPU latency: 1.64514 ms - Host latency: 2.94629 ms (enqueue 0.157544 ms)
[04/01/2024-15:04:15] [I] Average on 10 runs - GPU latency: 1.64072 ms - Host latency: 2.92666 ms (enqueue 0.163403 ms)
[04/01/2024-15:04:15] [I] Average on 10 runs - GPU latency: 1.63857 ms - Host latency: 2.88743 ms (enqueue 0.16394 ms)
[04/01/2024-15:04:15] [I] Average on 10 runs - GPU latency: 1.63748 ms - Host latency: 2.93555 ms (enqueue 0.119678 ms)
[04/01/2024-15:04:15] [I] Average on 10 runs - GPU latency: 1.67571 ms - Host latency: 2.96936 ms (enqueue 0.1271 ms)
[04/01/2024-15:04:15] [I] Average on 10 runs - GPU latency: 1.63437 ms - Host latency: 2.93647 ms (enqueue 0.116797 ms)
[04/01/2024-15:04:15] [I] Average on 10 runs - GPU latency: 1.64517 ms - Host latency: 2.96006 ms (enqueue 0.13208 ms)
[04/01/2024-15:04:15] [I] Average on 10 runs - GPU latency: 1.6387 ms - Host latency: 2.9447 ms (enqueue 0.117285 ms)
[04/01/2024-15:04:15] [I] Average on 10 runs - GPU latency: 1.64358 ms - Host latency: 2.95803 ms (enqueue 0.124878 ms)
[04/01/2024-15:04:15] [I] Average on 10 runs - GPU latency: 1.63496 ms - Host latency: 2.93379 ms (enqueue 0.11521 ms)
[04/01/2024-15:04:15] [I] Average on 10 runs - GPU latency: 1.64431 ms - Host latency: 2.95562 ms (enqueue 0.138867 ms)
[04/01/2024-15:04:15] [I] Average on 10 runs - GPU latency: 1.63403 ms - Host latency: 2.92922 ms (enqueue 0.118701 ms)
[04/01/2024-15:04:15] [I] Average on 10 runs - GPU latency: 1.67568 ms - Host latency: 2.97214 ms (enqueue 0.124536 ms)
[04/01/2024-15:04:15] [I] Average on 10 runs - GPU latency: 1.63865 ms - Host latency: 2.94312 ms (enqueue 0.115674 ms)
[04/01/2024-15:04:15] [I] Average on 10 runs - GPU latency: 1.64309 ms - Host latency: 2.95823 ms (enqueue 0.122876 ms)
[04/01/2024-15:04:15] [I] Average on 10 runs - GPU latency: 1.63484 ms - Host latency: 2.93325 ms (enqueue 0.122681 ms)
[04/01/2024-15:04:15] [I] Average on 10 runs - GPU latency: 1.6761 ms - Host latency: 2.9748 ms (enqueue 0.131396 ms)
[04/01/2024-15:04:15] [I] Average on 10 runs - GPU latency: 1.63608 ms - Host latency: 2.93213 ms (enqueue 0.129761 ms)
[04/01/2024-15:04:15] [I] Average on 10 runs - GPU latency: 1.67925 ms - Host latency: 2.9781 ms (enqueue 0.127856 ms)
[04/01/2024-15:04:15] [I] Average on 10 runs - GPU latency: 1.6365 ms - Host latency: 2.93787 ms (enqueue 0.117896 ms)
[04/01/2024-15:04:15] [I] Average on 10 runs - GPU latency: 1.64731 ms - Host latency: 2.95879 ms (enqueue 0.13042 ms)
[04/01/2024-15:04:15] [I] Average on 10 runs - GPU latency: 1.63413 ms - Host latency: 2.92361 ms (enqueue 0.126855 ms)
[04/01/2024-15:04:15] [I] Average on 10 runs - GPU latency: 1.6416 ms - Host latency: 2.95466 ms (enqueue 0.128125 ms)
[04/01/2024-15:04:15] [I] Average on 10 runs - GPU latency: 1.6344 ms - Host latency: 2.93052 ms (enqueue 0.120605 ms)
[04/01/2024-15:04:15] [I] Average on 10 runs - GPU latency: 1.64167 ms - Host latency: 2.9522 ms (enqueue 0.124463 ms)
[04/01/2024-15:04:15] [I] Average on 10 runs - GPU latency: 1.63408 ms - Host latency: 2.93262 ms (enqueue 0.116699 ms)
[04/01/2024-15:04:15] [I] Average on 10 runs - GPU latency: 1.67844 ms - Host latency: 2.94688 ms (enqueue 0.134863 ms)
[04/01/2024-15:04:15] [I] Average on 10 runs - GPU latency: 1.64236 ms - Host latency: 2.95659 ms (enqueue 0.119214 ms)
[04/01/2024-15:04:15] [I] Average on 10 runs - GPU latency: 1.64167 ms - Host latency: 2.9321 ms (enqueue 0.0986816 ms)
[04/01/2024-15:04:15] [I] Average on 10 runs - GPU latency: 1.64529 ms - Host latency: 2.98218 ms (enqueue 0.0748291 ms)
[04/01/2024-15:04:15] [I] Average on 10 runs - GPU latency: 1.64404 ms - Host latency: 2.97981 ms (enqueue 0.0769531 ms)
[04/01/2024-15:04:15] [I] Average on 10 runs - GPU latency: 1.67393 ms - Host latency: 2.98354 ms (enqueue 0.0985352 ms)
[04/01/2024-15:04:15] [I] Average on 10 runs - GPU latency: 1.63713 ms - Host latency: 2.94592 ms (enqueue 0.101343 ms)
[04/01/2024-15:04:15] [I] Average on 10 runs - GPU latency: 1.64265 ms - Host latency: 2.93367 ms (enqueue 0.112329 ms)
[04/01/2024-15:04:15] [I] Average on 10 runs - GPU latency: 1.63484 ms - Host latency: 2.94658 ms (enqueue 0.108496 ms)
[04/01/2024-15:04:15] [I] Average on 10 runs - GPU latency: 1.64314 ms - Host latency: 2.94758 ms (enqueue 0.143799 ms)
[04/01/2024-15:04:15] [I] Average on 10 runs - GPU latency: 1.63711 ms - Host latency: 2.93894 ms (enqueue 0.116675 ms)
[04/01/2024-15:04:15] [I] Average on 10 runs - GPU latency: 1.67681 ms - Host latency: 2.98381 ms (enqueue 0.130688 ms)
[04/01/2024-15:04:15] [I] Average on 10 runs - GPU latency: 1.63525 ms - Host latency: 2.93467 ms (enqueue 0.116504 ms)
[04/01/2024-15:04:15] [I] Average on 10 runs - GPU latency: 1.6387 ms - Host latency: 2.88149 ms (enqueue 0.130737 ms)
[04/01/2024-15:04:15] [I] Average on 10 runs - GPU latency: 1.63643 ms - Host latency: 2.93389 ms (enqueue 0.121802 ms)
[04/01/2024-15:04:15] [I] 
[04/01/2024-15:04:15] [I] === Performance summary ===
[04/01/2024-15:04:15] [I] Throughput: 604.101 qps
[04/01/2024-15:04:15] [I] Latency: min = 2.60242 ms, max = 4.22229 ms, mean = 2.94435 ms, median = 2.93591 ms, percentile(90%) = 2.99121 ms, percentile(95%) = 3.02588 ms, percentile(99%) = 3.22168 ms
[04/01/2024-15:04:15] [I] Enqueue Time: min = 0.0541992 ms, max = 2.45947 ms, mean = 0.136409 ms, median = 0.145752 ms, percentile(90%) = 0.187012 ms, percentile(95%) = 0.202881 ms, percentile(99%) = 0.234863 ms
[04/01/2024-15:04:15] [I] H2D Latency: min = 0.608398 ms, max = 1.0498 ms, mean = 0.934172 ms, median = 0.930695 ms, percentile(90%) = 0.967102 ms, percentile(95%) = 0.969971 ms, percentile(99%) = 0.988403 ms
[04/01/2024-15:04:15] [I] GPU Compute Time: min = 1.62305 ms, max = 3.12097 ms, mean = 1.64821 ms, median = 1.63672 ms, percentile(90%) = 1.65625 ms, percentile(95%) = 1.67126 ms, percentile(99%) = 1.92261 ms
[04/01/2024-15:04:15] [I] D2H Latency: min = 0.149414 ms, max = 0.435547 ms, mean = 0.361973 ms, median = 0.358887 ms, percentile(90%) = 0.385498 ms, percentile(95%) = 0.398682 ms, percentile(99%) = 0.414062 ms
[04/01/2024-15:04:15] [I] Total Host Walltime: 3.00446 s
[04/01/2024-15:04:15] [I] Total GPU Compute Time: 2.99151 s
[04/01/2024-15:04:15] [W] * GPU compute time is unstable, with coefficient of variance = 3.4242%.
[04/01/2024-15:04:15] [W]   If not already in use, locking GPU clock frequency or adding --useSpinWait may improve the stability.
[04/01/2024-15:04:15] [I] Explanations of the performance metrics are printed in the verbose logs.
[04/01/2024-15:04:15] [V] 
[04/01/2024-15:04:15] [V] === Explanations of the performance metrics ===
[04/01/2024-15:04:15] [V] Total Host Walltime: the host walltime from when the first query (after warmups) is enqueued to when the last query is completed.
[04/01/2024-15:04:15] [V] GPU Compute Time: the GPU latency to execute the kernels for a query.
[04/01/2024-15:04:15] [V] Total GPU Compute Time: the summation of the GPU Compute Time of all the queries. If this is significantly shorter than Total Host Walltime, the GPU may be under-utilized because of host-side overheads or data transfers.
[04/01/2024-15:04:15] [V] Throughput: the observed throughput computed by dividing the number of queries by the Total Host Walltime. If this is significantly lower than the reciprocal of GPU Compute Time, the GPU may be under-utilized because of host-side overheads or data transfers.
[04/01/2024-15:04:15] [V] Enqueue Time: the host latency to enqueue a query. If this is longer than GPU Compute Time, the GPU may be under-utilized.
[04/01/2024-15:04:15] [V] H2D Latency: the latency for host-to-device data transfers for input tensors of a single query.
[04/01/2024-15:04:15] [V] D2H Latency: the latency for device-to-host data transfers for output tensors of a single query.
[04/01/2024-15:04:15] [V] Latency: the summation of H2D Latency, GPU Compute Time, and D2H Latency. This is the latency to infer a single query.
[04/01/2024-15:04:15] [I] 
[04/01/2024-15:04:18] [I] 
[04/01/2024-15:04:18] [I] === Profile (1422 iterations ) ===
[04/01/2024-15:04:18] [I]                                                         Layer   Time (ms)   Avg. Time (ms)   Median Time (ms)   Time %
[04/01/2024-15:04:18] [I]   Reformatting CopyNode for Input Tensor 0 to Conv_0 + Relu_1      372.88           0.2622             0.2619     16.4
[04/01/2024-15:04:18] [I]                                               Conv_0 + Relu_1     1149.10           0.8081             0.8081     50.7
[04/01/2024-15:04:18] [I]                                               Conv_2 + Relu_3      341.57           0.2402             0.2396     15.1
[04/01/2024-15:04:18] [I]                                               Conv_4 + Relu_5      304.81           0.2144             0.2140     13.4
[04/01/2024-15:04:18] [I]  Reformatting CopyNode for Output Tensor 0 to Conv_4 + Relu_5       98.62           0.0694             0.0684      4.4
[04/01/2024-15:04:18] [I]                                                         Total     2266.99           1.5942             1.5924    100.0
[04/01/2024-15:04:18] [I] 
&&&& PASSED TensorRT.trtexec [TensorRT v8502] # trtexec --onnx=model/resnet50int8/camera.vtransform.onnx --fp16 --inputIOFormats=fp16:chw, --outputIOFormats=fp16:chw, --saveEngine=model/resnet50int8/build/camera.vtransform.plan --memPoolSize=workspace:2048 --verbose --dumpLayerInfo --dumpProfile --separateProfileRun --profilingVerbosity=detailed --exportLayerInfo=model/resnet50int8/build/camera.vtransform.json
